1e-09,0.498422682931702,0.251579805021017,0.499995024094562,0.248425170884421,0.999999999063293
1.02807322383086e-09,0.498377969737874,0.251624661268549,0.499994737987154,0.248380600744297,0.999999999037019
1.05693455355799e-09,0.498331976357424,0.251670805970385,0.499994435344382,0.248334758685233,0.99999999901001
1.0866061138546e-09,0.498284665404685,0.251718276993731,0.499994115203169,0.2482876078031,0.999999998982243
1.11711065050482e-09,0.498235998359744,0.25176711336841,0.499993776543693,0.248239110087897,0.999999998953699
1.14847154784029e-09,0.498185935531566,0.251817355325442,0.499993418285984,0.248189226388574,0.999999998924355
1.18071284666619e-09,0.498134436019786,0.251869044337057,0.499993039286313,0.248137916376629,0.999999998894189
1.21385926269063e-09,0.498081457675093,0.251922223158227,0.49999263833336,0.248085138508414,0.999999998863178
1.24793620547131e-09,0.49802695705817,0.251976935869759,0.499992214144142,0.248030849986099,0.999999998831298
1.28296979789415e-09,0.497970889397102,0.25203322792305,0.499991765359696,0.247975006717254,0.999999998798526
1.31898689619867e-09,0.497913208543212,0.252091146186543,0.499991290540489,0.247917563272967,0.999999998764835
1.35601511056563e-09,0.497853866925236,0.252150738993993,0.499990788161543,0.247858472844464,0.999999998730201
1.39408282628258e-09,0.497792815501771,0.252212056194599,0.499990256607258,0.247797687198142,0.999999998694596
1.43321922550358e-09,0.497730003711929,0.252275149205114,0.499989694165913,0.247735156628973,0.999999998657995
1.47345430961984e-09,0.497665379424096,0.252340071063993,0.499989099023821,0.247670829912185,0.999999998620368
1.51481892225835e-09,0.497598888882732,0.252406876487709,0.499988469259118,0.247604654253173,0.999999998581689
1.55734477292614e-09,0.497530476653115,0.252475621929306,0.499987802835158,0.247536575235536,0.999999998541927
1.60106446131832e-09,0.497460085563928,0.25254636563932,0.499987097593504,0.247466536767176,0.999999998501051
1.64601150230855e-09,0.497387656647603,0.252619167729168,0.499986351246457,0.247394481024374,0.999999998459031
1.69222035164104e-09,0.497313129078308,0.252694090237128,0.499985561369127,0.247320348393745,0.999999998415835
1.7397264323438e-09,0.497236440107473,0.252771197197031,0.499984725390992,0.247244077411977,0.99999999837143
1.78856616188346e-09,0.497157524996731,0.252850554709808,0.499983840586922,0.24716560470327,0.999999998325783
1.83877698008233e-09,0.497076316948164,0.252932231018023,0.499982904067627,0.24708486491435,0.999999998278858
1.89039737781922e-09,0.496992747031709,0.253016296583544,0.499981912769494,0.247001790646962,0.999999998230621
1.94346692653602e-09,0.496906744109603,0.253102824168512,0.499980863443769,0.246916312387718,0.999999998181034
1.99802630857255e-09,0.496818234757706,0.253191888919774,0.49997975264504,0.246828358435186,0.99999999813006
2.05411734835306e-09,0.496727143183566,0.253283568456947,0.499978576718975,0.246737854824078,0.999999998077659
2.11178304444824e-09,0.496633391141046,0.253377942964323,0.499977331789263,0.246644725246414,0.999999998023794
2.17106760253726e-09,0.496536897841359,0.253475095286789,0.499976013743704,0.246548890969507,0.999999997968423
2.23201646929523e-09,0.496437579860316,0.253575111029991,0.499974618219385,0.246450270750623,0.999999997911503
2.29467636723194e-09,0.496335351041603,0.253678078664952,0.49997314058689,0.246348780748158,0.999999997852992
2.35909533050864e-09,0.496230122395872,0.2537840896374,0.499971575933456,0.246244334429144,0.999999997792845
2.42532274176036e-09,0.49612180199545,0.253893238482034,0.499969919045031,0.246136842472934,0.999999997731018
2.49340936995188e-09,0.496010294864408,0.254005622942029,0.499968164387126,0.246026212670845,0.999999997667463
2.56340740929651e-09,0.495895502863773,0.25412134409403,0.499966306084393,0.245912349821577,0.999999997602132
2.63537051926739e-09,0.495777324571606,0.254240506478972,0.499964337898842,0.245795155622185,0.999999997534975
2.70935386573205e-09,0.495655655157678,0.25436321823903,0.499962253206584,0.245674528554386,0.999999997465943
2.78541416324176e-09,0.495530386252447,0.25448959126105,0.499960044973006,0.245550363765945,0.999999997394983
2.86360971850811e-09,0.495401405810033,0.254619741326836,0.499957705726263,0.245422552946901,0.999999997322042
2.94400047510004e-09,0.495268597964842,0.254753788270676,0.499955227528964,0.245290984200359,0.999999997247063
3.0266480593957e-09,0.495131842881508,0.254891856144534,0.499952601947916,0.24515554190755,0.999999997169993
3.11161582782436e-09,0.494991016597756,0.25503407339135,0.499949820021788,0.245016106586862,0.999999997090771
3.19896891543454e-09,0.494845990859797,0.255180573026934,0.499946872226539,0.244872554746527,0.999999997009339
3.28877428582551e-09,0.494696632949814,0.255331492830962,0.499943748438448,0.244724758730589,0.999999996925635
3.38110078248068e-09,0.4945428055051,0.255486975547619,0.499940437894561,0.24457258655782,0.999999996839596
3.47601918154197e-09,0.494384366328343,0.25564716909648,0.499936929150354,0.244415901753166,0.999999996751158
3.57360224606578e-09,0.494221168188531,0.255812226794255,0.499933210034428,0.244254563171317,0.999999996660254
3.67392478180208e-09,0.494053058611943,0.255982307588073,0.499929267599968,0.244088424811959,0.999999996566816
3.77706369453937e-09,0.493879879662598,0.256157576301024,0.499925088072755,0.243917335626221,0.999999996470775
3.88309804905961e-09,0.493701467711544,0.256338203890733,0.499920656795447,0.243741139313821,0.999999996372057
3.99210912974805e-09,0.493517653194279,0.256524367721805,0.499915958167831,0.243559674110364,0.999999996270591
4.10418050290471e-09,0.493328260355594,0.25671625185303,0.499910975582753,0.243372772564217,0.999999996166298
4.21939808080502e-09,0.493133106981018,0.256914047340305,0.499905691357354,0.243180261302341,0.999999996059103
4.33785018755898e-09,0.492932004114045,0.25711795255632,0.49990008665927,0.24298196078441,0.999999995948923
4.45962762681909e-09,0.492724755758205,0.257328173528113,0.499894141427363,0.242777685044524,0.999999995835679
4.58482375138911e-09,0.492511158563023,0.257544924293696,0.499887834286563,0.242567241419741,0.999999995719285
4.71353453478692e-09,0.492291001492787,0.257768427279049,0.499881142456327,0.242350430264623,0.999999995599654
4.8458586448165e-09,0.492064065477014,0.257998913696889,0.499874041652194,0.242127044650916,0.999999995476698
4.98189751920517e-09,0.491830123041365,0.2582366239687,0.49986650597987,0.24189687005143,0.999999995350326
5.12175544336424e-09,0.491588937917711,0.258481808171684,0.499858507821209,0.241659684007107,0.999999995220444
5.26553963033276e-09,0.491340264631911,0.258734726512381,0.499850017711417,0.241415255776203,0.999999995086955
5.41336030296538e-09,0.491083848067764,0.258995649828873,0.499841004206728,0.2411633459644,0.999999994949761
5.56533077842764e-09,0.49081942300548,0.259264860123652,0.499831433741735,0.240903706134613,0.999999994808761
5.72156755506324e-09,0.490546713632868,0.25954265112939,0.499821270475485,0.240636078395125,0.999999994663851
5.88219040169997e-09,0.490265433027279,0.259829328910043,0.499810476125356,0.240360194964601,0.999999994514924
6.04732244946265e-09,0.489975282606215,0.260125212499966,0.499799009787638,0.240075777712396,0.99999999436187
6.21709028616383e-09,0.489675951544298,0.260430634583881,0.499786827743642,0.239782537672477,0.999999994204579
6.39162405334401e-09,0.489367116154116,0.260745942220866,0.499773883250037,0.239480174529097,0.999999994042933
6.57105754603627e-09,0.489048439228251,0.261071497615762,0.499760126311975,0.239168376072264,0.999999993876815
6.75552831533164e-09,0.488719569339546,0.261407678941729,0.499745503437451,0.23884681762082,0.999999993706104
6.94517777382369e-09,0.488380140096414,0.261754881218012,0.499729957371147,0.238515161410841,0.999999993530675
7.14015130401339e-09,0.488029769349715,0.262113517247361,0.499713426805848,0.238173055946791,0.999999993350402
7.3405983697572e-09,0.487668058347384,0.262484018617957,0.499695846069319,0.237820135312724,0.999999993165153
7.5466726308439e-09,0.487294590832683,0.262866836775164,0.499677144784305,0.237456018440531,0.999999992974795
7.75853206078784e-09,0.486908932081538,0.263262444168932,0.499657247499059,0.237080308332009,0.999999992779189
7.97633906792928e-09,0.486510627873992,0.263671335483244,0.499636073285529,0.236692591231227,0.999999992578197
8.20026061993413e-09,0.486099203394365,0.264094028954621,0.499613535302027,0.236292435743351,0.999999992371672
8.43046837178897e-09,0.485674162054165,0.264531067787416,0.499589540316838,0.235879391895746,0.999999992159468
8.66713879738922e-09,0.485234984231209,0.264983021674379,0.499563988188824,0.235452990136796,0.999999991941433
8.9104533248215e-09,0.484781125917791,0.265450488431874,0.49953677130067,0.235012740267456,0.999999991717412
9.16059847544369e-09,0.484312017270012,0.26593409576006,0.499507773939854,0.234558130300085,0.999999991487247
9.41776600686954e-09,0.483827061049567,0.266434503139474,0.499476871621917,0.234088625238609,0.999999991250776
9.6821530599671e-09,0.483325630948423,0.26695240387662,0.499443930349915,0.233603665773466,0.999999991007832
9.95396230998424e-09,0.482807069785812,0.267488527312564,0.499408805803248,0.233102666884188,0.999999990758245
1.02334021219164e-08,0.482270687565855,0.268043641210042,0.499371342448205,0.232585016341753,0.999999990501841
1.05206867102362e-08,0.481715759382888,0.268618554336291,0.499331372561643,0.232050073102066,0.999999990238443
1.08160363031071e-08,0.481141523160158,0.269214119260769,0.499288715158146,0.231497165581084,0.999999989967869
1.1119677311207e-08,0.480547177206013,0.269831235389081,0.499243174809811,0.230925589801108,0.999999989689934
1.14318425012915e-08,0.479931877569916,0.270470852256893,0.499194540346382,0.230334607396725,0.999999989404448
1.17527711746295e-08,0.479294735178646,0.271133973110394,0.49914258342192,0.229723443467686,0.999999989111218
1.20827093504478e-08,0.478634812730823,0.271821658803008,0.499087056932339,0.229091284264653,0.999999988810046
1.24219099545262e-08,0.477951121325336,0.272535032041623,0.499027693266083,0.228437274692295,0.999999988500732
1.27706330130864e-08,0.477242616796436,0.273275282019662,0.498964202367805,0.227760515612534,0.99999998818307
1.31291458521247e-08,0.476508195724974,0.274043669478943,0.498896269592165,0.227060060928891,0.999999987856852
1.34977233023394e-08,0.475746691091642,0.274841532247516,0.498823553321685,0.226334914430799,0.999999987521866
1.38766479098131e-08,0.474956867533868,0.275670291306681,0.498745682318903,0.225584026374416,0.999999987177896
1.42662101526074e-08,0.474137416163301,0.276531457447282,0.498662252778834,0.224806289773883,0.999999986824722
1.46667086634397e-08,0.473286948895396,0.277426638583209,0.498572825042789,0.224000536374001,0.999999986462123
1.50784504586105e-08,0.472403992236472,0.278357547799107,0.498476919928843,0.22316553227205,0.999999986089872
1.55017511733577e-08,0.471486980466543,0.279326012219678,0.498374014627558,0.222299973152764,0.999999985707742
1.59369353038178e-08,0.47053424814821,0.280333982799921,0.498263538103739,0.22140247909634,0.999999985315503
1.63843364557798e-08,0.469544021882612,0.281383545149488,0.498144865935801,0.220471588914711,0.999999984912921
1.68442976004231e-08,0.468514411222915,0.282476931520269,0.498017314513633,0.219505753966098,0.999999984499763
1.73171713372335e-08,0.467443398643602,0.283616534104829,0.497880134503139,0.218503331392032,0.999999984075793
1.78033201643011e-08,0.466328828449881,0.284804919814731,0.497732503470775,0.217462576714494,0.999999983640776
1.83031167562061e-08,0.465168394495439,0.286044846732664,0.497573517543795,0.216381635723541,0.999999983194475
1.88169442497056e-08,0.463959626558223,0.287339282461239,0.497402181961078,0.215258535577684,0.999999982736655
1.93451965374404e-08,0.462699875202621,0.288691424625042,0.497217400344674,0.214091175030284,0.999999982267085
1.98882785698881e-08,0.461386294931789,0.290104723821781,0.49701796249286,0.212877313685358,0.999999981785534
2.04466066657912e-08,0.460015825405524,0.291582909364278,0.496802530460396,0.211614560175326,0.999999981291776
2.10206088313016e-08,0.45858517046649,0.293130018208567,0.496569622649887,0.210300359141546,0.999999980785591
2.16107250880838e-08,0.457090774680006,0.294750427525958,0.496317595588071,0.208931976885971,0.999999980266768
2.22174078106288e-08,0.455528797049604,0.296448891449988,0.496044623000815,0.207506485549197,0.999999979735101
2.28411220730383e-08,0.453895081521249,0.298230582614487,0.495748671728528,0.206020745656985,0.999999979190401
2.34823460055428e-08,0.452185123833077,0.300101139198417,0.495427473937013,0.20447138686457,0.99999997863249
2.41415711610302e-08,0.450394034204072,0.302066718308742,0.495078494974373,0.202854786716886,0.99999997806121
2.48193028918626e-08,0.44851649528412,0.304134056666447,0.494698896098868,0.201167047234686,0.999999977476421
2.55160607372719e-08,0.446546714709464,0.306310539714969,0.494285491151134,0.199403969133898,0.999999976878013
2.62323788216312e-08,0.444478371522821,0.308604280446281,0.493834696061794,0.197561023491924,0.999999976265904
2.69688062639069e-08,0.442304555628519,0.311024209438272,0.493342469866417,0.19563332069531,0.99999997564005
2.77259075986048e-08,0.440017699364638,0.313580177816672,0.492804245637382,0.193615576545947,0.999999975000451
2.85042632085343e-08,0.43760950019405,0.316283075091067,0.492214849429767,0.191502075479166,0.99999997434716
2.93044697697214e-08,0.435070833457934,0.319144964057377,0.491568404969378,0.189286630973245,0.999999973680293
3.01271407088116e-08,0.432391654120454,0.322179235189113,0.490858221380866,0.186962543430021,0.99999997300004
3.09729066733141e-08,0.429560886496582,0.325400783122303,0.490076660762232,0.184522556115466,0.99999997230668
3.18424160150466e-08,0.426566301151007,0.328826207915368,0.48921498186725,0.181958810217382,0.999999971600599
3.27363352871525e-08,0.423394378569431,0.332474043638364,0.488263155584409,0.179262800777226,0.999999970882306
3.36553497550709e-08,0.420030159964288,0.336365016358742,0.487209647353941,0.176425336287318,0.999999970152464
3.46001639218511e-08,0.416457086882791,0.340522332493079,0.486041161248259,0.173436506258662,0.999999969411914
3.55715020682138e-08,0.412656833432689,0.344971996394599,0.484742340345425,0.170285663259976,0.999999968661709
3.65701088077749e-08,0.408609138368651,0.349743152341364,0.483295418579971,0.166961429078665,0.999999967903157
3.75967496578547e-08,0.404291649623429,0.354868439869198,0.481679821014746,0.163451739116056,0.999999967137869
3.86522116263126e-08,0.399679802010142,0.360384341317461,0.479871713344794,0.159743945337745,0.999999966367817
3.97373038148561e-08,0.394746760945943,0.366331484631879,0.477843508844357,0.155825006523765,0.999999965595393
4.08528580392857e-08,0.389463482590731,0.372754840381737,0.475563354055065,0.151681805563199,0.99999996482349
4.19997294671531e-08,0.383798965212343,0.379703716611314,0.472994636352685,0.147301647036,0.999999964055578
4.31787972733202e-08,0.377720798660112,0.387231405805831,0.470095591068114,0.142673003126055,0.999999963295784
4.43909653139217e-08,0.371196157075088,0.395394274311483,0.466819137226859,0.137786588461658,0.999999962548969
4.56371628192476e-08,0.364193417600473,0.404250011706363,0.463113141386329,0.132636846907308,0.999999961820774
4.6918345106078e-08,0.356684607804805,0.413854695368809,0.458921393652771,0.127223910978419,0.999999961117628
4.82354943100147e-08,0.348648853334603,0.42425831784538,0.454185657640035,0.121556024514586,0.999999960446659
4.95896201383721e-08,0.340076862410702,0.435498549157289,0.448849176864019,0.115652273978692,0.999999959815497
5.09817606442043e-08,0.330976185619835,0.447592865886071,0.442861896988188,0.109545237125741,0.999999959231893
5.24129830220606e-08,0.321376505968716,0.460529848373391,0.436187291315788,0.103282860310822,0.999999958703168
5.38843844260822e-08,0.311333643892869,0.47426135179602,0.428810008622223,0.0969286395817572,0.999999958235498
5.5397092811064e-08,0.300930598276629,0.488698030223053,0.420742743000634,0.0905592267763123,0.99999995783316
5.69522677971282e-08,0.290274212184432,0.503710695716768,0.4120301841976,0.0842591200856322,0.999999957497916
5.85511015586724e-08,0.279487194152083,0.519138705239754,0.402748201216327,0.078113093543919,0.999999957228713
6.01948197382727e-08,0.2686969054283,0.534804217994658,0.392997753154085,0.0721980288512573,0.999999957021835
6.18846823862438e-08,0.258023627531156,0.550528939175093,0.382894866587502,0.0665761942374055,0.999999956871458
6.3621984926575e-08,0.247571122627284,0.566149217379189,0.372559319987055,0.0612914626337566,0.999999956770448
6.54080591499826e-08,0.23742117932972,0.581526459605128,0.362104722130304,0.0563688182645683,0.999999956711182
6.72442742348425e-08,0.227632281187394,0.596551894923779,0.351631647777654,0.0518164572985674,0.999999956686226
6.91320377967813e-08,0.218241397784187,0.611146513983164,0.341224176465299,0.0476293095515373,0.999999956688783
7.10727969677341e-08,0.209267512769942,0.62525786818626,0.330949238087596,0.0437928937261436,0.999999956712928
7.30680395052951e-08,0.200715693368091,0.638855404630183,0.320857804003452,0.0402867913663651,0.999999956753675
7.51192949332097e-08,0.192580927245754,0.651925560823418,0.310987023861656,0.0370874153149257,0.999999956806927
7.72281357138864e-08,0.184851351987827,0.664467320103742,0.301362655816861,0.0341700240793971,0.999999956869385
7.93961784538228e-08,0.177510777930611,0.676488522137668,0.292001399863442,0.0315100779988899,0.999999956938428
8.16250851428724e-08,0.170540555285598,0.688002972111509,0.282912945205785,0.029084082682706,0.999999957011993
8.39165644283016e-08,0.163920897780391,0.699028266821059,0.2741016707971,0.0268700623818408,0.999999957088469
8.62723729246145e-08,0.157631785529673,0.70958421036897,0.265568008202714,0.0248477814283161,0.999999957166608
8.8694316560147e-08,0.151653556677725,0.719691689482393,0.257309507679764,0.0229988028378432,0.999999957245448
9.11842519614656e-08,0.1459672763455,0.72937189462304,0.249321658062921,0.0213064473140391,0.999999957324253
9.374408787663e-08,0.140554950379227,0.738645794833306,0.241598509574934,0.0197556955917602,0.999999957402462
9.63757866384109e-08,0.135399633454319,0.747533795311928,0.234133142467506,0.0183330622205666,0.999999957479656
9.90813656685867e-08,0.13048546697592,0.756055524586571,0.226918016875016,0.0170264585384122,0.99999995755552
1.01862899024469e-07,0.125797671635574,0.764229712329996,0.219945232068859,0.0158250556011451,0.999999957629827
1.04722518988844e-07,0.121322511787268,0.772074129670099,0.213206717085266,0.0147191532446347,0.999999957702413
1.07662417704549e-07,0.117047243322834,0.779605571868513,0.206694369617305,0.0137000585141815,0.999999957773168
1.10684848854941e-07,0.112960052877139,0.78683986910333,0.200400156039062,0.0127599748576074,0.99999995784202
1.13792129391531e-07,0.109049993520919,0.793791915324067,0.194316182310028,0.0118919023659052,0.999999957908929
1.16986641310131e-07,0.105306920261184,0.800475708179445,0.188434743118743,0.0110895487018126,0.999999957973878
1.20270833476851e-07,0.101721427416129,0.80690439517872,0.182748354810301,0.0103472500109786,0.999999958036869
1.23647223505371e-07,0.0982847890855163,0.813090322779027,0.177249776270914,0.00965990095005914,0.999999958097919
1.27118399686903e-07,0.0949889033726111,0.819045086172856,0.171932020909066,0.00902289291807787,0.999999958157053
1.30687022974335e-07,0.091826240642254,0.824779578310413,0.166788362094666,0.0084320595949208,0.999999958214308
1.34355829022083e-07,0.0887897958601976,0.830304037223838,0.161812333831928,0.00788362894423353,0.999999958269724
1.38127630283201e-07,0.0858730449092602,0.835628091090337,0.156997728000805,0.00737418090885791,0.999999958323345
1.42005318165368e-07,0.0830699046887843,0.840760800726465,0.152338589169501,0.00690061010403387,0.99999995837522
1.45991865247398e-07,0.0803746967553099,0.845710699379706,0.147829207729969,0.00646009289032556,0.999999958425398
1.50090327557974e-07,0.0777821142404455,0.850485829800053,0.143464111919004,0.00605005828094352,0.999999958473931
1.54303846918356e-07,0.0752871917772097,0.855093778650542,0.139238059144497,0.00566816220496119,0.999999958520869
1.58635653350859e-07,0.0728852781722245,0.859541708363705,0.135146026928142,0.00531226470815363,0.999999958566263
1.63089067554933e-07,0.0705720115737191,0.863836386579291,0.13118320369398,0.00498040972672889,0.999999958610164
1.6766750345277e-07,0.0683432969014522,0.867984213313481,0.127344979570134,0.00467080711638512,0.999999958652623
1.72374470806362e-07,0.0661952853224687,0.87199124601546,0.123626937324142,0.00438181666039764,0.999999958693687
1.77213577908036e-07,0.0641243555748215,0.87586322266675,0.120024843516856,0.00411193381639334,0.999999958733406
1.82188534346517e-07,0.0621270969592353,0.879605583074225,0.11653463993308,0.00385977699269517,0.999999958771825
1.87303153850643e-07,0.0602002938356944,0.883223488500797,0.113152435327017,0.00362407617218591,0.999999958808989
1.9256135721292e-07,0.0583409114778279,0.886721839769412,0.109874497505521,0.0034036627250674,0.999999958844943
1.97967175295133e-07,0.0565460831526412,0.89010529396689,0.106697245760937,0.00319746027217264,0.99999995887973
2.03524752118358e-07,0.0548130983065393,0.893378279864946,0.10361724365703,0.00300447647802435,0.99999995891339
2.09238348039698e-07,0.0531393917507599,0.896545012166498,0.100631192165485,0.0028237956680176,0.999999958945963
2.15112343018217e-07,0.0515225337503132,0.899609504676626,0.0977359231461207,0.0026545721772528,0.999999958977487
2.21151239972549e-07,0.0499602209304081,0.902575582489121,0.0949283931609412,0.00249602434993755,0.999999959007999
2.27359668232772e-07,0.0484502679232035,0.905446893271754,0.0922056776100846,0.00234742911816115,0.999999959037535
2.33742387089181e-07,0.0469905996856574,0.908226917726118,0.0895649651764488,0.00220811709743303,0.99999995906613
2.40304289440697e-07,0.0455792444263406,0.910918979291159,0.0870035525650002,0.00207746814384051,0.999999959093815
2.47050405545683e-07,0.0442143270854118,0.91352625315336,0.084518839522457,0.00195490732418328,0.999999959120623
2.53985906878073e-07,0.0428940633176069,0.916051774620895,0.0821083241229966,0.0018399012561086,0.999999959146584
2.61116110091746e-07,0.0416167539331465,0.918498446913931,0.079769598305844,0.00173195478022452,0.999999959171728
2.68446481096197e-07,0.0403807797559627,0.920869048418567,0.0775003436509399,0.0016306079304928,0.999999959196082
2.75982639246618e-07,0.0391845968626746,0.923166239447647,0.0752983273793572,0.00153543317299605,0.999999959219675
2.83730361651621e-07,0.038026732169331,0.925392568547836,0.0731613985656664,0.00144603288649782,0.999999959242532
2.91695587601879e-07,0.0369057793361486,0.927550478388837,0.0710874845500293,0.00136203706113391,0.999999959264679
2.99884423123102e-07,0.0358203949633456,0.929642311267452,0.0690745875384055,0.00128310119414281,0.999999959286139
3.08303145656828e-07,0.0347692950537379,0.93167031425633,0.0671207813798638,0.00120890436380602,0.999999959306937
3.16958208872612e-07,0.0337512517200659,0.933636644024634,0.0652242085106009,0.00113914746476544,0.999999959327093
3.25856247615323e-07,0.0327650901170797,0.935543371355491,0.0633830770548595,0.00107355158964992,0.999999959346631
3.35004082991314e-07,0.0318096855802651,0.937392485382975,0.0615956580735207,0.00101185654350472,0.99999995936557
3.44408727597382e-07,0.0308839609547455,0.939185897569408,0.0598602829516933,0.00095381947889888,0.999999959383931
3.54077390896527e-07,0.0299868840993968,0.940925445442024,0.058175340917159,0.000899213640817305,0.999999959401732
3.64017484744614e-07,0.0291174655525468,0.942612896106437,0.0565392766820322,0.000847827211530754,0.999999959418993
3.74236629072198e-07,0.028274756346847,0.944249949552917,0.0549505882004724,0.000799462246610837,0.999999959435731
3.84742657725851e-07,0.0274578459619906,0.945838241770141,0.0534078245357373,0.000753933694121932,0.999999959451963
3.9554362447347e-07,0.026665860404936,0.947379347679919,0.0519095838302895,0.000711068489791238,0.999999959467707
4.06647809178186e-07,0.0258979604081851,0.948874783905282,0.0504545113730663,0.000670704721651934,0.999999959482977
4.18063724145576e-07,0.0251533397374675,0.950326011383333,0.0490412977583999,0.000632690858267587,0.999999959497789
4.2980012064908e-07,0.0244312236009091,0.951734437833381,0.0476686771314197,0.000596885035199245,0.999999959512158
4.41865995638594e-07,0.0237308671524246,0.953101420090025,0.0463354255151009,0.00056315439487415,0.999999959526099
4.54270598637404e-07,0.0230515540826716,0.954428266310115,0.0450403592144269,0.000531374475458167,0.999999959539624
4.67023438832733e-07,0.0223925952914418,0.955716238061849,0.0437823332934193,0.000501428644732155,0.999999959552748
4.80134292365345e-07,0.0217533276358646,0.956966552303608,0.0425602401210557,0.000473207575336726,0.999999959565482
4.93613209823792e-07,0.0211331127492436,0.958180383259583,0.0413730079823463,0.000446608758070476,0.99999995957784
5.07470523949047e-07,0.0205313359257551,0.95935886419871,0.0402195997510703,0.000421536050219946,0.999999959589833
5.21716857555435e-07,0.01994740506661,0.960503089122945,0.0390990116208894,0.000397899256165332,0.999999959601473
5.36363131673925e-07,0.019380749683623,0.961614114370496,0.0380102718917623,0.00037561373774192,0.999999959612771
5.5142057392403e-07,0.0188308199564383,0.962692960139179,0.0369524398087647,0.000354600052055912,0.999999959623737
5.66900727120743e-07,0.0182970858399491,0.963740611934749,0.0359246044506041,0.000334783614647054,0.999999959634382
5.82815458123084e-07,0.0177790362187057,0.964758021948657,0.0349258836652744,0.000316094386068506,0.999999959644716
5.99176966931061e-07,0.0172761781053429,0.96574611036943,0.0339554230504537,0.000298466580116036,0.999999959654748
6.15997796038017e-07,0.0167880358802779,0.966705766631527,0.0330123949763903,0.000281838392082706,0.999999959664489
6.33290840045511e-07,0.016314150570129,0.967637850605294,0.0320959976491533,0.0002661517455523,0.999999959673946
6.51069355548147e-07,0.0158540791624858,0.968543193731389,0.0312054542122502,0.000251352056360756,0.999999959683128
6.69346971295867e-07,0.0154073939548343,0.9694226001028,0.0303400118847314,0.000237388012468576,0.999999959692044
6.88137698641567e-07,0.0149736819355905,0.970276847497406,0.0294989411340071,0.000224211368586951,0.999999959700703
7.07455942281988e-07,0.014552544195345,0.971106688363802,0.0286815348817056,0.000211776754492167,0.999999959709111
7.27316511300145e-07,0.0141435953665437,0.971912850762958,0.0278871077409975,0.00020004149604497,0.999999959717277
7.47734630517758e-07,0.0137464630899598,0.972696039268092,0.0271149952838968,0.000188965448011422,0.999999959725207
7.68725952166374e-07,0.0133607875064158,0.973456935825016,0.0263645533371358,0.000178510837847888,0.999999959732909
7.90306567886135e-07,0.0129862207723246,0.974196200575032,0.0256351573052862,0.000168642119681445,0.99999995974039
8.12493021061405e-07,0.0126224265977077,0.974914472642356,0.0249262015198735,0.000159325837770983,0.999999959747657
8.35302319502679e-07,0.0122690798054412,0.97561237088791,0.0242370986132978,0.000150530498792337,0.999999959754715
8.58751948484518e-07,0.0119258659105589,0.97629049463122,0.0235672789164425,0.000142226452337652,0.999999959761571
8.82859884149515e-07,0.0115924807185176,0.976949424342029,0.022916189878906,0.000134385779064616,0.999999959768232
9.07644607288536e-07,0.0112686299414035,0.977589722303169,0.0222832955108548,0.000126982185976083,0.999999959774702
9.33125117507824e-07,0.0109540288311153,0.978211933246113,0.0216680758455437,0.000119990908343411,0.999999959780988
9.59320947793823e-07,0.0106484018286291,0.97881658496057,0.0210700264216021,0.000113388617828072,0.999999959787095
9.86252179486878e-07,0.0103514822284997,0.979404188879385,0.0204886577842307,0.000107153336384332,0.999999959793029
1.01393945767529e-06,0.0100630118578055,0.979975240639946,0.0199234950044961,0.000101264355557396,0.999999959798793
1.04240400702156e-06,0.00978274076879654,0.980530220623226,0.0193740772159544,9.57021608193331e-05,0.999999959804394
1.07166764803286e-06,0.00951042694454571,0.981069594471519,0.0188399571678708,9.04483606102846e-05,0.999999959809837
1.10175281378839e-06,0.00924583601694592,0.981593813585883,0.0183207007943419,8.5485619774988e-05,0.999999959815125
1.13268256713615e-06,0.00898874099643714,0.982103315604234,0.0178158867986583,8.07975971079712e-05,0.999999959820264
1.16448061837269e-06,0.00873892201288107,0.982598524860978,0.0173251062522825,7.63688867397999e-05,0.999999959825257
1.19717134341897e-06,0.00849616606703604,0.983079852829043,0.0168479622078413,7.2184963115389e-05,0.999999959830109
1.23077980250667e-06,0.00826026679211718,0.983547698545099,0.0163840693255669,6.82321293337396e-05,0.999999959834825
1.26533175938894e-06,0.00803102422495443,0.984002449018723,0.0159330535126449,6.4497468631991e-05,0.999999959839407
1.30085370109057e-06,0.00780824458629018,0.984444479626233,0.0154945515749529,6.09687988137337e-05,0.99999995984386
1.3373728582125e-06,0.0075917400697838,0.984874154489866,0.0150682108806997,5.76346294339693e-05,0.999999959848189
1.37491722580642e-06,0.00738132863931487,0.985291826842937,0.0146536890354962,5.44841215667728e-05,0.999999959852395
1.4135155848354e-06,0.00717683383419673,0.985697839381597,0.014250653568412,5.15070499907278e-05,0.999999959856483
1.4531975242369e-06,0.00697808458193861,0.986092524603766,0.0138587816285913,4.8693767642943e-05,0.999999959860457
1.49399346360526e-06,0.0067849150182079,0.986476205135781,0.0134777596920223,4.60351721967445e-05,0.999999959864319
1.5359346765109e-06,0.00659716431366865,0.986849194047296,0.0131072832780712,4.35226746330689e-05,0.999999959868072
1.57905331447418e-06,0.00641467650738515,0.98721179515491,0.0127470566754106,4.11481696798322e-05,0.999999959871721
1.62338243161228e-06,0.00623730034649903,0.987564303315007,0.0123967926769888,3.89040080046189e-05,0.999999959875267
1.66895600997803e-06,0.00606488913190151,0.987907004706249,0.0120562123236993,3.67829700518418e-05,0.999999959878715
1.71580898561001e-06,0.00589730056963949,0.988240177102146,0.0117250446564298,3.47782414246052e-05,0.999999959882065
1.76397727531405e-06,0.00573439662780321,0.988564090134108,0.0114030264761781,3.28833897141421e-05,0.999999959885323
1.8134978041965e-06,0.00557604339866227,0.988879005545367,0.0110899021119417,3.10923426914411e-05,0.999999959888489
1.86440853397049e-06,0.0054221109658222,0.989185177436131,0.0107854231960941,2.93993677751778e-05,0.999999959891567
1.91674849205681e-06,0.0052724732761909,0.989482852500319,0.0104893484469796,2.77990527011059e-05,0.999999959894559
1.9705578015018e-06,0.00512700801655023,0.989772270254218,0.0102014434584642,2.62862873181263e-05,0.999999959897468
2.02587771173502e-06,0.00498559649454167,0.990053663257361,0.00992148049619446,2.48562464444397e-05,0.999999959900295
2.08275063019052e-06,0.00484812352388175,0.990327257325956,0.00964923830032483,2.3504373719339e-05,0.999999959903044
2.14122015481573e-06,0.00471447731363365,0.990593271739124,0.00938450189448551,2.2226366390897e-05,0.999999959905717
2.20133110749303e-06,0.00458454936136926,0.990851919438246,0.00912706240076989,2.10181609843155e-05,0.999999959908315
2.26312956839953e-06,0.00445823435006295,0.991103407219671,0.00887671686053177,1.98759197970709e-05,0.999999959910841
2.32666291133146e-06,0.00433543004856831,0.991347935921037,0.00863326806078985,1.87960181733896e-05,0.999999959913297
2.39197984002024e-06,0.00421603721553254,0.991585700601445,0.00839652436604533,1.77750325098692e-05,0.999999959915684
2.45913042546804e-06,0.00409995950661386,0.991816890715723,0.00816629955532631,1.68097289507032e-05,0.999999959918005
2.5281661443315e-06,0.00398710338487101,0.992041690282989,0.00794241266427988,1.58970527310721e-05,0.999999959920262
2.59913991838293e-06,0.00387737803419959,0.99226027804973,0.00772468783214006,1.50341181295614e-05,0.999999959922456
2.67210615507944e-06,0.00377069527569877,0.992472827647598,0.00751295415340594,1.42181989958032e-05,0.99999995992459
2.74712078927081e-06,0.0036669694868542,0.99267950774611,0.00730704553407155,1.34467198184222e-05,0.999999959926664
2.82424132607844e-06,0.00356611752342803,0.992880482200445,0.00710680055225416,1.27172473009503e-05,0.999999959928681
2.90352688497781e-06,0.00346805864395498,0.993075910194508,0.00691206232307443,1.20274824177632e-05,0.999999959930642
2.98503824511873e-06,0.00337271443674446,0.993265946379432,0.00672267836764687,1.13752529210245e-05,0.999999959932549
3.06883789191764e-06,0.00328000874929476,0.993450741007683,0.00653850048604439,1.07585062725617e-05,0.999999959934403
3.15499006495809e-06,0.00318986762002899,0.993630440062918,0.00635938463410623,1.01753029758773e-05,0.999999959936205
3.24356080723581e-06,0.00310221921226683,0.993805185385752,0.00618519080396295,9.62381028535818e-06,0.999999959937958
3.33461801578637e-06,0.00301699375034988,0.993975114795572,0.00601578290815714,9.10229627131172e-06,0.999999959939663
3.42823149373397e-06,0.0029341234578407,0.994140362208538,0.00585102866724289,8.60912421926131e-06,0.99999995994132
3.52447300380159e-06,0.00285354249772049,0.994301057751904,0.00569079950075119,8.14274734489435e-06,0.999999959942931
3.62341632332315e-06,0.00277518691451352,0.99445732787478,0.00553497042141291,7.70170380706096e-06,0.999999959944498
3.72513730080021e-06,0.00269899457826687,0.994609295455466,0.00538341993253437,7.28461199967813e-06,0.999999959946022
3.82971391404628e-06,0.00262490513032223,0.994757079905465,0.00523602992842482,6.89016610981759e-06,0.999999959947504
3.93722632996347e-06,0.0025528599308127,0.994900797270298,0.00509268559777836,6.51713192352261e-06,0.999999959948945
4.04775696599732e-06,0.00248280200782521,0.995040560327217,0.00495327532991647,6.16434286697561e-06,0.999999959950346
4.16139055331671e-06,0.00241467600816986,0.99517647867993,0.00481769062380078,5.83069626946837e-06,0.999999959951708
4.27821420176762e-06,0.00234842814969915,0.995308658850437,0.00468582599972823,5.51514983503521e-06,0.999999959953033
4.39831746665023e-06,0.00228400617512391,0.995437204368064,0.00455757891362499,5.21671831141442e-06,0.999999959954321
4.5217924173707e-06,0.00222135930727263,0.995562215855799,0.00443284967385704,4.93447034410812e-06,0.999999959955574
4.64873370802026e-06,0.00216043820574689,0.995683791114013,0.00431154136047944,4.66752550716716e-06,0.999999959956793
4.7792386499356e-06,0.00210119492492174,0.995802025201654,0.00419355974684795,4.41505149776592e-06,0.999999959957978
4.91340728629636e-06,0.00204358287324815,0.995917010514992,0.00407881322352007,4.17626148811311e-06,0.99999995995913
5.05134246881677e-06,0.00198755677381098,0.996028836864002,0.00396721272437446,3.95041162375067e-06,0.99999995996025
5.19314993659021e-06,0.00193307262610183,0.996137591546458,0.0038586716548806,3.73679866153519e-06,0.99999995996134
5.33893839714736e-06,0.00188008766896417,0.99624335941981,0.0037531058224523,3.53475773802242e-06,0.9999999599624
5.48881960978968e-06,0.00182856034467273,0.996346222970916,0.00365043336882161,3.34366026193047e-06,0.99999995996343
5.64290847126254e-06,0.00177845026410901,0.996446262383705,0.00355057470437101,3.16291192350949e-06,0.999999959964432
5.80132310383338e-06,0.00172971817299599,0.996543555604822,0.00345345244436447,2.99195081375362e-06,0.999999959965407
5.96418494584246e-06,0.00168232591915781,0.996638178407332,0.00335899134701962,2.83024564800421e-06,0.999999959966355
6.13161884479577e-06,0.0016362364207702,0.996730204452547,0.00326711825336515,2.67729408762185e-06,0.999999959967277
6.30375315307127e-06,0.00159141363556934,0.996819705350016,0.00317776202882963,2.53262115452318e-06,0.999999959968173
6.48071982631197e-06,0.00154782253098743,0.996906750715758,0.00309085350650944,2.39577773270688e-06,0.999999959969045
6.66265452458115e-06,0.0015054290551861,0.996991408228781,0.00300632543206542,2.26633915339364e-06,0.999999959969893
6.84969671635745e-06,0.00146420010895714,0.997073743685943,0.00292411241019919,2.14390385754873e-06,0.999999959970717
7.0419897854493e-06,0.00142410351846292,0.997153821055206,0.00284415085266216,2.02809213183542e-06,0.999999959971519
7.23968114091088e-06,0.00138510800879046,0.997231702527334,0.00276637892775118,1.9185449148724e-06,0.999999959972299
7.44292233004376e-06,0.00134718317829231,0.997307448566084,0.00269073651124671,1.81492266895962e-06,0.999999959973058
7.65186915457082e-06,0.00131029947368883,0.997381117956936,0.00261716513875064,1.71690431351049e-06,0.999999959973795
7.86668179007157e-06,0.00127442816590865,0.9974527678544,0.00254560795938213,1.62418621758083e-06,0.999999959974513
8.08752490877046e-06,0.00123954132664298,0.997522453827961,0.00247600969079135,1.53648124730449e-06,0.99999995997521
8.31456780577206e-06,0.00120561180559229,0.997590229906682,0.0024083165754523,1.45351786614602e-06,0.999999959975889
8.54798452884042e-06,0.00117261320838259,0.997656148622519,0.0023424763381967,1.37503928424173e-06,0.999999959976549
8.78795401182133e-06,0.00114051987513058,0.997720261052393,0.00227843814495289,1.30080265412901e-06,0.999999959977191
9.03466021181053e-06,0.00110930685963825,0.997782616859035,0.0022161525626539,1.23057831130213e-06,0.999999959977815
9.2882922501725e-06,0.00107894990919603,0.997843264330664,0.00215557152028072,1.16414905566593e-06,0.999999959978422
9.54904455751808e-06,0.00104942544497639,0.99790225041952,0.00209664827100751,1.10130947263186e-06,0.999999959979013
9.81711702275218e-06,0.00102071054300007,0.997959620779292,0.0020393373554165,1.04186529182107e-06,0.999999959979587
1.00927151463057e-05,0.000992782915655285,0.998015419801469,0.0019835945657514,9.85632779587197e-07,0.999999959980145
1.03760501976691e-05,0.000965620893756189,0.998069690650654,0.00192937691117921,9.32438166584759e-07,0.999999959980689
1.06673393773486e-05,0.000939203409120603,0.998122475298864,0.00187664258403102,8.8211710509256e-07,0.999999959981217
1.09668059833687e-05,0.000913509977653383,0.99817381455885,0.00182535092699343,8.34514156669401e-07,0.999999959981731
1.12746795824495e-05,0.000888520682919387,0.998223748116469,0.00177546240122307,7.89482307852682e-07,0.999999959982231
1.15911961859889e-05,0.000864216160190931,0.99827231456213,0.00172693855535758,7.46882512142177e-07,0.999999959982717
1.19165984309856e-05,0.000840577580955395,0.998319551421346,0.00167974199539702,7.06583256886422e-07,0.99999995998319
1.22511357660412e-05,0.000817586637869298,0.998365495184415,0.00163383635543079,6.68460153903155e-07,0.999999959983649
1.25950646425836e-05,0.000795225530145822,0.998410181335261,0.00158918626918559,6.32395553026291e-07,0.999999959984097
1.2948648711459e-05,0.000773476949360612,0.998453644379454,0.00154575734237089,5.98278175165503e-07,0.999999959984532
1.33121590250431e-05,0.000752324065666874,0.998495917871434,0.00150351612579894,5.6600276740525e-07,0.999999959984955
1.36858742450252e-05,0.000731750514403886,0.998537034440968,0.00146243008925717,5.35469775301417e-07,0.999999959985366
1.40700808560269e-05,0.00071174038308928,0.998577025818855,0.00142246759611146,5.06585033551495e-07,0.999999959985766
1.44650733852165e-05,0.000692278198783665,0.998615922861907,0.00138359787861927,4.79259474031732e-07,0.999999959986156
1.48711546280895e-05,0.000673348915815091,0.998653755577219,0.00134579101393243,4.53408848875196e-07,0.999999959986534
1.52886358805873e-05,0.000654937903853868,0.998690553145761,0.00130901790076994,4.28953468897819e-07,0.999999959986902
1.57178371777316e-05,0.000637030936327641,0.998726343945302,0.00127325023674157,4.05817956857391e-07,0.99999995998726
1.61590875389592e-05,0.000619614179165433,0.998761155572683,0.00123846049630386,3.8393101350182e-07,0.999999959987609
1.66127252203429e-05,0.00060267417986136,0.998795014865473,0.00120462190933049,3.63225196115197e-07,0.999999959987948
1.70790979738943e-05,0.000586197856849598,0.998827947923011,0.00117170844027948,3.43636709858536e-07,0.999999959988277
1.75585633141447e-05,0.00057017248918025,0.99885998012685,0.00113969476794048,3.25105210011081e-07,0.999999959988598
1.80514887922111e-05,0.000554585706487963,0.998891136160639,0.00110855626574549,3.07573615219298e-07,0.999999959988909
1.85582522775552e-05,0.000539425479243663,0.998921440029443,0.00107826898262723,2.90987930046376e-07,0.999999959989213
1.90792422476527e-05,0.000524680109283585,0.998950915078512,0.00104880962440956,2.75297078806969e-07,0.999999959989508
1.96148580857943e-05,0.000510338220603917,0.998979584011539,0.0010201555357149,2.60452746469846e-07,0.999999959989794
2.01655103872475e-05,0.000496388750416816,0.999007468908396,0.000992284682374187,2.46409229722779e-07,0.999999959990073
2.07316212740123e-05,0.000482820940458219,0.999034591242379,0.000965175634325051,2.33123295694058e-07,0.999999959990345
2.13136247184144e-05,0.000469624328539699,0.999060971896968,0.000938807548984451,2.20554047473585e-07,0.999999959990609
2.19119668757815e-05,0.000456788740339916,0.999086631182119,0.000913160155082522,2.0866279865485e-07,0.999999959990865
2.25271064264598e-05,0.000444304281425191,0.999111588850103,0.00088821373694454,1.97412952920731e-07,0.999999959991115
2.31595149274315e-05,0.000432161329495494,0.9991358641109,0.000863949119208465,1.86769891261096e-07,0.999999959991358
2.38096771738036e-05,0.000420350526847992,0.999159475647169,0.000840347651965785,1.76700865099416e-07,0.999999959991594
2.44780915704444e-05,0.000408862773051763,0.999182441628791,0.000817391196313815,1.67174894855461e-07,0.999999959991824
2.51652705140539e-05,0.00039768921782824,0.999204779727018,0.000795062110307876,1.58162674302083e-07,0.999999959992047
2.58717407859592e-05,0.000386821254131329,0.999226507128218,0.000773343235302163,1.49636480247699e-07,0.999999959992265
2.65980439559376e-05,0.000376250511420781,0.999247640547245,0.000752217882668398,1.41570086582593e-07,0.999999959992476
2.73447367973758e-05,0.000365968849124646,0.999268196240435,0.000731669820881702,1.33938683794682e-07,0.999999959992682
2.81123917140846e-05,0.000355968350283637,0.999288190018235,0.000711683262963412,1.26718801931095e-07,0.999999959992882
2.89015971790951e-05,0.000346241315373741,0.999307637257491,0.000692242854270853,1.1988823831442e-07,0.999999959993076
2.97129581857733e-05,0.00033678025630135,0.999326552913386,0.000673333660624386,1.13425989157622e-07,0.999999959993265
3.05470967115997e-05,0.000327577890565781,0.999344951531053,0.000654941156762294,1.07312184633996e-07,0.999999959993449
3.14046521949675e-05,0.000318627135584832,0.999362847256858,0.000637051215114381,1.0152802764154e-07,0.999999959993628
3.22862820253673e-05,0.000309921103178642,0.999380253849379,0.000619650094885366,9.60557359593528e-08,0.999999959993803
3.31926620473319e-05,0.000301453094206604,0.999397184690074,0.000602724431439475,9.08784868665921e-08,0.999999959993972
3.41244870785289e-05,0.00029321659335498,0.999413652793656,0.000586261225977787,8.59803660868512e-08,0.999999959994137
3.50824714423979e-05,0.0002852052640682,0.999429670818182,0.000570247835500238,8.13463180811746e-08,0.999999959994297
3.60673495157403e-05,0.000277412943622129,0.999445251074856,0.000554671963044319,7.69620999697919e-08,0.999999959994453
3.70798762916817e-05,0.000269833638333838,0.99946040553757,0.000539521648192798,7.28142374392411e-08,0.999999959994605
3.81208279584389e-05,0.000262461518905065,0.999475145852173,0.000524785257842965,6.88899835831272e-08,0.999999959994752
3.9191002494334e-05,0.000255290915894,0.999489483345491,0.000510451477230148,6.51772789261786e-08,0.999999959994895
4.02912202795135e-05,0.000248316315314382,0.999503429034086,0.000496509301198439,6.16647151622379e-08,0.999999959995035
4.1422324724839e-05,0.000241532354355117,0.999516993632789,0.000482948025711749,5.83414992426671e-08,0.99999995999517
4.25851829184341e-05,0.000234933817219885,0.999530187562981,0.000469757239598544,5.51974206133843e-08,0.999999959995302
4.37806862903817e-05,0.000228515631081506,0.999543020960657,0.00045692681652376,5.22228196254949e-08,0.999999959995431
4.50097512960805e-05,0.000222272862148473,0.999555503684261,0.000444446907181622,4.94085576619981e-08,0.999999959995556
4.62733201187869e-05,0.000216200711840816,0.999567645322308,0.00043230793170322,4.67459892061913e-08,0.999999959995677
4.75723613918789e-05,0.000210294513071495,0.999579455200792,0.0004205005722729,4.42269350444204e-08,0.999999959995795
4.89078709413959e-05,0.000204549726631336,0.999590942390395,0.000409015765947708,4.18436574825196e-08,0.99999995999591
5.02808725494247e-05,0.000198961937672774,0.99960211571349,0.000397844697674225,3.95888356611294e-08,0.999999959996022
5.1692418738916e-05,0.000193526852292784,0.999612983750959,0.000386978793497375,3.74555440967343e-08,0.999999959996131
5.31435915805324e-05,0.000188240294208581,0.999623554848813,0.00037640971395586,3.54372306503488e-08,0.999999959996236
5.46355035221488e-05,0.000183098201526195,0.999633837124644,0.000366129347659081,3.35276966543629e-08,0.999999959996339
5.6169298241638e-05,0.00017809662359791,0.999643838473882,0.000356129805040522,3.17210776488172e-08,0.999999959996439
5.77461515235983e-05,0.000173231717966868,0.999653566575892,0.00034640341228272,3.00118255078968e-08,0.999999959996537
5.93672721606913e-05,0.000168499747395792,0.9996630288999,0.000336942705409089,2.83946912472488e-08,0.999999959996631
6.10339028802862e-05,0.000163897076978231,0.999672232710753,0.000327740424537969,2.68647092467817e-08,0.999999959996723
6.27473212971157e-05,0.000159420171328583,0.999681185074524,0.00031878950829445,2.54171813578868e-08,0.999999959996813
6.4508840892677e-05,0.000155065591850612,0.999689892863962,0.000310083088375589,2.4047662817593e-08,0.9999999599969
6.63198120221268e-05,0.000150829994081052,0.999698362763787,0.000301614484264814,2.27519486448646e-08,0.999999959996985
6.81816229494448e-05,0.00014671012510622,0.999706601275848,0.000293377198091371,2.15260605346572e-08,0.999999959997067
7.00957009116562e-05,0.000142702821050216,0.999714614724134,0.000285364909630838,2.03662347966565e-08,0.999999959997147
7.20635132129306e-05,0.000138805004631979,0.999722409259647,0.00027757147144281,1.92689105742291e-08,0.999999959997225
7.40865683493957e-05,0.00013501368278999,0.999729990865139,0.000269990904141963,1.82307190084723e-08,0.999999959997301
7.61664171655289e-05,0.000131325944372233,0.999737365359728,0.000262617391798839,1.72484728139352e-08,0.999999959997375
7.83046540430118e-05,0.000127738957890102,0.999744538403377,0.000255445277466767,1.63191567180703e-08,0.999999959997446
8.05029181229597e-05,0.000124249969333644,0.999751515501251,0.00024846905883145,1.54399179186273e-08,0.999999959997516
8.27628945624635e-05,0.000120856300047408,0.999758302007963,0.000241683383979836,1.46080574904301e-08,0.999999959997584
8.50863158264058e-05,0.000117555344664305,0.999764903131693,0.000235083047285001,1.38210218041601e-08,0.99999995999765
8.74749630155442e-05,0.000114344569096966,0.999771323938201,0.000228662985403834,1.30763950486679e-08,0.999999959997714
8.99306672318761e-05,0.000111221508583946,0.999777569354724,0.00022241827338443,1.23718917313307e-08,0.999999959997777
9.24553109823358e-05,0.000108183765789497,0.99978364417377,0.000216344120880178,1.17053494079066e-08,0.999999959997837
9.50508296218951e-05,0.000105229008956037,0.99978955305681,0.000210435868467596,1.10747222386881e-08,0.999999959997896
9.771921283718e-05,0.000102354970107212,0.99979530053786,0.000204688984065067,1.04780746789876e-08,0.999999959997954
0.000100462506171734,9.95594433004786e-05,0.999800891026975,0.000199099059449703,9.91357562691144e-09,0.99999995999801
0.000103282812594103,9.68402829273338e-05,0.999806328813638,0.000193661806869641,9.3794925132935e-09,0.999999959998064
0.000106182294109938,9.41954020607429e-05,0.999811618070065,0.000188373055749135,8.87418617520727e-09,0.999999959998117
0.000109163173419361,9.16227708479186e-05,0.99981676285441,0.000183228749483915,8.39610596103718e-09,0.999999959998169
0.000112227735620851,8.91204149468087e-05,0.999821767113891,0.000178224942324311,7.94378465297004e-09,0.999999959998219
0.000115378329962966,8.66864140060557e-05,0.999826634687822,0.000173357796343751,7.51583418030365e-09,0.999999959998267
0.000118617371645248,8.431890018638e-05,0.999831369310568,0.00016862357849027,7.11094124515176e-09,0.999999959998315
0.000121947343669674,8.20160567227513e-05,0.999835974614418,0.000164018657718765,6.72786336873826e-09,0.999999959998361
0.000125370798744092,7.97761165259012e-05,0.999840454132373,0.000159539502201771,6.36542501548281e-09,0.999999959998406
0.000128890361239089,7.75973608222585e-05,0.999844811300869,0.000155182676616602,6.02251395737281e-09,0.999999959998449
0.000132508729199795,7.54781178314661e-05,0.999849049462415,0.000150944839506765,5.69807808361721e-09,0.999999959998492
0.000136228676414165,7.3416761479504e-05,0.999853171868163,0.000146822740715605,5.39112170145706e-09,0.999999959998533
0.000140053054539322,7.14117101482948e-05,0.999857181680407,0.000142813218890203,5.10070319323179e-09,0.999999959998573
0.000143984795287601,6.94614254579838e-05,0.999861081975015,0.000138913199053592,4.82593118765473e-09,0.999999959998612
0.000148026912673951,6.75644110844965e-05,0.999864875743794,0.000135119690243426,4.56596278361888e-09,0.99999995999865
0.000152182505326439,6.57192116078428e-05,0.999868565896785,0.000131429783215269,4.32000020808955e-09,0.999999959998687
0.00015645475886161,6.39244113932782e-05,0.999872155264502,0.000127840648208745,4.08728890546905e-09,0.999999959998723
0.000160846948326536,6.21786335021839e-05,0.99987564660011,0.000124349532774807,3.86711478047056e-09,0.999999959998757
0.000165362440709418,6.04805386336182e-05,0.999879042581535,0.000120953759662465,3.65880238549477e-09,0.999999959998792
0.000170004697520672,5.88288240943532e-05,0.999882345813524,0.000117650724763341,3.46171268253838e-09,0.999999959998825
0.000174777277446468,5.72222227969718e-05,0.999885558829647,0.00011443789511245,3.27524074696236e-09,0.999999959998857
0.000179683839076772,5.56595022865708e-05,0.999888684094242,0.000111312806943685,3.09881472824352e-09,0.999999959998888
0.000184728143709964,5.41394637926025e-05,0.999891724004308,0.000108273063798502,2.93189335166095e-09,0.999999959998918
0.000189914058236194,5.26609413074704e-05,0.999894680891349,0.000105316334686332,2.77396430424428e-09,0.999999959998948
0.000195245558101686,5.12228006910369e-05,0.999897557023161,0.000102440352295329,2.62454337243993e-09,0.999999959998977
0.000200726730356257,4.98239387979528e-05,0.999900354605576,9.96429112520444e-05,2.48317193057032e-09,0.999999959999005
0.000206361776786386,4.84632826308149e-05,0.999903075784155,9.69218664287168e-05,2.34941645654786e-09,0.999999959999032
0.000212155017136245,4.71397885149162e-05,0.999905722645837,9.42751312968502e-05,2.22286649110832e-09,0.999999959999058
0.000218110892419152,4.58524412967785e-05,0.99990829722054,9.17006763258237e-05,2.10313386660426e-09,0.999999959999084
0.000224233968321985,4.46002535639744e-05,0.999910801482723,8.91965274252972e-05,1.98985132575857e-09,0.999999959999109
0.000230528938705171,4.33822648865064e-05,0.999913237352898,8.67607644302122e-05,1.88267140027417e-09,0.999999959999133
0.000237000629200933,4.21975410787713e-05,0.999915606699108,8.43915196272223e-05,1.78126516016614e-09,0.999999959999157
0.000243654000912547,4.10451734823442e-05,0.999917911338357,8.20869763214192e-05,1.68532163460802e-09,0.99999995999918
0.00025049415421745,3.99242782676921e-05,0.999920153038011,7.98453674422487e-05,1.59454656778273e-09,0.999999959999203
0.00025752633267712,3.88339957552415e-05,0.999922333517151,7.76649741875466e-05,1.50866146819988e-09,0.999999959999224
0.000264755927056707,3.77734897552122e-05,0.999924454447892,7.55441247046488e-05,1.42740288779618e-09,0.999999959999246
0.000272188479457518,3.67419469252812e-05,0.999926517456671,7.34811928075617e-05,1.35052150033652e-09,0.999999959999266
0.000279829687565512,3.57385761462381e-05,0.999928524125489,7.14745967292041e-05,1.27778163599307e-09,0.999999959999286
0.000287685409019059,3.47626079140009e-05,0.999930475993132,6.95227979077635e-05,1.20896011910764e-09,0.999999959999306
0.000295761665899326,3.38132937489048e-05,0.999932374556348,6.76242998062297e-05,1.14384578990946e-09,0.999999959999325
0.000304064649346707,3.28899056210514e-05,0.999934221270997,6.57776467642011e-05,1.08223895086735e-09,0.999999959999343
0.00031260072430687,3.19917353912733e-05,0.999936017553168,6.39814228810768e-05,1.02395073491154e-09,0.999999959999361
0.000321376434410028,3.11180942672533e-05,0.999937764780268,6.22342509297793e-05,9.68802363676756e-10,0.999999959999379
0.000330398506987186,3.02683122745515e-05,0.999939464292075,6.0534791300169e-05,9.16624467063728e-10,0.999999959999396
0.000339673858227221,2.94417377429458e-05,0.999941117391771,5.88817409713414e-05,8.67257275102308e-10,0.999999959999412
0.000349209598478727,2.86377368052613e-05,0.999942725346939,5.7273832512013e-05,8.2054925476375e-10,0.999999959999428
0.000359013037700707,2.78556929112936e-05,0.999944289390535,5.57098331082311e-05,7.76357178028278e-10,0.999999959999444
0.000369091691066277,2.70950063544238e-05,0.999945810721837,5.41885436176573e-05,7.3454559521355e-10,0.999999959999459
0.000379453284723694,2.63550938108449e-05,0.999947290507364,5.27087976496984e-05,6.94985995727641e-10,0.999999959999474
0.000390105761719099,2.56353878927518e-05,0.999948729881772,5.12694606707798e-05,6.57557361879513e-10,0.999999959999488
0.00040105728808555,2.4935336711843e-05,0.999950129948721,4.98694291340688e-05,6.22144808598308e-10,0.999999959999502
0.000412316259102975,2.42544034561324e-05,0.999951491781727,4.8507629632985e-05,5.88639639899954e-10,0.999999959999516
0.000423891305733878,2.35920659781749e-05,0.999952816424983,4.71830180778416e-05,5.56939254114344e-10,0.999999959999529
0.000435791301239703,2.29478163938032e-05,0.999954104894159,4.58945788949901e-05,5.26946308121315e-10,0.999999959999542
0.000448025367982949,2.23211606926806e-05,0.999955358177183,4.46413242478479e-05,4.98568756646198e-10,0.999999959999555
0.00046060288442024,2.17116183594163e-05,0.999956577235001,4.34222932792149e-05,4.71719808884958e-10,0.999999959999567
0.000473533492291712,2.11187220040896e-05,0.999957763002309,4.22365513742933e-05,4.46316942937311e-10,0.999999959999579
0.000486827104012228,2.05420170042432e-05,0.999958916388274,4.10831894438477e-05,4.2228231934854e-10,0.99999995999959
0.000500493910270095,1.9981061155735e-05,0.999960038277231,3.99613232269512e-05,3.99542259404962e-10,0.999999959999601
0.000514544387839092,1.94354243333808e-05,0.99996112952936,3.88700926127855e-05,3.78026988042486e-10,0.999999959999612
0.000528989307609816,1.89046881610944e-05,0.999962190981348,3.78086609809713e-05,3.57670608740559e-10,0.999999959999623
0.00054383974284648,1.83884456904457e-05,0.99996322344703,3.67762145599242e-05,3.38410483595691e-10,0.999999959999633
0.000559107077675529,1.78863010892161e-05,0.999964227718009,3.57719618027418e-05,3.20187845204503e-10,0.999999959999643
0.000574803015812535,1.7397869336637e-05,0.999965204564273,3.47951327801438e-05,3.02946565057494e-10,0.999999959999653
0.000590939589534098,1.69227759289871e-05,0.999966154734776,3.38449785899983e-05,2.86633987907152e-10,0.999999959999663
0.000607529168901608,1.64606565913343e-05,0.999967078958017,3.29207707829817e-05,2.71199843472918e-10,0.999999959999672
0.000624584471243962,1.60111569990842e-05,0.999967977942599,3.20218008039292e-05,2.5659711958985e-10,0.999999959999681
0.000642118570906476,1.5573932504997e-05,0.999968852377771,3.11473794484495e-05,2.4278077223166e-10,0.99999995999969
0.000660144909273488,1.51486478757689e-05,0.999969702933957,3.02968363343848e-05,2.29708576538265e-10,0.999999959999698
0.00067867730507233,1.47349770341608e-05,0.999970530263272,2.94695193877106e-05,2.17340305552971e-10,0.999999959999706
0.000697729964966554,1.43326028095359e-05,0.999971335000019,2.8664794342481e-05,2.05638295396737e-10,0.999999959999714
0.000717317494446561,1.39412166936689e-05,0.999972117761179,2.78820442544354e-05,1.9456645120386e-10,0.999999959999722
0.000737454909025955,1.35605186047877e-05,0.999972879146881,2.71206690278925e-05,1.84090841434171e-10,0.99999995999973
0.000758157645752212,1.31902166572543e-05,0.999973619740865,2.638008495557e-05,1.7417946928934e-10,0.999999959999737
0.000779441575040495,1.28300269372834e-05,0.999974340110927,2.56597242709754e-05,1.64801795650362e-10,0.999999959999744
0.000801323012839689,1.24796732857586e-05,0.999975040809358,2.49590347130244e-05,1.55929246362205e-10,0.999999959999752
0.00082381873313996,1.21388870857602e-05,0.999975722373363,2.42774791025537e-05,1.47534483317912e-10,0.999999959999758
0.000846945980831459,1.18074070569646e-05,0.999976385325478,2.36145349304018e-05,1.39591763712379e-10,0.999999959999765
0.000870722484923992,1.14849790551871e-05,0.999977030173966,2.29696939567431e-05,1.32076815616603e-10,0.999999959999772
0.00089516647213783,1.11713558772214e-05,0.999977657413212,2.23424618213664e-05,1.24966538144958e-10,0.999999959999778
0.000920296680876041,1.08662970714574e-05,0.999978267524096,2.17323576645999e-05,1.18239157454949e-10,0.999999959999784
0.000946132375589078,1.05695687534263e-05,0.999978860974367,2.11389137585905e-05,1.11874130981669e-10,0.99999995999979
0.000972693361542618,1.02809434260774e-05,0.999979438219,2.05616751486561e-05,1.05851749362799e-10,0.999999959999795
0.001,1.00001998060391e-05,0.999979999700542,2.00001993044339e-05,1.00153822118565e-10,0.999999959999801
