1e-09,0.4937509763793,0.5062490236207,0.4937509763793,0.999999999506249
1.02807322383086e-09,0.493575603264686,0.506424396735314,0.493575603264686,0.999999999492568
1.05693455355799e-09,0.493395311806409,0.506604688193591,0.493395311806409,0.999999999478513
1.0866061138546e-09,0.493209964358642,0.506790035641358,0.493209964358642,0.999999999464075
1.11711065050482e-09,0.493019419448405,0.506980580551595,0.493019419448405,0.999999999449243
1.14847154784029e-09,0.492823531671327,0.507176468328673,0.492823531671327,0.999999999434006
1.18071284666619e-09,0.492622151584749,0.507377848415251,0.492622151584749,0.999999999418355
1.21385926269063e-09,0.492415125598133,0.507584874401867,0.492415125598133,0.999999999402277
1.24793620547131e-09,0.492202295860718,0.507797704139282,0.492202295860718,0.999999999385763
1.28296979789415e-09,0.491983500146366,0.508016499853634,0.491983500146366,0.9999999993688
1.31898689619867e-09,0.491758571735577,0.508241428264423,0.491758571735577,0.999999999351377
1.35601511056563e-09,0.491527339294592,0.508472660705408,0.491527339294592,0.999999999333482
1.39408282628258e-09,0.491289626751562,0.508710373248438,0.491289626751562,0.999999999315102
1.43321922550358e-09,0.491045253169732,0.508954746830268,0.491045253169732,0.999999999296225
1.47345430961984e-09,0.490794032617595,0.509205967382405,0.490794032617595,0.999999999276837
1.51481892225835e-09,0.490535774035983,0.509464225964017,0.490535774035983,0.999999999256927
1.55734477292614e-09,0.490270281102053,0.509729718897947,0.490270281102053,0.99999999923648
1.60106446131832e-09,0.489997352090137,0.510002647909863,0.489997352090137,0.999999999215483
1.64601150230855e-09,0.489716779729432,0.510283220270568,0.489716779729432,0.999999999193921
1.69222035164104e-09,0.489428351058487,0.510571648941513,0.489428351058487,0.999999999171779
1.7397264323438e-09,0.489131847276491,0.510868152723509,0.489131847276491,0.999999999149044
1.78856616188346e-09,0.488827043591323,0.511172956408677,0.488827043591323,0.9999999991257
1.83877698008233e-09,0.488513709064374,0.511486290935626,0.488513709064374,0.999999999101732
1.89039737781922e-09,0.488191606452115,0.511808393547885,0.488191606452115,0.999999999077124
1.94346692653602e-09,0.487860492044441,0.512139507955559,0.487860492044441,0.999999999051859
1.99802630857255e-09,0.487520115499781,0.512479884500219,0.487520115499781,0.999999999025922
2.05411734835306e-09,0.48717021967701,0.51282978032299,0.48717021967701,0.999999998999295
2.11178304444824e-09,0.486810540464181,0.513189459535819,0.486810540464181,0.999999998971962
2.17106760253726e-09,0.486440806604131,0.513559193395869,0.486440806604131,0.999999998943904
2.23201646929523e-09,0.486060739517009,0.513939260482991,0.486060739517009,0.999999998915104
2.29467636723194e-09,0.48567005311979,0.51432994688021,0.48567005311979,0.999999998885544
2.35909533050864e-09,0.485268453642864,0.514731546357136,0.485268453642864,0.999999998855205
2.42532274176036e-09,0.484855639443795,0.515144360556205,0.484855639443795,0.999999998824069
2.49340936995188e-09,0.484431300818361,0.515568699181639,0.484431300818361,0.999999998792114
2.56340740929651e-09,0.483995119809017,0.516004880190983,0.483995119809017,0.999999998759323
2.63537051926739e-09,0.483546770010937,0.516453229989063,0.483546770010937,0.999999998725675
2.70935386573205e-09,0.483085916375799,0.516914083624201,0.483085916375799,0.999999998691149
2.78541416324176e-09,0.482612215013544,0.517387784986456,0.482612215013544,0.999999998655725
2.86360971850811e-09,0.482125312992314,0.517874687007686,0.482125312992314,0.999999998619381
2.94400047510004e-09,0.481624848136845,0.518375151863155,0.481624848136845,0.999999998582096
3.0266480593957e-09,0.481110448825608,0.518889551174392,0.481110448825608,0.999999998543848
3.11161582782436e-09,0.480581733787019,0.519418266212981,0.480581733787019,0.999999998504614
3.19896891543454e-09,0.480038311895093,0.519961688104907,0.480038311895093,0.999999998464372
3.28877428582551e-09,0.479479781964953,0.520520218035047,0.479479781964953,0.999999998423099
3.38110078248068e-09,0.478905732548634,0.521094267451366,0.478905732548634,0.999999998380771
3.47601918154197e-09,0.4783157417317,0.5216842582683,0.4783157417317,0.999999998337365
3.57360224606578e-09,0.477709376931221,0.522290623068779,0.477709376931221,0.999999998292857
3.67392478180208e-09,0.477086194695725,0.522913805304275,0.477086194695725,0.999999998247221
3.77706369453937e-09,0.476445740507791,0.523554259492209,0.476445740507791,0.999999998200434
3.88309804905961e-09,0.475787548590036,0.524212451409964,0.475787548590036,0.99999999815247
3.99210912974805e-09,0.475111141715288,0.524888858284712,0.475111141715288,0.999999998103305
4.10418050290471e-09,0.474416031021854,0.525583968978146,0.474416031021854,0.999999998052911
4.21939808080502e-09,0.47370171583482,0.52629828416518,0.47370171583482,0.999999998001264
4.33785018755898e-09,0.472967683494482,0.527032316505518,0.472967683494482,0.999999997948337
4.45962762681909e-09,0.472213409193011,0.527786590806989,0.472213409193011,0.999999997894104
4.58482375138911e-09,0.471438355820646,0.528561644179354,0.471438355820646,0.999999997838538
4.71353453478692e-09,0.470641973822742,0.529358026177258,0.470641973822742,0.999999997781613
4.8458586448165e-09,0.469823701069167,0.530176298930833,0.469823701069167,0.999999997723301
4.98189751920517e-09,0.468982962737628,0.531017037262372,0.468982962737628,0.999999997663575
5.12175544336424e-09,0.468119171212662,0.531880828787338,0.468119171212662,0.999999997602408
5.26553963033276e-09,0.46723172600215,0.53276827399785,0.46723172600215,0.999999997539773
5.41336030296538e-09,0.466320013673351,0.533679986326649,0.466320013673351,0.999999997475642
5.56533077842764e-09,0.465383407810641,0.534616592189359,0.465383407810641,0.999999997409987
5.72156755506324e-09,0.464421268997242,0.535578731002758,0.464421268997242,0.999999997342782
5.88219040169997e-09,0.463432944823469,0.536567055176531,0.463432944823469,0.999999997273999
6.04732244946265e-09,0.462417769924134,0.537582230075866,0.462417769924134,0.999999997203611
6.21709028616383e-09,0.461375066047979,0.538624933952021,0.461375066047979,0.99999999713159
6.39162405334401e-09,0.460304142162166,0.539695857837834,0.460304142162166,0.999999997057909
6.57105754603627e-09,0.45920429459509,0.54079570540491,0.45920429459509,0.999999996982542
6.75552831533164e-09,0.458074807220939,0.541925192779061,0.458074807220939,0.999999996905463
6.94517777382369e-09,0.456914951689687,0.543085048310313,0.456914951689687,0.999999996826644
7.14015130401339e-09,0.455723987706379,0.544276012293621,0.455723987706379,0.999999996746062
7.3405983697572e-09,0.454501163363805,0.545498836636195,0.454501163363805,0.999999996663689
7.5466726308439e-09,0.453245715532883,0.546754284467117,0.453245715532883,0.999999996579503
7.75853206078784e-09,0.45195687031528,0.54804312968472,0.45195687031528,0.999999996493478
7.97633906792928e-09,0.450633843563016,0.549366156436984,0.450633843563016,0.999999996405592
8.20026061993413e-09,0.449275841470014,0.550724158529986,0.449275841470014,0.999999996315821
8.43046837178897e-09,0.447882061240768,0.552117938759232,0.447882061240768,0.999999996224144
8.66713879738922e-09,0.446451691841462,0.553548308158538,0.446451691841462,0.999999996130541
8.9104533248215e-09,0.444983914839081,0.555016085160919,0.444983914839081,0.999999996034992
9.16059847544369e-09,0.443477905334199,0.556522094665801,0.443477905334199,0.999999995937477
9.41776600686954e-09,0.441932832993238,0.558067167006762,0.441932832993238,0.99999999583798
9.6821530599671e-09,0.440347863186124,0.559652136813876,0.440347863186124,0.999999995736485
9.95396230998424e-09,0.438722158235288,0.561277841764712,0.438722158235288,0.999999995632976
1.02334021219164e-08,0.43705487878201,0.56294512121799,0.43705487878201,0.999999995527442
1.05206867102362e-08,0.435345185276038,0.564654814723962,0.435345185276038,0.99999999541987
1.08160363031071e-08,0.433592239594332,0.566407760405668,0.433592239594332,0.999999995310251
1.1119677311207e-08,0.431795206794622,0.568204793205378,0.431795206794622,0.999999995198577
1.14318425012915e-08,0.429953257009199,0.570046742990801,0.429953257009199,0.999999995084842
1.17527711746295e-08,0.428065567484053,0.571934432515947,0.428065567484053,0.999999994969043
1.20827093504478e-08,0.426131324768024,0.573868675231976,0.426131324768024,0.999999994851179
1.24219099545262e-08,0.4241497270561,0.5758502729439,0.4241497270561,0.99999999473125
1.27706330130864e-08,0.422119986690322,0.577880013309678,0.422119986690322,0.999999994609261
1.31291458521247e-08,0.420041332820985,0.579958667179015,0.420041332820985,0.999999994485216
1.34977233023394e-08,0.417913014229881,0.582086985770119,0.417913014229881,0.999999994359126
1.38766479098131e-08,0.415734302316256,0.584265697683744,0.415734302316256,0.999999994231001
1.42662101526074e-08,0.413504494244909,0.586495505755091,0.413504494244909,0.999999994100858
1.46667086634397e-08,0.411222916254472,0.588777083745528,0.411222916254472,0.999999993968713
1.50784504586105e-08,0.408888927122322,0.591111072877678,0.408888927122322,0.999999993834588
1.55017511733577e-08,0.406501921780835,0.593498078219165,0.406501921780835,0.999999993698508
1.59369353038178e-08,0.404061335077781,0.595938664922219,0.404061335077781,0.999999993560501
1.63843364557798e-08,0.401566645671551,0.598433354328449,0.401566645671551,0.999999993420597
1.68442976004231e-08,0.399017380049657,0.600982619950343,0.399017380049657,0.999999993278832
1.73171713372335e-08,0.396413116656551,0.603586883343449,0.396413116656551,0.999999993135246
1.78033201643011e-08,0.393753490114239,0.606246509885761,0.393753490114239,0.999999992989881
1.83031167562061e-08,0.391038195516515,0.608961804483485,0.391038195516515,0.999999992842782
1.88169442497056e-08,0.388266992774902,0.611733007225098,0.388266992774902,0.999999992694002
1.93451965374404e-08,0.385439710991557,0.614560289008443,0.385439710991557,0.999999992543593
1.98882785698881e-08,0.382556252831595,0.617443747168405,0.382556252831595,0.999999992391615
2.04466066657912e-08,0.37961659886449,0.62038340113551,0.37961659886449,0.999999992238129
2.10206088313016e-08,0.376620811841512,0.623379188158488,0.376620811841512,0.999999992083201
2.16107250880838e-08,0.373569040873574,0.626430959126426,0.373569040873574,0.999999991926902
2.22174078106288e-08,0.370461525471531,0.629538474528469,0.370461525471531,0.999999991769305
2.28411220730383e-08,0.367298599408867,0.632701400591133,0.367298599408867,0.999999991610488
2.34823460055428e-08,0.364080694364958,0.635919305635042,0.364080694364958,0.999999991450531
2.41415711610302e-08,0.360808343305773,0.639191656694227,0.360808343305773,0.99999999128952
2.48193028918626e-08,0.357482183558032,0.642517816441968,0.357482183558032,0.999999991127541
2.55160607372719e-08,0.354102959532534,0.645897040467466,0.354102959532534,0.999999990964687
2.62323788216312e-08,0.350671525052689,0.649328474947311,0.350671525052689,0.999999990801052
2.69688062639069e-08,0.347188845245299,0.652811154754701,0.347188845245299,0.999999990636731
2.77259075986048e-08,0.343655997952323,0.656344002047677,0.343655997952323,0.999999990471826
2.85042632085343e-08,0.340074174624825,0.659925825375175,0.340074174624825,0.999999990306436
2.93044697697214e-08,0.336444680663552,0.663555319336448,0.336444680663552,0.999999990140667
3.01271407088116e-08,0.332768935174563,0.667231064825437,0.332768935174563,0.999999989974623
3.09729066733141e-08,0.329048470113093,0.670951529886907,0.329048470113093,0.999999989808412
3.18424160150466e-08,0.325284928794286,0.674715071205714,0.325284928794286,0.999999989642142
3.27363352871525e-08,0.321480063755565,0.678519936244435,0.321480063755565,0.999999989475921
3.36553497550709e-08,0.317635733962052,0.682364266037948,0.317635733962052,0.999999989309858
3.46001639218511e-08,0.313753901353656,0.686246098646344,0.313753901353656,0.999999989144064
3.55715020682138e-08,0.309836626739913,0.690163373260087,0.309836626739913,0.999999988978646
3.65701088077749e-08,0.305886065056427,0.694113934943573,0.305886065056427,0.999999988813713
3.75967496578547e-08,0.301904460004538,0.698095539995462,0.301904460004538,0.999999988649374
3.86522116263126e-08,0.297894138103577,0.702105861896423,0.297894138103577,0.999999988485733
3.97373038148561e-08,0.29385750219257,0.70614249780743,0.29385750219257,0.999999988322895
4.08528580392857e-08,0.2897970244253,0.7102029755747,0.2897970244253,0.999999988160963
4.19997294671531e-08,0.285715238809203,0.714284761190797,0.285715238809203,0.999999988000037
4.31787972733202e-08,0.281614733344425,0.718385266655575,0.281614733344425,0.999999987840214
4.43909653139217e-08,0.277498141824379,0.722501858175621,0.277498141824379,0.99999998768159
4.56371628192476e-08,0.273368135363261,0.726631864636739,0.273368135363261,0.999999987524254
4.6918345106078e-08,0.269227413719103,0.730772586280897,0.269227413719103,0.999999987368295
4.82354943100147e-08,0.265078696482946,0.734921303517054,0.265078696482946,0.999999987213798
4.95896201383721e-08,0.260924714205719,0.739075285794281,0.260924714205719,0.999999987060843
5.09817606442043e-08,0.256768199534191,0.743231800465809,0.256768199534191,0.999999986909505
5.24129830220606e-08,0.2526118784262,0.7473881215738,0.2526118784262,0.999999986759858
5.38843844260822e-08,0.248458461513067,0.751541538486933,0.248458461513067,0.999999986611969
5.5397092811064e-08,0.244310635673937,0.755689364326063,0.244310635673937,0.999999986465901
5.69522677971282e-08,0.240171055882694,0.759828944117306,0.240171055882694,0.999999986321714
5.85511015586724e-08,0.236042337383317,0.763957662616683,0.236042337383317,0.999999986179461
6.01948197382727e-08,0.231927048244104,0.768072951755896,0.231927048244104,0.999999986039193
6.18846823862438e-08,0.227827702335244,0.772172297664756,0.227827702335244,0.999999985900955
6.3621984926575e-08,0.223746752767971,0.776253247232029,0.223746752767971,0.999999985764787
6.54080591499826e-08,0.219686585826981,0.780313414173019,0.219686585826981,0.999999985630727
6.72442742348425e-08,0.215649515421229,0.784350484578771,0.215649515421229,0.999999985498805
6.91320377967813e-08,0.211637778071626,0.788362221928374,0.211637778071626,0.999999985369049
7.10727969677341e-08,0.20765352844777,0.79234647155223,0.20765352844777,0.999999985241483
7.30680395052951e-08,0.203698835459634,0.796301164540366,0.203698835459634,0.999999985116125
7.51192949332097e-08,0.199775678904338,0.800224321095662,0.199775678904338,0.999999984992992
7.72281357138864e-08,0.195885946662676,0.804114053337324,0.195885946662676,0.999999984872094
7.93961784538228e-08,0.192031432435144,0.807968567564856,0.192031432435144,0.999999984753438
8.16250851428724e-08,0.188213834002736,0.811786165997264,0.188213834002736,0.99999998463703
8.39165644283016e-08,0.184434751993898,0.815565248006102,0.184434751993898,0.999999984522869
8.62723729246145e-08,0.180695689135652,0.819304310864348,0.180695689135652,0.999999984410954
8.8694316560147e-08,0.176998049964105,0.823001950035895,0.176998049964105,0.999999984301279
9.11842519614656e-08,0.173343140967296,0.826656859032704,0.173343140967296,0.999999984193835
9.374408787663e-08,0.169732171131599,0.830267828868401,0.169732171131599,0.999999984088612
9.63757866384109e-08,0.166166252861647,0.833833747138353,0.166166252861647,0.999999983985597
9.90813656685867e-08,0.162646403242968,0.837353596757032,0.162646403242968,0.999999983884772
1.01862899024469e-07,0.159173545616177,0.840826454383823,0.159173545616177,0.999999983786121
1.04722518988844e-07,0.155748511431576,0.844251488568424,0.155748511431576,0.999999983689624
1.07662417704549e-07,0.152372042353381,0.847627957646619,0.152372042353381,0.999999983595258
1.10684848854941e-07,0.149044792583489,0.850955207416511,0.149044792583489,0.999999983503
1.13792129391531e-07,0.145767331375567,0.854232668624433,0.145767331375567,0.999999983412825
1.16986641310131e-07,0.142540145711401,0.857459854288599,0.142540145711401,0.999999983324707
1.20270833476851e-07,0.13936364311273,0.86063635688727,0.13936364311273,0.999999983238618
1.23647223505371e-07,0.136238154563219,0.863761845436781,0.136238154563219,0.999999983154531
1.27118399686903e-07,0.133163937516759,0.866836062483241,0.133163937516759,0.999999983072413
1.30687022974335e-07,0.130141178969858,0.869858821030142,0.130141178969858,0.999999982992237
1.34355829022083e-07,0.127169998577554,0.872830001422446,0.127169998577554,0.999999982913969
1.38127630283201e-07,0.124250451793891,0.875749548206109,0.124250451793891,0.99999998283758
1.42005318165368e-07,0.121382533019672,0.878617466980328,0.121382533019672,0.999999982763035
1.45991865247398e-07,0.11856617874179,0.88143382125821,0.11856617874179,0.999999982690302
1.50090327557974e-07,0.115801270650036,0.884198729349964,0.115801270650036,0.999999982619349
1.54303846918356e-07,0.113087638718781,0.886912361281219,0.113087638718781,0.999999982550142
1.58635653350859e-07,0.110425064242393,0.889574935757607,0.110425064242393,0.999999982482648
1.63089067554933e-07,0.107813282814637,0.892186717185363,0.107813282814637,0.999999982416832
1.6766750345277e-07,0.105251987243604,0.894748012756396,0.105251987243604,0.999999982352662
1.72374470806362e-07,0.102740830394935,0.897259169605065,0.102740830394935,0.999999982290104
1.77213577908036e-07,0.10027942795727,0.89972057204273,0.10027942795727,0.999999982229124
1.82188534346517e-07,0.0978673611248774,0.902132638875123,0.0978673611248774,0.999999982169689
1.87303153850643e-07,0.0955041791934252,0.904495820806575,0.0955041791934252,0.999999982111766
1.9256135721292e-07,0.0931894020657171,0.906810597934283,0.0931894020657171,0.999999982055322
1.97967175295133e-07,0.090922522665053,0.909077477334947,0.090922522665053,0.999999982000325
2.03524752118358e-07,0.0887030092545947,0.911296990745405,0.0887030092545947,0.999999981946742
2.09238348039698e-07,0.0865303076617842,0.913469692338216,0.0865303076617842,0.999999981894541
2.15112343018217e-07,0.0844038434074477,0.915596156592552,0.0844038434074477,0.999999981843692
2.21151239972549e-07,0.0823230237397539,0.917676976260246,0.0823230237397539,0.999999981794161
2.27359668232772e-07,0.0802872395736455,0.919712760426355,0.0802872395736455,0.99999998174592
2.33742387089181e-07,0.078295867336779,0.921704132663221,0.078295867336779,0.999999981698937
2.40304289440697e-07,0.0763482707233526,0.923651729276647,0.0763482707233526,0.999999981653183
2.47050405545683e-07,0.0744438023575105,0.92555619764249,0.0744438023575105,0.999999981608628
2.53985906878073e-07,0.07258180536826,0.92741819463174,0.07258180536826,0.999999981565244
2.61116110091746e-07,0.0707616148780649,0.929238385121935,0.0707616148780649,0.999999981523002
2.68446481096197e-07,0.0689825594074441,0.931017440592556,0.0689825594074441,0.999999981481875
2.75982639246618e-07,0.0672439621980572,0.932756037801943,0.0672439621980572,0.999999981441834
2.83730361651621e-07,0.0655451424568638,0.934454857543136,0.0655451424568638,0.999999981402853
2.91695587601879e-07,0.0638854165240355,0.936114583475965,0.0638854165240355,0.999999981364906
2.99884423123102e-07,0.0622640989673504,0.93773590103265,0.0622640989673504,0.999999981327967
3.08303145656828e-07,0.0606805036058476,0.939319496394152,0.0606805036058476,0.99999998129201
3.16958208872612e-07,0.0591339444655294,0.940866055534471,0.0591339444655294,0.999999981257011
3.25856247615323e-07,0.0576237366699057,0.942376263330094,0.0576237366699057,0.999999981222945
3.35004082991314e-07,0.056149197268161,0.943850802731839,0.056149197268161,0.99999998118979
3.44408727597382e-07,0.0547096460036949,0.945290353996305,0.0547096460036949,0.99999998115752
3.54077390896527e-07,0.0533044060257544,0.946695593974246,0.0533044060257544,0.999999981126115
3.64017484744614e-07,0.0519328045468265,0.948067195453174,0.0519328045468265,0.999999981095551
3.74236629072198e-07,0.0505941734484059,0.949405826551594,0.0505941734484059,0.999999981065807
3.84742657725851e-07,0.049287849837691,0.950712150162309,0.049287849837691,0.999999981036862
3.9554362447347e-07,0.0480131765576967,0.951986823442303,0.0480131765576967,0.999999981008694
4.06647809178186e-07,0.0467695026531966,0.953230497346803,0.0467695026531966,0.999999980981284
4.18063724145576e-07,0.0455561837948407,0.954443816205159,0.0455561837948407,0.999999980954612
4.2980012064908e-07,0.0443725826637097,0.95562741733629,0.0443725826637097,0.999999980928659
4.41865995638594e-07,0.0432180692984936,0.956781930701506,0.0432180692984936,0.999999980903405
4.54270598637404e-07,0.0420920214074015,0.957907978592598,0.0420920214074015,0.999999980878832
4.67023438832733e-07,0.0409938246468285,0.959006175353171,0.0409938246468285,0.999999980854923
4.80134292365345e-07,0.0399228728687253,0.960077127131275,0.0399228728687253,0.99999998083166
4.93613209823792e-07,0.0388785683385371,0.961121431661463,0.0388785683385371,0.999999980809025
5.07470523949047e-07,0.0378603219255,0.9621396780745,0.0378603219255,0.999999980787003
5.21716857555435e-07,0.0368675532670018,0.963132446732998,0.0368675532670018,0.999999980765576
5.36363131673925e-07,0.0358996909086425,0.964100309091357,0.0358996909086425,0.999999980744729
5.5142057392403e-07,0.0349561724215499,0.96504382757845,0.0349561724215499,0.999999980724447
5.66900727120743e-07,0.0340364444984365,0.965963555501564,0.0340364444984365,0.999999980704715
5.82815458123084e-07,0.0331399630298091,0.966860036970191,0.0331399630298091,0.999999980685517
5.99176966931061e-07,0.0322661931616777,0.967733806838322,0.0322661931616777,0.99999998066684
6.15997796038017e-07,0.0314146093360356,0.968585390663964,0.0314146093360356,0.99999998064867
6.33290840045511e-07,0.0305846953153294,0.969415304684671,0.0305846953153294,0.999999980630993
6.51069355548147e-07,0.0297759441920612,0.970224055807939,0.0297759441920612,0.999999980613795
6.69346971295867e-07,0.0289878583846164,0.971012141615384,0.0289878583846164,0.999999980597065
6.88137698641567e-07,0.028219949620345,0.971780050379655,0.028219949620345,0.999999980580789
7.07455942281988e-07,0.0274717389068735,0.972528261093127,0.0274717389068735,0.999999980564955
7.27316511300145e-07,0.0267427564925655,0.973257243507434,0.0267427564925655,0.999999980549552
7.47734630517758e-07,0.0260325418170042,0.973967458182996,0.0260325418170042,0.999999980534567
7.68725952166374e-07,0.0253406434523133,0.974659356547687,0.0253406434523133,0.99999998051999
7.90306567886135e-07,0.0246666190360948,0.975333380963905,0.0246666190360948,0.999999980505809
8.12493021061405e-07,0.0240100351967069,0.975989964803293,0.0240100351967069,0.999999980492014
8.35302319502679e-07,0.0233704674715719,0.976629532528428,0.0233704674715719,0.999999980478594
8.58751948484518e-07,0.0227475002191577,0.977252499780842,0.0227475002191577,0.99999998046554
8.82859884149515e-07,0.022140726525238,0.977859273474762,0.022140726525238,0.999999980452841
9.07644607288536e-07,0.0215497481040009,0.978450251895999,0.0215497481040009,0.999999980440487
9.33125117507824e-07,0.0209741751945404,0.97902582480546,0.0209741751945404,0.99999998042847
9.59320947793823e-07,0.02041362645323,0.97958637354677,0.02041362645323,0.999999980416781
9.86252179486878e-07,0.0198677288424474,0.980132271157553,0.0198677288424474,0.999999980405409
1.01393945767529e-06,0.019336117516089,0.980663882483911,0.019336117516089,0.999999980394348
1.04240400702156e-06,0.0188184357022837,0.981181564297716,0.0188184357022837,0.999999980383587
1.07166764803286e-06,0.0183143345836888,0.981685665416311,0.0183143345836888,0.99999998037312
1.10175281378839e-06,0.0178234731757261,0.982176526824274,0.0178234731757261,0.999999980362938
1.13268256713615e-06,0.0173455182030896,0.98265448179691,0.0173455182030896,0.999999980353034
1.16448061837269e-06,0.0168801439748367,0.983119856025163,0.0168801439748367,0.9999999803434
1.19717134341897e-06,0.0164270322583496,0.98357296774165,0.0164270322583496,0.999999980334028
1.23077980250667e-06,0.0159858721524357,0.984014127847564,0.0159858721524357,0.999999980324911
1.26533175938894e-06,0.0155563599598163,0.984443640040184,0.0155563599598163,0.999999980316044
1.30085370109057e-06,0.015138199059232,0.984861800940768,0.015138199059232,0.999999980307418
1.3373728582125e-06,0.01473109977738,0.98526890022262,0.01473109977738,0.999999980299027
1.37491722580642e-06,0.0143347792608796,0.98566522073912,0.0143347792608796,0.999999980290865
1.4135155848354e-06,0.0139489613484469,0.986051038651553,0.0139489613484469,0.999999980282926
1.4531975242369e-06,0.013573376443448,0.986426623556552,0.013573376443448,0.999999980275203
1.49399346360526e-06,0.0132077613869827,0.986792238613017,0.0132077613869827,0.999999980267691
1.5359346765109e-06,0.0128518593316408,0.987148140668359,0.0128518593316408,0.999999980260384
1.57905331447418e-06,0.0125054196160607,0.987494580383939,0.0125054196160607,0.999999980253276
1.62338243161228e-06,0.0121681976404078,0.987831802359592,0.0121681976404078,0.999999980246362
1.66895600997803e-06,0.0118399547428808,0.988160045257119,0.0118399547428808,0.999999980239636
1.71580898561001e-06,0.0115204580773426,0.988479541922657,0.0115204580773426,0.999999980233095
1.76397727531405e-06,0.011209480492166,0.988790519507834,0.011209480492166,0.999999980226731
1.8134978041965e-06,0.010906800410373,0.989093199589627,0.010906800410373,0.999999980220541
1.86440853397049e-06,0.0106122017111391,0.989387798288861,0.0106122017111391,0.999999980214521
1.91674849205681e-06,0.010325473612728,0.989674526387272,0.010325473612728,0.999999980208664
1.9705578015018e-06,0.0100464105569127,0.989953589443087,0.0100464105569127,0.999999980202967
2.02587771173502e-06,0.0097748120949338,0.990225187905066,0.0097748120949338,0.999999980197426
2.08275063019052e-06,0.0095104827750403,0.99048951722496,0.0095104827750403,0.999999980192036
2.14122015481573e-06,0.00925323203164907,0.990746767968351,0.00925323203164907,0.999999980186793
2.20133110749303e-06,0.00900287407615896,0.990997125923841,0.00900287407615896,0.999999980181693
2.26312956839953e-06,0.00875922778944538,0.991240772210555,0.00875922778944538,0.999999980176733
2.32666291133146e-06,0.00852211661606117,0.991477883383939,0.00852211661606117,0.999999980171907
2.39197984002024e-06,0.00829136846015988,0.99170863153984,0.00829136846015988,0.999999980167214
2.45913042546804e-06,0.00806681558316047,0.99193318441684,0.00806681558316047,0.999999980162648
2.5281661443315e-06,0.00784829450316105,0.992151705496839,0.00784829450316105,0.999999980158208
2.59913991838293e-06,0.00763564589611299,0.992364354103887,0.00763564589611299,0.999999980153888
2.67210615507944e-06,0.00742871449875748,0.992571285501243,0.00742871449875748,0.999999980149686
2.74712078927081e-06,0.00722734901332933,0.992772650986671,0.00722734901332933,0.999999980145599
2.82424132607844e-06,0.00703140201402341,0.992968597985977,0.00703140201402341,0.999999980141624
2.90352688497781e-06,0.00684072985522466,0.993159270144775,0.00684072985522466,0.999999980137757
2.98503824511873e-06,0.00665519258149316,0.993344807418507,0.00665519258149316,0.999999980133996
3.06883789191764e-06,0.00647465383929635,0.993525346160704,0.00647465383929635,0.999999980130337
3.15499006495809e-06,0.00629898079048163,0.993701019209518,0.00629898079048163,0.999999980126778
3.24356080723581e-06,0.00612804402747447,0.993871955972526,0.00612804402747447,0.999999980123317
3.33461801578637e-06,0.00596171749019103,0.994038282509809,0.00596171749019103,0.99999998011995
3.42823149373397e-06,0.0057998783846499,0.99420012161535,0.0057998783846499,0.999999980116674
3.52447300380159e-06,0.00564240710326835,0.994357592896732,0.00564240710326835,0.999999980113489
3.62341632332315e-06,0.00548918714682389,0.994510812853176,0.00548918714682389,0.99999998011039
3.72513730080021e-06,0.00534010504806515,0.994659894951935,0.00534010504806515,0.999999980107376
3.82971391404628e-06,0.00519505029695166,0.994804949703048,0.00519505029695166,0.999999980104444
3.93722632996347e-06,0.00505391526750332,0.994946084732497,0.00505391526750332,0.999999980101592
4.04775696599732e-06,0.00491659514623788,0.995083404853762,0.00491659514623788,0.999999980098818
4.16139055331671e-06,0.00478298786217624,0.995217012137824,0.00478298786217624,0.999999980096119
4.27821420176762e-06,0.00465299401839303,0.995347005981607,0.00465299401839303,0.999999980093495
4.39831746665023e-06,0.00452651682508898,0.995473483174911,0.00452651682508898,0.999999980090942
4.5217924173707e-06,0.00440346203416397,0.995596537965836,0.00440346203416397,0.999999980088459
4.64873370802026e-06,0.00428373787526637,0.995716262124734,0.00428373787526637,0.999999980086043
4.7792386499356e-06,0.00416725499329418,0.995832745006706,0.00416725499329418,0.999999980083694
4.91340728629636e-06,0.00405392638732627,0.995946073612674,0.00405392638732627,0.999999980081409
5.05134246881677e-06,0.00394366735095786,0.996056332649042,0.00394366735095786,0.999999980079186
5.19314993659021e-06,0.00383639541401626,0.996163604585984,0.00383639541401626,0.999999980077023
5.33893839714736e-06,0.00373203028563374,0.996267969714366,0.00373203028563374,0.99999998007492
5.48881960978968e-06,0.00363049379865077,0.996369506201349,0.00363049379865077,0.999999980072874
5.64290847126254e-06,0.00353170985532858,0.996468290144671,0.00353170985532858,0.999999980070885
5.80132310383338e-06,0.0034356043743432,0.996564395625657,0.0034356043743432,0.999999980068949
5.96418494584246e-06,0.00334210523903933,0.996657894760961,0.00334210523903933,0.999999980067066
6.13161884479577e-06,0.00325114224691825,0.996748857753082,0.00325114224691825,0.999999980065235
6.30375315307127e-06,0.00316264706033609,0.996837352939664,0.00316264706033609,0.999999980063454
6.48071982631197e-06,0.00307655315838928,0.996923446841611,0.00307655315838928,0.999999980061721
6.66265452458115e-06,0.00299279578996181,0.997007204210038,0.00299279578996181,0.999999980060036
6.84969671635745e-06,0.00291131192791216,0.997088688072088,0.00291131192791216,0.999999980058396
7.0419897854493e-06,0.00283204022437544,0.997167959775625,0.00283204022437544,0.999999980056802
7.23968114091088e-06,0.00275492096715868,0.997245079032841,0.00275492096715868,0.999999980055251
7.44292233004376e-06,0.00267989603720464,0.997320103962795,0.00267989603720464,0.999999980053742
7.65186915457082e-06,0.00260690886710369,0.997393091132896,0.00260690886710369,0.999999980052274
7.86668179007157e-06,0.00253590440062912,0.997464095599371,0.00253590440062912,0.999999980050847
8.08752490877046e-06,0.00246682905327522,0.997533170946725,0.00246682905327522,0.999999980049459
8.31456780577206e-06,0.0023996306737758,0.997600369326224,0.0023996306737758,0.999999980048108
8.54798452884042e-06,0.00233425850658175,0.997665741493418,0.00233425850658175,0.999999980046794
8.78795401182133e-06,0.00227066315527569,0.997729336844724,0.00227066315527569,0.999999980045517
9.03466021181053e-06,0.0022087965469042,0.997791203453096,0.0022087965469042,0.999999980044274
9.2882922501725e-06,0.00214861189720561,0.997851388102794,0.00214861189720561,0.999999980043065
9.54904455751808e-06,0.00209006367671405,0.997909936323286,0.00209006367671405,0.999999980041889
9.81711702275218e-06,0.0020331075777188,0.997966892422281,0.0020331075777188,0.999999980040745
1.00927151463057e-05,0.00197770048206092,0.998022299517939,0.00197770048206092,0.999999980039632
1.03760501976691e-05,0.0019238004297456,0.998076199570254,0.0019238004297456,0.99999998003855
1.06673393773486e-05,0.0018713665883543,0.998128633411646,0.0018713665883543,0.999999980037497
1.09668059833687e-05,0.00182035922323431,0.998179640776766,0.00182035922323431,0.999999980036474
1.12746795824495e-05,0.00177073966845109,0.998229260331549,0.00177073966845109,0.999999980035478
1.15911961859889e-05,0.00172247029848305,0.998277529701517,0.00172247029848305,0.999999980034509
1.19165984309856e-05,0.00167551450064229,0.998324485499358,0.00167551450064229,0.999999980033566
1.22511357660412e-05,0.00162983664820326,0.998370163351797,0.00162983664820326,0.99999998003265
1.25950646425836e-05,0.00158540207422342,0.998414597925777,0.00158540207422342,0.999999980031758
1.2948648711459e-05,0.00154217704603832,0.998457822953962,0.00154217704603832,0.999999980030891
1.33121590250431e-05,0.0015001287404155,0.998499871259585,0.0015001287404155,0.999999980030048
1.36858742450252e-05,0.00145922521935027,0.99854077478065,0.00145922521935027,0.999999980029227
1.40700808560269e-05,0.00141943540649003,0.99858056459351,0.00141943540649003,0.999999980028429
1.44650733852165e-05,0.00138072906416831,0.998619270935832,0.00138072906416831,0.999999980027653
1.48711546280895e-05,0.0013430767710374,0.998656923228963,0.0013430767710374,0.999999980026898
1.52886358805873e-05,0.00130644990028161,0.998693550099718,0.00130644990028161,0.999999980026163
1.57178371777316e-05,0.00127082059839889,0.998729179401601,0.00127082059839889,0.999999980025449
1.61590875389592e-05,0.00123616176453645,0.998763838235464,0.00123616176453645,0.999999980024754
1.66127252203429e-05,0.00120244703036565,0.998797552969634,0.00120244703036565,0.999999980024078
1.70790979738943e-05,0.00116965074048381,0.998830349259516,0.00116965074048381,0.99999998002342
1.75585633141447e-05,0.00113774793332888,0.998862252066671,0.00113774793332888,0.999999980022781
1.80514887922111e-05,0.0011067143225959,0.998893285677404,0.0011067143225959,0.999999980022159
1.85582522775552e-05,0.00107652627913968,0.99892347372086,0.00107652627913968,0.999999980021554
1.90792422476527e-05,0.00104716081335487,0.998952839186645,0.00104716081335487,0.999999980020965
1.96148580857943e-05,0.00101859555801842,0.998981404441982,0.00101859555801842,0.999999980020393
2.01655103872475e-05,0.000990808751584416,0.999009191248416,0.000990808751584416,0.999999980019836
2.07316212740123e-05,0.00096377922192048,0.99903622077808,0.00096377922192048,0.999999980019294
2.13136247184144e-05,0.00093748637047153,0.999062513629528,0.00093748637047153,0.999999980018767
2.19119668757815e-05,0.000911910156843554,0.999088089843156,0.000911910156843554,0.999999980018255
2.25271064264598e-05,0.000887031083794843,0.999112968916205,0.000887031083794843,0.999999980017756
2.31595149274315e-05,0.000862830182623897,0.999137169817376,0.000862830182623897,0.999999980017272
2.38096771738036e-05,0.00083928899894492,0.999160711001055,0.00083928899894492,0.9999999800168
2.44780915704444e-05,0.000816389578840671,0.999183610421159,0.000816389578840671,0.999999980016341
2.51652705140539e-05,0.00079411445538291,0.999205885544617,0.00079411445538291,0.999999980015895
2.58717407859592e-05,0.000772446635509905,0.99922755336449,0.000772446635509905,0.999999980015461
2.65980439559376e-05,0.00075136958725408,0.999248630412746,0.00075136958725408,0.999999980015039
2.73447367973758e-05,0.000730867227309084,0.999269132772691,0.000730867227309084,0.999999980014628
2.81123917140846e-05,0.000710923908926797,0.999289076091073,0.000710923908926797,0.999999980014229
2.89015971790951e-05,0.000691524410138533,0.999308475589861,0.000691524410138533,0.99999998001384
2.97129581857733e-05,0.000672653922288879,0.999327346077711,0.000672653922288879,0.999999980013462
3.05470967115997e-05,0.000654298038876178,0.999345701961124,0.000654298038876178,0.999999980013095
3.14046521949675e-05,0.000636442744690435,0.99936355725531,0.000636442744690435,0.999999980012737
3.22862820253673e-05,0.000619074405242115,0.999380925594758,0.000619074405242115,0.999999980012389
3.31926620473319e-05,0.000602179756472365,0.999397820243528,0.000602179756472365,0.999999980012051
3.41244870785289e-05,0.00058574589473992,0.99941425410526,0.00058574589473992,0.999999980011722
3.50824714423979e-05,0.000569760267074337,0.999430239732926,0.000569760267074337,0.999999980011402
3.60673495157403e-05,0.000554210661691923,0.999445789338308,0.000554210661691923,0.99999998001109
3.70798762916817e-05,0.000539085198764111,0.999460914801236,0.000539085198764111,0.999999980010788
3.81208279584389e-05,0.00052437232143443,0.999475627678566,0.00052437232143443,0.999999980010493
3.9191002494334e-05,0.000510060787076272,0.999489939212924,0.000510060787076272,0.999999980010206
4.02912202795135e-05,0.000496139658784478,0.999503860341216,0.000496139658784478,0.999999980009928
4.1422324724839e-05,0.000482598297096404,0.999517401702904,0.000482598297096404,0.999999980009657
4.25851829184341e-05,0.000469426351934366,0.999530573648066,0.000469426351934366,0.999999980009393
4.37806862903817e-05,0.000456613754765467,0.999543386245235,0.000456613754765467,0.999999980009136
4.50097512960805e-05,0.000444150710971591,0.999555849289028,0.000444150710971591,0.999999980008887
4.62733201187869e-05,0.000432027692424786,0.999567972307575,0.000432027692424786,0.999999980008644
4.75723613918789e-05,0.000420235430262594,0.999579764569737,0.000420235430262594,0.999999980008408
4.89078709413959e-05,0.000408764907857462,0.999591235092143,0.000408764907857462,0.999999980008179
5.02808725494247e-05,0.000397607353976204,0.999602392646024,0.000397607353976204,0.999999980007955
5.1692418738916e-05,0.000386754236122555,0.999613245763877,0.000386754236122555,0.999999980007738
5.31435915805324e-05,0.000376197254060684,0.999623802745939,0.000376197254060684,0.999999980007527
5.46355035221488e-05,0.000365928333511567,0.999634071666488,0.000365928333511567,0.999999980007321
5.6169298241638e-05,0.000355939620021117,0.999644060379979,0.000355939620021117,0.999999980007121
5.77461515235983e-05,0.00034622347299218,0.999653776527008,0.00034622347299218,0.999999980006927
5.93672721606913e-05,0.000336772459878953,0.999663227540121,0.000336772459878953,0.999999980006738
6.10339028802862e-05,0.000327579350536844,0.999672420649463,0.000327579350536844,0.999999980006554
6.27473212971157e-05,0.000318637111725972,0.999681362888274,0.000318637111725972,0.999999980006375
6.4508840892677e-05,0.000309938901762563,0.999690061098237,0.000309938901762563,0.999999980006201
6.63198120221268e-05,0.000301478065314997,0.999698521934685,0.000301478065314997,0.999999980006031
6.81816229494448e-05,0.000293248128340751,0.999706751871659,0.000293248128340751,0.999999980005867
7.00957009116562e-05,0.000285242793159557,0.99971475720684,0.000285242793159557,0.999999980005707
7.20635132129306e-05,0.000277455933660797,0.999722544066339,0.000277455933660797,0.999999980005551
7.40865683493957e-05,0.000269881590639787,0.99973011840936,0.000269881590639787,0.999999980005399
7.61664171655289e-05,0.000262513967260292,0.99973748603274,0.000262513967260292,0.999999980005252
7.83046540430118e-05,0.000255347424640284,0.99974465257536,0.000255347424640284,0.999999980005108
8.05029181229597e-05,0.000248376477556822,0.999751623522443,0.000248376477556822,0.999999980004969
8.27628945624635e-05,0.00024159579026739,0.999758404209733,0.00024159579026739,0.999999980004833
8.50863158264058e-05,0.000235000172444599,0.999764999827555,0.000235000172444599,0.999999980004701
8.74749630155442e-05,0.000228584575220458,0.99977141542478,0.000228584575220458,0.999999980004573
8.99306672318761e-05,0.000222344087338122,0.999777655912662,0.000222344087338122,0.999999980004448
9.24553109823358e-05,0.000216273931408772,0.999783726068591,0.000216273931408772,0.999999980004326
9.50508296218951e-05,0.000210369460267978,0.999789630539732,0.000210369460267978,0.999999980004208
9.771921283718e-05,0.000204626153433307,0.999795373846567,0.000204626153433307,0.999999980004093
0.000100462506171734,0.000199039613655749,0.999800960386344,0.000199039613655749,0.999999980003981
0.000103282812594103,0.000193605563566401,0.999806394436434,0.000193605563566401,0.999999980003873
0.000106182294109938,0.000188319842412743,0.999811680157587,0.000188319842412743,0.999999980003767
0.000109163173419361,0.000183178402884954,0.999816821597115,0.000183178402884954,0.999999980003664
0.000112227735620851,0.000178177308026717,0.999821822691973,0.000178177308026717,0.999999980003564
0.000115378329962966,0.00017331272823129,0.999826687271769,0.00017331272823129,0.999999980003467
0.000118617371645248,0.000168580938318397,0.999831419061682,0.000168580938318397,0.999999980003372
0.000121947343669674,0.000163978314690283,0.99983602168531,0.000163978314690283,0.99999998000328
0.000125370798744092,0.000159501332565815,0.999840498667434,0.000159501332565815,0.999999980003191
0.000128890361239089,0.000155146563288966,0.999844853436711,0.000155146563288966,0.999999980003103
0.000132508729199795,0.000150910671710691,0.999849089328289,0.000150910671710691,0.999999980003019
0.000136228676414165,0.000146790413642295,0.999853209586358,0.000146790413642295,0.999999980002936
0.000140053054539322,0.000142782633376859,0.999857217366623,0.000142782633376859,0.999999980002856
0.000143984795287601,0.000138884261279504,0.99986111573872,0.000138884261279504,0.999999980002778
0.000148026912673951,0.000135092311442153,0.999864907688558,0.000135092311442153,0.999999980002702
0.000152182505326439,0.00013140387940247,0.999868596120598,0.00013140387940247,0.999999980002628
0.00015645475886161,0.000127816139924297,0.999872183860076,0.000127816139924297,0.999999980002557
0.000160846948326536,0.000124326344839165,0.999875673655161,0.000124326344839165,0.999999980002487
0.000165362440709418,0.000120931820946191,0.999879068179054,0.000120931820946191,0.999999980002419
0.000170004697520672,0.000117629967968935,0.999882370032031,0.000117629967968935,0.999999980002353
0.000174777277446468,0.00011441825656755,0.999885581743432,0.00011441825656755,0.999999980002289
0.000179683839076772,0.000111294226406322,0.999888705773594,0.000111294226406322,0.999999980002226
0.000184728143709964,0.000108255484271735,0.999891744515728,0.000108255484271735,0.999999980002165
0.000189914058236194,0.000105299702243933,0.999894700297756,0.000105299702243933,0.999999980002106
0.000195245558101686,0.00010242461591603,0.999897575384084,0.00010242461591603,0.999999980002049
0.000200726730356257,9.96280226632784e-05,0.999900371977337,9.96280226632784e-05,0.999999980001993
0.000206361776786386,9.69077799581886e-05,0.999903092220042,9.69077799581886e-05,0.999999980001938
0.000212155017136245,9.42618037328424e-05,0.999905738196267,9.42618037328424e-05,0.999999980001885
0.000218110892419152,9.1688066784501e-05,0.999908311933215,9.1688066784501e-05,0.999999980001834
0.000224233968321985,8.91845972251781e-05,0.999910815402775,8.91845972251781e-05,0.999999980001784
0.000230528938705171,8.67494769737354e-05,0.999913250523026,8.67494769737354e-05,0.999999980001735
0.000237000629200933,8.43808402882784e-05,0.999915619159712,8.43808402882784e-05,0.999999980001688
0.000243654000912547,8.20768723391874e-05,0.999917923127661,8.20768723391874e-05,0.999999980001642
0.00025049415421745,7.98358078210049e-05,0.999920164192179,7.98358078210049e-05,0.999999980001597
0.00025752633267712,7.76559296011836e-05,0.999922344070399,7.76559296011836e-05,0.999999980001553
0.000264755927056707,7.55355674069147e-05,0.999924464432593,7.55355674069147e-05,0.999999980001511
0.000272188479457518,7.34730965468167e-05,0.999926526903453,7.34730965468167e-05,0.99999998000147
0.000279829687565512,7.1466936668263e-05,0.999928533063332,7.1466936668263e-05,0.999999980001429
0.000287685409019059,6.95155505472389e-05,0.999930484449453,6.95155505472389e-05,0.99999998000139
0.000295761665899326,6.76174429127263e-05,0.999932382557087,6.76174429127263e-05,0.999999980001352
0.000304064649346707,6.57711593020638e-05,0.999934228840698,6.57711593020638e-05,0.999999980001316
0.00031260072430687,6.3975284947948e-05,0.999936024715052,6.3975284947948e-05,0.99999998000128
0.000321376434410028,6.22284436953002e-05,0.999937771556305,6.22284436953002e-05,0.999999980001245
0.000330398506987186,6.05292969486637e-05,0.999939470703051,6.05292969486637e-05,0.999999980001211
0.000339673858227221,5.88765426465798e-05,0.999941123457353,5.88765426465798e-05,0.999999980001178
0.000349209598478727,5.72689142659399e-05,0.999942731085734,5.72689142659399e-05,0.999999980001145
0.000359013037700707,5.57051798520947e-05,0.999944294820148,5.57051798520947e-05,0.999999980001114
0.000369091691066277,5.41841410753863e-05,0.999945815858925,5.41841410753863e-05,0.999999980001084
0.000379453284723694,5.27046323143265e-05,0.999947295367686,5.27046323143265e-05,0.999999980001054
0.000390105761719099,5.12655197629774e-05,0.999948734480237,5.12655197629774e-05,0.999999980001025
0.00040105728808555,4.98657005629788e-05,0.999950134299437,4.98657005629788e-05,0.999999980000997
0.000412316259102975,4.85041019591126e-05,0.999951495898041,4.85041019591126e-05,0.99999998000097
0.000423891305733878,4.71796804779601e-05,0.999952820319522,4.71796804779601e-05,0.999999980000944
0.000435791301239703,4.58914211288741e-05,0.999954108578871,4.58914211288741e-05,0.999999980000918
0.000448025367982949,4.46383366269343e-05,0.999955361663373,4.46383366269343e-05,0.999999980000893
0.00046060288442024,4.34194666369958e-05,0.999956580533363,4.34194666369958e-05,0.999999980000868
0.000473533492291712,4.22338770379449e-05,0.999957766122962,4.22338770379449e-05,0.999999980000845
0.000486827104012228,4.10806592078261e-05,0.999958919340792,4.10806592078261e-05,0.999999980000822
0.000500493910270095,3.99589293278435e-05,0.999960041070672,3.99589293278435e-05,0.999999980000799
0.000514544387839092,3.88678277052357e-05,0.999961132172295,3.88678277052357e-05,0.999999980000777
0.000528989307609816,3.78065181154685e-05,0.999962193481885,3.78065181154685e-05,0.999999980000756
0.00054383974284648,3.67741871614147e-05,0.999963225812839,3.67741871614147e-05,0.999999980000735
0.000559107077675529,3.57700436501851e-05,0.99996422995635,3.57700436501851e-05,0.999999980000715
0.000574803015812535,3.47933179877247e-05,0.999965206682012,3.47933179877247e-05,0.999999980000696
0.000590939589534098,3.38432615889506e-05,0.999966156738411,3.38432615889506e-05,0.999999980000677
0.000607529168901608,3.29191463046552e-05,0.999967080853695,3.29191463046552e-05,0.999999980000658
0.000624584471243962,3.20202638633971e-05,0.999967979736137,3.20202638633971e-05,0.99999998000064
0.000642118570906476,3.11459253294899e-05,0.999968854074671,3.11459253294899e-05,0.999999980000623
0.000660144909273488,3.02954605746475e-05,0.999969704539425,3.02954605746475e-05,0.999999980000606
0.00067867730507233,2.94682177653938e-05,0.999970531782235,2.94682177653938e-05,0.999999980000589
0.000697729964966554,2.86635628631293e-05,0.999971336437137,2.86635628631293e-05,0.999999980000573
0.000717317494446561,2.7880879138853e-05,0.999972119120861,2.7880879138853e-05,0.999999980000558
0.000737454909025955,2.71195667005397e-05,0.999972880433299,2.71195667005397e-05,0.999999980000542
0.000758157645752212,2.63790420333976e-05,0.999973620957967,2.63790420333976e-05,0.999999980000528
0.000779441575040495,2.56587375533357e-05,0.999974341262447,2.56587375533357e-05,0.999999980000513
0.000801323012839689,2.4958101171535e-05,0.999975041898828,2.4958101171535e-05,0.999999980000499
0.00082381873313996,2.42765958721192e-05,0.999975723404128,2.42765958721192e-05,0.999999980000486
0.000846945980831459,2.36136993001512e-05,0.9999763863007,2.36136993001512e-05,0.999999980000472
0.000870722484923992,2.29689033620639e-05,0.999977031096638,2.29689033620639e-05,0.999999980000459
0.00089516647213783,2.23417138356385e-05,0.999977658286164,2.23417138356385e-05,0.999999980000447
0.000920296680876041,2.1731649991974e-05,0.999978268350008,2.1731649991974e-05,0.999999980000435
0.000946132375589078,2.11382442268926e-05,0.999978861755773,2.11382442268926e-05,0.999999980000423
0.000972693361542618,2.05610417027824e-05,0.999979438958297,2.05610417027824e-05,0.999999980000411
0.001,1.99995999999869e-05,0.9999800004,1.99995999999869e-05,0.9999999800004
