1e-07,0.240523100501493,0.601714941002843,0.157761958495663,0.157761958495663,0.0827611420058302,0.99999997594769
1.03282605511167e-07,0.235706580247526,0.608710200189742,0.155583219562732,0.155583219562732,0.0801233606847932,0.99999997565561
1.06672966011754e-07,0.230908615902779,0.615718349261697,0.153373034835524,0.153373034835524,0.0775355810672552,0.999999975368293
1.10174618672982e-07,0.226133182995522,0.622733070741901,0.151133746262577,0.151133746262577,0.0749994367329453,0.999999975085863
1.13791216777448e-07,0.221384141699412,0.629748089202353,0.148867769098236,0.148867769098236,0.0725163726011758,0.999999974808429
1.17526533530609e-07,0.216665224092678,0.636757196624623,0.146577579282699,0.146577579282699,0.0700876448099782,0.999999974536087
1.21384465997369e-07,0.211980022743851,0.643754276563816,0.144265700692333,0.144265700692333,0.0677143220515181,0.999999974268918
1.25369039167899e-07,0.207331980669121,0.650733326929977,0.141934692400902,0.141934692400902,0.0653972882682187,0.999999974006989
1.29484410156922e-07,0.202724382684885,0.657688481230198,0.139587136084917,0.139587136084917,0.0631372465999682,0.999999973750353
1.33734872540836e-07,0.198160348158762,0.664614028144453,0.137225623696785,0.137225623696785,0.0609347244619764,0.999999973499051
1.38124860837214e-07,0.193642825143608,0.671504429338025,0.134852745518367,0.134852745518367,0.0587900796252405,0.999999973253112
1.42658955131348e-07,0.18917458586226,0.678354335442563,0.132471078695177,0.132471078695177,0.0567035071670835,0.999999973012551
1.47341885854664e-07,0.184758223495903,0.685158600165792,0.130083176338304,0.130083176338304,0.0546750471575992,0.999999972777375
1.52178538719987e-07,0.18039615021636,0.691912292516132,0.127691557267508,0.127691557267508,0.0527045929488519,0.999999972547577
1.57173959818823e-07,0.176090596392178,0.698610707152639,0.125298696455182,0.125298696455182,0.0507918999369963,0.999999972323144
1.62333360885955e-07,0.171843610890158,0.705249372892475,0.122907016217366,0.122907016217366,0.048936594672792,0.999999972104049
1.67662124736861e-07,0.167657062387833,0.711824059427252,0.120518878184915,0.120518878184915,0.0471381842029185,0.999999971890261
1.73165810883613e-07,0.16353264160828,0.718330782316162,0.118136576075558,0.118136576075558,0.045396065532722,0.999999971681737
1.78850161335136e-07,0.159471864386312,0.724765806337569,0.115762329276119,0.115762329276119,0.043709535110193,0.999999971478431
1.84721106587855e-07,0.155476075474414,0.731125647291954,0.113398277233632,0.113398277233632,0.0420777982407816,0.999999971280287
1.90784771812997e-07,0.151546452997574,0.737407072357661,0.111046474644764,0.111046474644764,0.0404999783528102,0.999999971087244
1.97047483246998e-07,0.14768401346815,0.743607099107192,0.108708887424657,0.108708887424657,0.038975126043493,0.999999970899237
2.03515774791681e-07,0.143889617274973,0.749722993295754,0.106387389429274,0.106387389429274,0.037502227845699,0.999999970716193
2.10196394831087e-07,0.14016397456479,0.755752265535828,0.104083759899382,0.104083759899382,0.0360802146654086,0.999999970538038
2.17096313272088e-07,0.136507651438703,0.761692666971774,0.101799681589523,0.101799681589523,0.0347079698491794,0.999999970364692
2.24222728816098e-07,0.132921076391279,0.76754218406717,0.0995367395415509,0.0995367395415509,0.033384336849728,0.999999970196073
2.31583076469505e-07,0.129404546925436,0.773299032615001,0.0972964204595633,0.0972964204595633,0.0321081264658728,0.999999970032097
2.39185035300624e-07,0.125958236281715,0.778961651077086,0.0950801126411994,0.0950801126411995,0.0308781236405153,0.999999969872675
2.47036536451289e-07,0.122582200226237,0.784528693354557,0.0928891064192066,0.0928891064192066,0.0296930938070299,0.999999969717718
2.55145771411436e-07,0.11927638384724,0.789999021085893,0.0907245950668665,0.0907245950668665,0.028551788780374,0.999999969567135
2.63521200565298e-07,0.116040628315598,0.79537169556324,0.088587676121162,0.0885876761211619,0.0274529521944356,0.999999969420834
2.72171562018149e-07,0.112874677570018,0.800645969351584,0.0864793530783979,0.0864793530783978,0.0263953244916203,0.999999969278723
2.81105880712787e-07,0.109778184892758,0.805821277688967,0.0844005374182751,0.0844005374182752,0.0253776474744824,0.999999969140707
2.9033347784528e-07,0.106750719346422,0.810897229739515,0.0823520509140623,0.0823520509140623,0.0243986684323602,0.999999969006692
2.99863980589793e-07,0.103791772046988,0.815873599764564,0.080334628188448,0.080334628188448,0.02345714385854,0.999999968876586
3.09707332142639e-07,0.10090076225231,0.820750318270872,0.0783489194768178,0.0783489194768178,0.0225518427754922,0.999999968750294
3.19873802096042e-07,0.0980770432492637,0.825527463188719,0.0763954935620177,0.0763954935620176,0.0216815496872461,0.999999968627723
3.30373997152427e-07,0.0953199080261452,0.830205251126768,0.0744748408470864,0.0744748408470865,0.0208450671790587,0.999999968508781
3.41218872190416e-07,0.0926285947201554,0.834784028744922,0.0725873765349224,0.0725873765349224,0.0200412181852331,0.999999968393375
3.52419741694082e-07,0.0900022918326381,0.839264264281025,0.0707334438863369,0.0707334438863369,0.0192688479463012,0.999999968281416
3.63988291557374e-07,0.0874401432072875,0.843646539262286,0.0689133175304261,0.0689133175304261,0.0185268256768614,0.999999968172812
3.7593659127604e-07,0.0849412527687972,0.84793154042759,0.0671272068036124,0.0671272068036123,0.0178140459651848,0.999999968067475
3.88277106539761e-07,0.0825046890213872,0.852120051882552,0.0653752590960606,0.0653752590960606,0.0171294299253266,0.999999967965318
4.01022712237636e-07,0.0801294893083675,0.856212947505196,0.0636575631864369,0.0636575631864369,0.0164719261219305,0.999999967866255
4.14186705890581e-07,0.0778146638353658,0.860211183616504,0.0619741525481306,0.0619741525481306,0.0158405112872352,0.999999967770201
4.27782821524667e-07,0.0755591994611031,0.864115791926794,0.0603250086121028,0.0603250086121027,0.0152341908490004,0.999999967677072
4.41825243999864e-07,0.0733620632606533,0.867927872765904,0.0587100639734431,0.0587100639734431,0.0146519992872102,0.999999967586789
4.56328623809131e-07,0.0712222058669954,0.871648588602497,0.0571292055305078,0.0571292055305078,0.0140930003364876,0.999999967499269
4.71308092363324e-07,0.0691385645973721,0.875279157855454,0.0555822775471736,0.0555822775471736,0.0135562870501985,0.999999967414435
4.86779277777819e-07,0.0671100663715306,0.878820848998188,0.0540690846302818,0.0540690846302818,0.0130409817412489,0.99999996733221
5.02758321177375e-07,0.0651356304293512,0.882274974954898,0.0525893946157503,0.0525893946157504,0.0125462358136009,0.99999996725252
5.19261893536195e-07,0.0632141708556842,0.885642887786192,0.0511429413581239,0.0511429413581239,0.0120712294975603,0.99999996717529
5.36307213070806e-07,0.0613445989204278,0.888925973660079,0.0497294274194931,0.0497294274194931,0.0116151715009347,0.999999967100449
5.53912063203856e-07,0.0595258252420104,0.892125648103214,0.0483485266547756,0.0483485266547756,0.0111772985872348,0.999999967027927
5.72094811117606e-07,0.0577567617824837,0.895243351526225,0.0469998866912917,0.0469998866912917,0.010756875091192,0.999999966957656
5.90874426916454e-07,0.0560363236824237,0.89828054501616,0.0456831313014159,0.0456831313014159,0.0103531923810078,0.999999966889569
6.10270503418493e-07,0.0543634309437596,0.901238706388407,0.044397862667833,0.044397862667833,0.00996556827592662,0.999999966823602
6.30303276596736e-07,0.0527370099685395,0.904119326489871,0.0431436635415896,0.0431436635415896,0.00959334642694984,0.99999996675969
6.50993646691368e-07,0.051155994961476,0.906923905744818,0.041920099293706,0.0419200992937059,0.00923589566777003,0.999999966697772
6.72363200015008e-07,0.0496193292039362,0.909653950934445,0.040726719861619,0.040726719861619,0.00889260934231715,0.999999966637789
6.94434231473761e-07,0.0481259662068167,0.912310972201028,0.0395630615921552,0.0395630615921553,0.00856290461466143,0.999999966579682
7.17229767827552e-07,0.0466748707495162,0.914896480267384,0.0384286489830998,0.0384286489830998,0.00824622176641642,0.999999966523393
7.40773591713991e-07,0.0452650198119655,0.917411983862296,0.0373229963257388,0.0373229963257388,0.00794202348622673,0.999999966468869
7.65090266460866e-07,0.0438954034064124,0.919858987342583,0.0362456092510044,0.0362456092510044,0.00764979415540798,0.999999966416054
7.90205161713115e-07,0.0425650253153929,0.922238988502544,0.0351959861820628,0.0351959861820628,0.00736903913333008,0.999999966364897
8.16144479901037e-07,0.0412729037420455,0.924553476561605,0.0341736196963492,0.0341736196963492,0.00709928404569631,0.999999966315347
8.42935283577358e-07,0.0400180718786479,0.926803930321174,0.0331779978001785,0.0331779978001785,0.00684007407846936,0.999999966267355
8.70605523651641e-07,0.0387995783989861,0.928991816481856,0.0322086051191574,0.0322086051191574,0.00659097327982874,0.999999966220873
8.99184068551557e-07,0.0376164878798867,0.931118588112436,0.031264924007677,0.031264924007677,0.00635156387220965,0.999999966175853
9.28700734341368e-07,0.0364678811569814,0.933185683262208,0.0303464355808108,0.0303464355808107,0.00612144557617062,0.999999966132252
9.59186315829108e-07,0.0353528556195054,0.935194523708551,0.0294526206719433,0.0294526206719433,0.00590023494756206,0.999999966090025
9.90672618694879e-07,0.0342705254486754,0.93714651383187,0.0285829607194547,0.0285829607194547,0.00568756472922065,0.999999966049129
1.02319249267378e-06,0.0332200218039455,0.9390430396103,0.027736938585754,0.0277369385857541,0.00548308321819147,0.999999966009523
1.05677986582814e-06,0.0322004929611936,0.940885467726893,0.0269140393119139,0.0269140393119139,0.00528645364927975,0.999999965971167
1.09146977994472e-06,0.0312111044066623,0.942675144782231,0.0261137508111062,0.0261137508111062,0.00509735359555619,0.999999965934023
1.12729842709391e-06,0.0302510388902496,0.944413396605781,0.0253355645039694,0.0253355645039694,0.00491547438628023,0.999999965898052
1.164303187389e-06,0.0293194964415308,0.946101527659503,0.0245789758989657,0.0245789758989658,0.00474052054256509,0.999999965863217
1.20252266798493e-06,0.0284156943516869,0.94774082052761,0.0238434851207031,0.0238434851207031,0.00457220923098378,0.999999965829483
1.24199674335724e-06,0.0275388671243154,0.949332535486575,0.0231285973891094,0.0231285973891094,0.00441026973520595,0.999999965796817
1.2827665969032e-06,0.0266882663979123,0.950877910149835,0.0224338234522531,0.0224338234522531,0.00425444294565923,0.999999965765183
1.32487476390855e-06,0.0258631608426351,0.952378159181856,0.0217586799755088,0.0217586799755088,0.00410448086712627,0.999999965734551
1.36836517592468e-06,0.0250628360337831,0.953834474076549,0.0211026898896676,0.0211026898896676,0.00396014614411553,0.999999965704888
1.41328320660248e-06,0.0242865943042739,0.955248022995235,0.0204653827004909,0.020465382700491,0.00382121160378298,0.999999965676164
1.45967571903081e-06,0.0235337545782364,0.956619950659656,0.0198462947621079,0.0198462947621078,0.00368745981612857,0.99999996564835
1.50759111462889e-06,0.0228036521876995,0.957951378295748,0.0192449695165523,0.0192449695165523,0.00355868267114722,0.999999965621417
1.55707938364357e-06,0.0220956386742156,0.959243403624146,0.0186609577016385,0.0186609577016385,0.00343468097257712,0.999999965595336
1.6081921573043e-06,0.0214090815771292,0.960497100893599,0.0180938175292717,0.0180938175292717,0.00331526404785753,0.999999965570083
1.66098276169013e-06,0.0207433642100793,0.961713520953726,0.0175431148361952,0.0175431148361952,0.0032002493738841,0.99999996554563
1.71550627336491e-06,0.0200978854272067,0.962893691363717,0.0170084232090761,0.0170084232090762,0.00308946221813052,0.999999965521951
1.77181957683881e-06,0.0194720593804318,0.964038616533827,0.0164893240857412,0.0164893240857412,0.0029827352946906,0.999999965499024
1.82998142391606e-06,0.0188653152690638,0.965149277896657,0.0159854068342791,0.0159854068342792,0.00287990843478468,0.999999965476823
1.89005249499087e-06,0.0182770970829079,0.966226634105452,0.0154962688116403,0.0154962688116403,0.00278082827126758,0.999999965455327
1.95209546235539e-06,0.0177068633399466,0.967271621256778,0.0150215154032752,0.0150215154032752,0.00268534793667132,0.999999965434512
2.01617505558591e-06,0.0171540868195867,0.968285153135142,0.0145607600452712,0.0145607600452712,0.0025933267743155,0.999999965414358
2.08235812907536e-06,0.0166182542923851,0.969268121477249,0.0141136242303657,0.0141136242303657,0.00250463006201938,0.999999965394843
2.15071373178262e-06,0.0160988662470912,0.970221396253771,0.0136797374991375,0.0136797374991376,0.00241912874795367,0.999999965375947
2.22131317927155e-06,0.0155954366157766,0.971145825966622,0.0132587374176016,0.0132587374176016,0.00233669919817507,0.999999965357651
2.2942301281146e-06,0.0151074924977558,0.972042237959883,0.0128502695423617,0.0128502695423617,0.00225722295539404,0.999999965339936
2.36954065273895e-06,0.0146345738829419,0.97291143874265,0.0124539873744081,0.0124539873744081,0.0021805865085338,0.999999965322782
2.44732332479511e-06,0.0141762333752269,0.973754214322195,0.0120695523025785,0.0120695523025784,0.00210668107264839,0.999999965306174
2.52765929513092e-06,0.0137320359164197,0.974571330545938,0.0116966335376424,0.0116966335376423,0.00203540237877739,0.999999965290092
2.61063237845642e-06,0.0133015585112293,0.975363533450867,0.0113349080379037,0.0113349080379037,0.0019666504733256,0.999999965274521
2.69632914078795e-06,0.0128843899537329,0.976131549619102,0.0109840604271652,0.0109840604271652,0.00190032952656775,0.999999965259444
2.78483898976267e-06,0.0124801305557286,0.976876086538432,0.0106437829058391,0.0106437829058392,0.00183634764988943,0.999999965244846
2.87625426791775e-06,0.0120883918773287,0.977597832966731,0.0103137751559407,0.0103137751559406,0.00177461672138809,0.999999965230711
2.9706703490316e-06,0.0117087964601187,0.978297459299232,0.00999374424064914,0.00999374424064919,0.00171505221946961,0.999999965217025
3.06818573762752e-06,0.0113409775631668,0.978975617937755,0.00968340449907801,0.00968340449907804,0.00165757306408883,0.999999965203774
3.16890217174373e-06,0.0109845789021427,0.979632943661009,0.00938247743684838,0.00938247743684836,0.00160210146529432,0.999999965190944
3.27292472907689e-06,0.0106392543917714,0.980270053995208,0.00909069161302102,0.009090691613021,0.00154856277875037,0.999999965178521
3.38036193660993e-06,0.0103046678918229,0.980887549584275,0.00880778252390179,0.00880778252390176,0.00149688536792108,0.999999965166493
3.49132588383849e-06,0.00998049295681214,0.98148601455899,0.00853349248419827,0.00853349248419832,0.00144700047261388,0.999999965154847
3.60593233971418e-06,0.00966641258956165,0.982066016904468,0.00826757050597036,0.00826757050597031,0.00139884208359129,0.99999996514357
3.7243008734266e-06,0.00936211899875699,0.982628108825458,0.00800977217578507,0.00800977217578508,0.00135234682297192,0.999999965132652
3.84655497915016e-06,0.00906731336060648,0.98317282710894,0.00775985953045388,0.00775985953045392,0.0013074538301526,0.999999965122081
3.97282220488582e-06,0.00878170558469746,0.9837006934836,0.00751760093170232,0.0075176009317023,0.00126410465299514,0.999999965111845
4.10323428553227e-06,0.00850501408412549,0.984212214975781,0.00728277094009361,0.00728277094009358,0.00122224314403188,0.999999965101935
4.23792728032526e-06,0.00823696554995719,0.98470788426154,0.00705515018850251,0.00705515018850248,0.00118181536145468,0.999999965092339
4.37704171478848e-06,0.00797729473007366,0.985188180014515,0.00683452525541116,0.0068345252554112,0.00114276947466251,0.999999965083048
4.52072272734421e-06,0.0077257442124282,0.985653567249296,0.00662068853827573,0.00662068853827571,0.00110505567415246,0.999999965074053
4.66912022073661e-06,0.00748206421274058,0.986104497660068,0.0064134381271918,0.00641343812719184,0.00106862608554878,0.999999965065343
4.82238901842554e-06,0.00724601236663945,0.986541409954295,0.00621257767906585,0.00621257767906582,0.0010334346875736,0.999999965056909
4.9806890261143e-06,0.00701735352625415,0.986964730181264,0.00601791629248194,0.00601791629248189,0.000999437233772213,0.999999965048744
5.14418539857963e-06,0.0067958595612491,0.987374872055316,0.00582926838343495,0.00582926838343497,0.00096659117781415,0.999999965040839
5.31304871197807e-06,0.00658130916428512,0.987772237273629,0.00564645356208552,0.00564645356208548,0.000934855602199599,0.999999965033184
5.48745514180847e-06,0.00637348766088532,0.988157215828438,0.00546929651067652,0.0054692965106765,0.000904191150208793,0.999999965025772
5.6675866467163e-06,0.00617218682367595,0.988530186313588,0.00529762686273652,0.00529762686273647,0.000874559960939431,0.999999965018596
5.85363115833159e-06,0.00597720469096754,0.98889151622535,0.00513127908368286,0.00513127908368281,0.000845925607284679,0.999999965011648
6.04578277733839e-06,0.00578834538963539,0.98924156225744,0.00497009235292421,0.00497009235292419,0.000818253036711179,0.999999965004921
6.2442419759805e-06,0.0056054189622544,0.989580670590194,0.00481391044755112,0.0048139104475511,0.00079150851470328,0.999999964998408
6.44921580721465e-06,0.0054282411984387,0.989909177173869,0.00466258162769261,0.00466258162769258,0.000765659570746086,0.999999964992101
6.66091812072936e-06,0.00525663347033272,0.990227408006061,0.00451595852360665,0.0045159585236066,0.000740674946726071,0.999999964985995
6.87956978605476e-06,0.00509042257219741,0.990535679403239,0.00437389802456354,0.00437389802456353,0.000716524547633874,0.999999964980083
7.10539892299639e-06,0.00492944056403179,0.990834298266396,0.00423626116957233,0.00423626116957231,0.000693179394459459,0.999999964974358
7.33864113963309e-06,0.00477352461916822,0.991123562340839,0.004102913039993,0.00410291303999302,0.000670611579175215,0.999999964968816
7.57953977812749e-06,0.00462251687577713,0.991403760470153,0.0039737226540695,0.00397372265406954,0.000648794221707632,0.99999996496345
7.82834616860541e-06,0.00447626429221528,0.991675172844372,0.00384856286341222,0.00384856286341226,0.000627701428803068,0.999999964958254
8.0853198913693e-06,0.00433461850615002,0.991938071242398,0.00372731025145229,0.00372731025145224,0.000607308254697724,0.999999964953223
8.35072904771889e-06,0.0041974356973909,0.992192719268725,0.00360984503388448,0.00360984503388444,0.00058759066350642,0.999999964948352
8.62485053966196e-06,0.00406457645435893,0.992439372584531,0.00349605096111004,0.00349605096110999,0.00056852549324889,0.999999964943636
8.90797035880684e-06,0.00393590564412273,0.992678279133191,0.00338581522268636,0.00338581522268631,0.000550090421436375,0.999999964939069
9.20038388473819e-06,0.00381129228593074,0.992909679360284,0.00327902835378569,0.00327902835378563,0.000532263932145054,0.999999964934648
9.50239619318715e-06,0.00369060942816786,0.993133806428171,0.00317558414366133,0.0031755841436613,0.000515025284506533,0.999999964930367
9.81432237431766e-06,0.00357373402866487,0.993350886425219,0.0030753795461159,0.00307537954611595,0.000498354482548969,0.999999964926222
1.01364878614607e-05,0.00346054683828895,0.993561138569748,0.00297831459196317,0.00297831459196312,0.000482232246325785,0.999999964922209
1.04692287706399e-05,0.00335093228774371,0.993764775408784,0.00288429230347175,0.00288429230347179,0.000466639984271962,0.999999964918323
1.08128922512416e-05,0.00324477837750727,0.993962003011716,0.00279321861077638,0.0027932186107764,0.000451559766730891,0.999999964914561
1.11678368481974e-05,0.00314197657083744,0.994153021158923,0.00270500227023986,0.00270500227023988,0.000436974300597582,0.999999964910918
1.15344328760545e-05,0.00304242168977348,0.99433802352548,0.0026195547847468,0.00261955478474679,0.000422866905026678,0.999999964907391
1.19130628053258e-05,0.00294601181406438,0.994517197860028,0.00253679032590809,0.00253679032590805,0.000409221488156292,0.999999964903976
1.23041216615222e-05,0.00285264818295435,0.994690726158892,0.0024566256581533,0.00245662565815333,0.000396022524801058,0.99999996490067
1.27080174372841e-05,0.00276223509975695,0.994858784835556,0.00237898006468685,0.00237898006468682,0.000383255035070099,0.999999964897468
1.31251715180404e-05,0.00267467983914991,0.995021544885568,0.00230377527528211,0.00230377527528216,0.000370904563867801,0.999999964894368
1.35560191216418e-05,0.00258989255712386,0.99517917204699,0.00223093539588656,0.00223093539588656,0.000358957161237301,0.999999964891367
1.40010097524237e-05,0.00250778620351873,0.995331826956471,0.00216038684001012,0.00216038684001011,0.000347399363508612,0.999999964888461
1.44606076701759e-05,0.00242827643708294,0.995479665301049,0.00209205826186781,0.0020920582618678,0.000336218175215132,0.999999964885647
1.49352923745053e-05,0.00235128154299094,0.995622837965762,0.00202588049124689,0.00202588049124694,0.000325401051744048,0.999999964882923
1.54255591050998e-05,0.00227672235275646,0.995761491177175,0.00196178647006861,0.0019617864700686,0.00031493588268785,0.999999964880285
1.59319193584122e-05,0.00220452216647911,0.995895766642908,0.00189971119061336,0.00189971119061332,0.000304810975865745,0.999999964877731
1.64549014213061e-05,0.00213460667736361,0.996025801687258,0.00183959163537836,0.00183959163537832,0.000295015041985254,0.999999964875258
1.6995050922219e-05,0.00206690389845178,0.996151729383012,0.00178136671853604,0.001781366718536,0.000285537179915745,0.999999964872863
1.75529314004175e-05,0.00200134409150857,0.99627367867953,0.00172497722896158,0.00172497722896156,0.00027636686254699,0.999999964870544
1.8129124893939e-05,0.00193785969800467,0.996391774527198,0.00167036577479756,0.00167036577479759,0.000267493923207118,0.999999964868299
1.87242325468339e-05,0.00187638527213925,0.996506137998337,0.00161747672952364,0.00161747672952366,0.000258908542615611,0.999999964866126
1.933887523634e-05,0.00181685741584751,0.996616886404653,0.00156625617949944,0.00156625617949942,0.000250601236348068,0.999999964864021
1.99736942206459e-05,0.00175921471573915,0.996724133411312,0.00151665187294848,0.00151665187294846,0.000242562842790674,0.999999964861983
2.06293518079165e-05,0.00170339768191462,0.996827989147734,0.00146861317035136,0.00146861317035131,0.000234784511563255,0.99999996486001
2.13065320472813e-05,0.00164934868860743,0.996928560315176,0.00142209099621656,0.00142209099621661,0.00022725769239087,0.999999964858099
2.20059414425039e-05,0.00159701191660203,0.997025950291201,0.00137703779219722,0.00137703779219719,0.00021997412440481,0.999999964856249
2.27283096890798e-05,0.0015463332973775,0.9971202592311,0.00133340747152275,0.00133340747152279,0.000212925825854751,0.999999964854458
2.34743904355287e-05,0.00149726045892905,0.997211584166357,0.00129115537471434,0.00129115537471437,0.000206105084214713,0.999999964852723
2.42449620696783e-05,0.00144974267321978,0.997300019100227,0.00125023822655356,0.00125023822655352,0.000199504446666224,0.999999964851044
2.50408285307579e-05,0.00140373080521689,0.997385655100509,0.00121061409427398,0.00121061409427398,0.000193116710942906,0.999999964849418
2.58628201481505e-05,0.0013591772634671,0.997468580389587,0.0011722423469457,0.00117224234694571,0.000186934916521401,0.999999964847843
2.67117945076771e-05,0.00131603595216766,0.997548880431809,0.00113508361602338,0.00113508361602334,0.000180952336144278,0.999999964846318
2.75886373463177e-05,0.00127426222468985,0.997626638018281,0.00109909975702867,0.00109909975702871,0.000175162467661172,0.999999964844842
2.8494263476304e-05,0.00123381283851342,0.997701933349148,0.00106425381233833,0.00106425381233833,0.000169559026175088,0.999999964843412
2.94296177395436e-05,0.00119464591153124,0.997774844113419,0.00103050997504987,0.00103050997504988,0.000164135936481373,0.999999964842027
3.03956759933773e-05,0.00115672087968445,0.997845445566419,0.000997833553897048,0.000997833553897032,0.000158887325787399,0.999999964840687
3.13934461286925e-05,0.00111999845588941,0.997913810604923,0.000966190939187807,0.000966190939187798,0.000153807516701605,0.999999964839389
3.24239691214583e-05,0.00108444059021905,0.997980009840043,0.000935549569738076,0.000935549569738085,0.00014889102048097,0.999999964838132
3.34883201187784e-05,0.0010500104313016,0.998044111667923,0.000905877900775034,0.000905877900775006,0.000144132530526565,0.999999964836915
3.45876095605948e-05,0.00101667228890136,0.998106182338314,0.000877145372784139,0.000877145372784145,0.00013952691611722,0.999999964835736
3.57229843382119e-05,0.000984391597646464,0.998166286021079,0.000849322381274641,0.000849322381274606,0.000135069216371823,0.999999964834594
3.68956289908515e-05,0.000953134881870034,0.998224484870691,0.000822380247438848,0.000822380247438813,0.000130754634431185,0.999999964833489
3.8106766941485e-05,0.000922869721531666,0.998280839088787,0.000796291189680887,0.000796291189680937,0.000126578531850778,0.999999964832419
3.93576617732339e-05,0.000893564719187325,0.998335406984821,0.000771028295991262,0.000771028295991304,0.000122536423196063,0.999999964831382
4.06496185476687e-05,0.00086518946797645,0.99838824503488,0.000746565497143988,0.000746565497143998,0.000118623970832462,0.999999964830378
4.19839851663829e-05,0.000837714520595983,0.99843940793871,0.000722877540693594,0.000722877540693573,0.00011483697990239,0.999999964829406
4.33621537772622e-05,0.000811111359231877,0.998488948675018,0.00069993996574981,0.000699939965749761,0.000111171393482068,0.999999964828465
4.47855622269155e-05,0.000785352366419437,0.998536918555072,0.00067772907850826,0.000677729078508246,0.000107623287911177,0.999999964827553
4.62556955607834e-05,0.000760410796804645,0.998583367274679,0.000656221928515959,0.00065622192851591,0.000104188868288686,0.99999996482667
4.77740875724904e-05,0.000736260749779413,0.99862834296457,0.000635396285650933,0.000635396285650883,0.000100864464128479,0.999999964825814
4.93423224040549e-05,0.000712877142964461,0.99867189223924,0.000615230617795775,0.000615230617795739,9.76465251686864e-05,0.999999964824986
5.09620361986283e-05,0.000690235686514263,0.9987140602443,0.000595704069185412,0.00059570406918542,9.4531617328851e-05,0.999999964824184
5.26349188074876e-05,0.000668312858219226,0.998754890702371,0.000576796439409874,0.000576796439409884,9.15164188093523e-05,0.999999964823407
5.43627155530606e-05,0.000647085879380988,0.998794425957566,0.000558488163053292,0.000558488163053277,8.85977163276962e-05,0.999999964822654
5.61472290498255e-05,0.000626532691437388,0.998832707018612,0.000540760289950854,0.000540760289950903,8.57724014865338e-05,0.999999964821925
5.79903210849829e-05,0.00060663193331436,0.99886977360064,0.000523594466045887,0.000523594466045864,8.30374672684727e-05,0.999999964821219
5.98939145608622e-05,0.000587362919482654,0.998905664165688,0.000506972914829705,0.000506972914829745,8.03900046529488e-05,0.999999964820535
6.18599955010908e-05,0.000568705618697894,0.998940415961955,0.000490878419347276,0.000490878419347286,7.78271993506185e-05,0.999999964819873
6.38906151226174e-05,0.000550640633403172,0.998974065061845,0.000475294304752252,0.00047529430475222,7.53463286509207e-05,0.999999964819231
6.59878919757511e-05,0.000533149179773912,0.999006646398831,0.000460204421395284,0.000460204421395232,7.29447583786282e-05,0.99999996481861
6.81540141544502e-05,0.000516213068385385,0.999038193803185,0.000445593128430002,0.000445593128430022,7.06199399553827e-05,0.999999964818007
7.03912415791659e-05,0.000499814685483801,0.999068740036595,0.000431445277921438,0.000431445277921461,6.8369407562363e-05,0.999999964817424
7.27019083546226e-05,0.000483936974842478,0.999098316825715,0.000417746199442083,0.00041774619944204,6.61907754003945e-05,0.999999964816858
7.50884252049954e-05,0.000468563420185123,0.999126954894674,0.000404481685141171,0.000404481685141142,6.40817350439517e-05,0.999999964816311
7.75532819890234e-05,0.000453678028158808,0.999154683996568,0.00039163797527316,0.000391637975273153,6.20400528856482e-05,0.99999996481578
8.00990502976862e-05,0.000439265311839725,0.999181532943988,0.000379201744171784,0.000379201744171793,6.00635676679413e-05,0.999999964815266
8.27283861371507e-05,0.000425310274755297,0.999207529638588,0.00036716008665639,0.000367160086656426,5.8150188098907e-05,0.999999964814767
8.54440326997885e-05,0.000411798395406759,0.999232701099735,0.000355500504857692,0.000355500504857742,5.62978905490669e-05,0.999999964814284
8.82488232261553e-05,0.000398715612276732,0.999257073492273,0.000344210895450371,0.000344210895450383,5.45047168263605e-05,0.999999964813816
9.11456839609173e-05,0.00038604830930682,0.999280672153413,0.000333279537280344,0.000333279537280306,5.27687720264753e-05,0.999999964813363
9.41376372058094e-05,0.000373783301830702,0.999303521618794,0.000322695079374853,0.000322695079374865,5.10882224558488e-05,0.999999964812923
9.722780447281e-05,0.000361907822948614,0.999325645647728,0.000312446529323849,0.000312446529323863,4.94612936247649e-05,0.999999964812497
0.000100419409740822,0.000350409510329546,0.999347067247649,0.000302523242021485,0.000302523242021464,4.78862683080615e-05,0.999999964812084
0.000103715782819255,0.000339276393427909,0.999367808697815,0.000292914908756845,0.000292914908756816,4.63614846710643e-05,0.999999964811683
0.00010712036282203,0.000328496881101793,0.999387891572255,0.000283611546643344,0.00028361154664338,4.48853344584486e-05,0.999999964811295
0.000110636701755609,0.000318059749620354,0.999407336762003,0.000274603488376532,0.000274603488376539,4.34562612438224e-05,0.999999964810918
0.000114268468224812,0.000307954131048251,0.999426164496641,0.000265881372310348,0.000265881372310293,4.20727587379021e-05,0.999999964810553
0.000118019451260286,0.000298169501995373,0.999444394365163,0.000257436132842136,0.000257436132842102,4.07333691532367e-05,0.999999964810199
0.000121893564271606,0.000288695672720529,0.999462045336182,0.000249258991097021,0.000249258991097034,3.94366816235081e-05,0.999999964809856
0.000125894849130144,0.000279522776578045,0.999479135777519,0.000241341445902532,0.000241341445902498,3.81813306755139e-05,0.999999964809522
0.000130027480385966,0.000270641259796597,0.999495683475159,0.000233675265044594,0.000233675265044578,3.69659947520032e-05,0.999999964809199
0.000134295769623147,0.000262041871579921,0.999511705651624,0.000226252476796311,0.000226252476796352,3.57893947836097e-05,0.999999964808885
0.000138704169958061,0.000253715654519344,0.99952721898377,0.000219065361711159,0.000219065361711151,3.46502928081846e-05,0.999999964808581
0.000143257280685323,0.000245653935308421,0.999542239620019,0.00021210644467252,0.000212106444672488,3.35474906359014e-05,0.999999964808285
0.000147959852076248,0.000237848315750218,0.999556783197058,0.000205368487191661,0.000205368487191686,3.24798285585568e-05,0.999999964807998
0.000152816790334818,0.000230290664048107,0.999570864856005,0.000198844479946553,0.000198844479946567,3.14461841015544e-05,0.99999996480772
0.000157833162716338,0.000222973106371208,0.999584499258075,0.000192527635554096,0.000192527635554104,3.04454708171116e-05,0.999999964807449
0.000163014202814114,0.000215888018685868,0.999597700599746,0.000186411381568587,0.000186411381568623,2.94766371172808e-05,0.999999964807187
0.000168365316019676,0.000209028018844874,0.999610482627456,0.000180489353699443,0.000180489353699461,2.85386651454305e-05,0.999999964806932
0.000173892085162232,0.000202385958926303,0.999622858651832,0.000174755389241425,0.000174755389241384,2.76305696848774e-05,0.999999964806684
0.000179600276333251,0.000195954917814197,0.999634841561475,0.000169203520710788,0.000169203520710829,2.6751397103409e-05,0.999999964806443
0.000185495844902237,0.000189728194013487,0.999646443836306,0.000163827969681006,0.000163827969680992,2.5900224332481e-05,0.999999964806208
0.000191584941729985,0.000183699298691804,0.999657677560496,0.000158623140811886,0.000158623140811914,2.50761578799172e-05,0.999999964805981
0.00019787391958578,0.000177861948941071,0.999668554434993,0.00015358361606609,0.000153583616066123,2.42783328749814e-05,0.999999964805759
0.000204369339775265,0.000172210061251972,0.999679085789641,0.000148704149107243,0.000148704149107208,2.35059121447291e-05,0.999999964805544
0.000211077978985864,0.000166737745194609,0.999689282594931,0.00014397965987402,0.000143979659873996,2.27580853205894e-05,0.999999964805334
0.000218006836356915,0.000161439297298877,0.999699155473376,0.000139405229324718,0.000139405229324724,2.2034067974159e-05,0.99999996480513
0.000225163140781888,0.000156309195128271,0.999708714710525,0.00013497609434704,0.000134976094347036,2.1333100781231e-05,0.999999964804931
0.000232554358450312,0.000151342091541055,0.999717970265631,0.000130687642827942,0.000130687642827917,2.06544487131125e-05,0.999999964804737
0.000240188200637262,0.000146532809132889,0.999726931781989,0.000126535408878571,0.000126535408878541,1.99974002543181e-05,0.999999964804548
0.000248072631748554,0.000141876334855211,0.999735608596935,0.00012251506820945,0.000122515068209457,1.93612666457607e-05,0.999999964804364
0.00025621587763003,0.000137367814803845,0.999744009751545,0.000118622433651257,0.000118622433651284,1.8745381152588e-05,0.999999964804185
0.000264626434149599,0.000133002549172469,0.999752144000011,0.000114853450816624,0.000114853450816642,1.81490983558451e-05,0.99999996480401
0.000273313076060999,0.000128775987365757,0.999760019818736,0.000111204193898585,0.000111204193898609,1.75717934671714e-05,0.999999964803839
0.000282284866158518,0.000124683723267163,0.999767645415131,0.000107670861601396,0.000107670861601425,1.70128616657674e-05,0.999999964803672
0.000291551164732229,0.000120721490656477,0.999775028736144,0.000104249773199585,0.000104249773199534,1.64717174568922e-05,0.999999964803509
0.000301121639333601,0.000116885158772426,0.999782177476506,0.000100937364721247,0.000100937364721245,1.59477940511794e-05,0.999999964803349
0.000311006274861684,0.000113170728015755,0.999789099086733,9.77301852516714e-05,9.77301852517207e-05,1.54405427640834e-05,0.999999964803193
0.000321215383980369,0.000109574325788352,0.999795800780858,9.46248933535622e-05,9.46248933535907e-05,1.49494324347899e-05,0.999999964803041
0.000331759617877626,0.000106092202464132,0.999802289543936,9.1618253600182e-05,9.16182536001835e-05,1.44739488639496e-05,0.999999964802891
0.000342649977377904,0.000102720727487511,0.999808572139295,8.87071332178967e-05,8.87071332178515e-05,1.40135942696138e-05,0.999999964802745
0.000353897824419325,9.94563855954616e-05,0.99981465511557,8.58884988346875e-05,8.58884988346548e-05,1.35678867607741e-05,0.999999964802602
0.000365514893907615,9.62957731592332e-05,0.999820544813509,8.31594133313084e-05,8.3159413331307e-05,1.31363598279248e-05,0.999999964802461
0.000377513305959163,9.32355946419647e-05,0.999826247372566,8.05170327918732e-05,8.05170327918339e-05,1.27185618500916e-05,0.999999964802322
0.000389905578545969,9.02726591685323e-05,0.999831768737281,7.79586035507486e-05,7.79586035507217e-05,1.23140556177837e-05,0.999999964802187
0.000402704640555667,8.7403877204084e-05,0.999837114663463,7.54814593327345e-05,7.54814593327714e-05,1.19224178713495e-05,0.999999964802053
0.000415923845280274,8.46262573378292e-05,0.999842290724179,7.30830184836003e-05,7.30830184836534e-05,1.1543238854229e-05,0.999999964801922
0.000429576984347703,8.19369031687552e-05,0.999847302315543,7.07607812881386e-05,7.07607812881598e-05,1.11761218806166e-05,0.999999964801792
0.000443678302110607,7.93330102900523e-05,0.999852154662337,6.85123273729882e-05,6.85123273729362e-05,1.08206829170641e-05,0.999999964801665
0.000458242510507543,7.68118633691248e-05,0.999856852823439,6.63353131915591e-05,6.63353131915958e-05,1.04765501775657e-05,0.999999964801539
0.000473284804411975,7.4370833320168e-05,0.999861401697091,6.42274695884804e-05,6.42274695884644e-05,1.01433637316876e-05,0.999999964801415
0.00048882087748512,7.20073745663822e-05,0.999865806025993,6.2186599441067e-05,6.21865994411082e-05,9.82077512531528e-06,0.999999964801292
0.000504866938549183,6.97190223889915e-05,0.999870070402236,6.02105753753837e-05,6.02105753753752e-05,9.5084470136078e-06,0.999999964801171
0.00052143972849806,6.75033903603181e-05,0.999874199272085,5.82973375545571e-05,5.82973375545861e-05,9.20605280576106e-06,0.99999996480105
0.000538556537763153,6.53581678582569e-05,0.999878196940605,5.64448915370606e-05,5.64448915370965e-05,8.91327632119629e-06,0.999999964800931
0.000556235224352518,6.32811176595718e-05,0.999882067576138,5.46513062027699e-05,5.46513062028051e-05,8.62981145680192e-06,0.999999964800813
0.000574494232482167,6.12700736095214e-05,0.999885815214646,5.29147117446516e-05,5.29147117446664e-05,8.35536186486977e-06,0.999999964800696
0.000593352611818965,5.93229383653968e-05,0.999889443763911,5.12332977240187e-05,5.12332977240684e-05,8.08964064137809e-06,0.99999996480058
0.000612830037355189,5.74376812116335e-05,0.999892957007601,4.96053111873476e-05,4.96053111873089e-05,7.83237002428595e-06,0.999999964800464
0.0006329468299355,5.561233594423e-05,0.999896358609213,4.80290548427159e-05,4.80290548426605e-05,7.58328110151403e-06,0.999999964800348
0.000653723977457721,5.38449988222801e-05,0.999899652115884,4.6502885293982e-05,4.65028852940008e-05,7.34211352829806e-06,0.999999964800233
0.00067518315676957,5.21338265844924e-05,0.999902840962085,4.50252113308813e-05,4.50252113309139e-05,7.10861525361114e-06,0.999999964800118
0.000697346756284161,5.04770345286406e-05,0.999905928473198,4.35944922732791e-05,4.35944922733237e-05,6.88254225536143e-06,0.999999964800004
0.000720237899337892,4.88728946519488e-05,0.99990891786898,4.22092363678674e-05,4.22092363678774e-05,6.66365828408141e-06,0.999999964799889
0.000743880468315072,4.73197338504856e-05,0.999911812266914,4.08679992356517e-05,4.08679992356791e-05,6.45173461483386e-06,0.999999964799774
0.00076829912956448,4.58159321756926e-05,0.999914614685456,3.95693823686235e-05,3.95693823685803e-05,6.24654980706918e-06,0.999999964799659
0.000793519359133813,4.4359921146242e-05,0.99991732804718,3.83120316740648e-05,3.83120316740593e-05,6.04788947217718e-06,0.999999964799544
0.00081956746934892,4.29501821134661e-05,0.999919955181822,3.70946360649812e-05,3.70946360650047e-05,5.85554604848485e-06,0.999999964799428
0.000846470636265502,4.15852446786645e-05,0.999922498829226,3.59159260952046e-05,3.59159260952104e-05,5.66931858345989e-06,0.999999964799312
0.000874256928021966,4.02636851606418e-05,0.999924961642202,3.47746726377544e-05,3.47746726377874e-05,5.48901252288746e-06,0.999999964799194
0.000902955334122976,3.89841251118861e-05,0.999927346189283,3.36696856050906e-05,3.36696856050856e-05,5.31443950679551e-06,0.999999964799076
0.000932595795684277,3.77452298818448e-05,0.999929654957408,3.25998127099338e-05,3.25998127098903e-05,5.14541717191099e-06,0.999999964798957
0.000963209236670323,3.65457072258065e-05,0.999931890354509,3.15639382653697e-05,3.15639382653924e-05,4.98176896043678e-06,0.999999964798837
0.000994827596157334,3.53843059579409e-05,0.999934054712019,3.05609820229953e-05,3.05609820230432e-05,4.8233239349456e-06,0.999999964798716
0.00102748386165541,3.42598146470986e-05,0.999936150287305,2.95898980479044e-05,2.95898980479202e-05,4.6699165991942e-06,0.999999964798593
0.00106121210352446,3.3171060354014e-05,0.999938179266017,2.86496736293468e-05,2.86496736292948e-05,4.52138672466721e-06,0.999999964798469
0.00109604751051993,3.21169074085986e-05,0.999940143764365,2.7739328225932e-05,2.77393282259381e-05,4.37757918266658e-06,0.999999964798344
0.00113202642650527,3.10962562260528e-05,0.99994204583133,2.68579124442849e-05,2.68579124443293e-05,4.23834378176796e-06,0.999999964798216
0.0011691863883696,3.01080421605666e-05,0.999943887450789,2.60045070500946e-05,2.60045070501074e-05,4.103535110472e-06,0.999999964798087
0.00120756616519004,2.91512343954147e-05,0.999945670543594,2.51782220105314e-05,2.5178222010518e-05,3.97301238488322e-06,0.999999964797956
0.00124720579867956,2.82248348682939e-05,0.999947396969565,2.43781955670385e-05,2.43781955670114e-05,3.84663930125542e-06,0.999999964797822
0.00128814664496261,2.73278772307834e-05,0.999949068529432,2.36035933375364e-05,2.3603593337555e-05,3.72428389324695e-06,0.999999964797687
0.00133043141772207,2.64594258408453e-05,0.999950686966712,2.28536074471102e-05,2.2853607447078e-05,3.60581839373504e-06,0.999999964797548
0.00137410423276252,2.56185747873189e-05,0.999952253969526,2.21274556862762e-05,2.21274556863199e-05,3.49111910104269e-06,0.999999964797408
0.00141921065403636,2.48044469453917e-05,0.999953771172359,2.1424380695955e-05,2.14243806959897e-05,3.38006624943667e-06,0.999999964797265
0.00146579774118084,2.4016193062065e-05,0.99995524015776,2.07436491783054e-05,2.07436491783288e-05,3.27254388375965e-06,0.999999964797119
0.0015139140986154,2.32529908706634e-05,0.999956662457997,2.00845511325995e-05,2.00845511325888e-05,3.16843973806397e-06,0.999999964796969
0.00156360992625089,2.25140442334643e-05,0.999958039556651,1.94463991153456e-05,1.94463991153454e-05,3.06764511811864e-06,0.999999964796817
0.00161493707186316,2.17985823115571e-05,0.999959372890165,1.88285275238913e-05,1.88285275238768e-05,2.97005478766574e-06,0.999999964796661
0.00166794908518602,2.11058587610674e-05,0.999960663849336,1.82302919027616e-05,1.82302919028038e-05,2.87556685830584e-06,0.999999964796502
0.0017227012737798,2.0435150954909e-05,0.999961913780773,1.76510682720126e-05,1.76510682720536e-05,2.78408268289641e-06,0.999999964796339
0.00177925076073385,1.97857592292533e-05,0.999963123988294,1.70902524769027e-05,1.70902524769572e-05,2.69550675235066e-06,0.999999964796173
0.00183765654426318,1.91570061539331e-05,0.999964295734288,1.65472595582051e-05,1.65472595581557e-05,2.60974659572799e-06,0.999999964796002
0.0018979795592615,1.85482358260186e-05,0.999965430241031,1.6021523142508e-05,1.60215231425203e-05,2.52671268351067e-06,0.999999964795828
0.00196028274087464,1.79588131858335e-05,0.999966528691962,1.55124948518687e-05,1.55124948518246e-05,2.44631833396486e-06,0.999999964795648
0.00202463109016106,1.73881233546945e-05,0.999967592232913,1.50196437322072e-05,1.50196437322116e-05,2.3684796224873e-06,0.999999964795465
0.00209109174190749,1.68355709936888e-05,0.999968621973306,1.45424556998467e-05,1.45424556998183e-05,2.29311529384208e-06,0.999999964795276
0.00215973403467091,1.63005796828189e-05,0.999969618987312,1.40804330056236e-05,1.40804330056663e-05,2.22014667719525e-06,0.999999964795083
0.00223062958311957,1.57825913198696e-05,0.999970584314964,1.3633093716012e-05,1.36330937160243e-05,2.14949760385766e-06,0.999999964794885
0.00230385235274878,1.52810655383703e-05,0.999971518963251,1.31999712107207e-05,1.31999712107581e-05,2.08109432764959e-06,0.999999964794681
0.00237947873704927,1.47954791440461e-05,0.99997242390716,1.27806136962429e-05,1.2780613696274e-05,2.01486544780324e-06,0.999999964794472
0.0024575876372087,1.43253255691723e-05,0.999973300090696,1.23745837348501e-05,1.23745837348676e-05,1.95074183432216e-06,0.999999964794257
0.00253826054442948,1.38701143442611e-05,0.999974148427867,1.19814577885421e-05,1.19814577884901e-05,1.88865655571898e-06,0.999999964794036
0.00262158162494871,1.34293705865334e-05,0.999974969803636,1.16008257774778e-05,1.16008257774842e-05,1.82854480905556e-06,0.999999964793809
0.00270763780784902,1.30026345046393e-05,0.999975765074843,1.12322906524273e-05,1.12322906523791e-05,1.77034385221198e-06,0.999999964793575
0.00279651887575192,1.25894609191147e-05,0.9999765350711,1.08754679808015e-05,1.08754679808153e-05,1.71399293831319e-06,0.999999964793335
0.00288831755848819,1.21894187980715e-05,0.999977280595656,1.05299855458269e-05,1.05299855458801e-05,1.65943325224452e-06,0.999999964793088
0.00298312962984313,1.18020908076389e-05,0.999978002426234,1.01954829584497e-05,1.01954829584471e-05,1.60660784918925e-06,0.999999964792833
0.00308105400747763,1.14270728766884e-05,0.999978701315842,9.87161128156463e-06,9.87161128154461e-06,1.55546159512376e-06,0.999999964792571
0.00318219285612913,1.10639737753858e-05,0.999979377993558,9.55803266617807e-06,9.55803266620933e-06,1.50594110920778e-06,0.999999964792302
0.0032866516942004,1.07124147071349e-05,0.999980033165294,9.25441999912565e-06,9.25441999915156e-06,1.45799470800926e-06,0.999999964792024
0.00339453950384709,1.03720289134842e-05,0.999980667514525,8.96045656197881e-06,8.960456561992e-06,1.41157235150535e-06,0.999999964791738
0.00350596884467913,1.00424612915872e-05,0.999981281703008,8.67583570078441e-06,8.67583570081662e-06,1.36662559080276e-06,0.999999964791444
0.00362105597119437,9.72336802381662e-06,0.99998187637147,8.40026050629389e-06,8.40026050633675e-06,1.32310751752273e-06,0.99999996479114
0.00373992095406725,9.4144162191465e-06,0.999982452140276,8.13344350434902e-06,8.13344350437474e-06,1.28097271479748e-06,0.999999964790828
0.00386268780541876,9.11528356592854e-06,0.999983009610078,7.87510635610176e-06,7.87510635604956e-06,1.24017720982678e-06,0.999999964790505
0.00398948460819862,8.82565799570087e-06,0.999983549362436,7.62497956775607e-06,7.62497956780231e-06,1.2006784279448e-06,0.999999964790173
0.00412044364981452,8.5452373576788e-06,0.999984071960433,7.38280220952955e-06,7.38280220950246e-06,1.16243514814925e-06,0.999999964789831
0.00425570156014788,8.27372910358793e-06,0.999984577949253,7.14832164354196e-06,7.14832164352796e-06,1.12540746004597e-06,0.999999964789478
0.00439539945410012,8.01084998251166e-06,0.999985067856757,6.92129326034755e-06,6.9212932603734e-06,1.08955672216411e-06,0.999999964789114
0.00453968307881823,7.75632574543434e-06,0.999985542194031,6.7014802238364e-06,6.70148022388022e-06,1.05484552159793e-06,0.999999964788739
0.00468870296575304,7.50989085917265e-06,0.999986001455917,6.48865322423942e-06,6.48865322428737e-06,1.02123763493323e-06,0.999999964788353
0.00484261458770911,7.27128822939659e-06,0.999986446121532,6.28259023897942e-06,6.2825902389565e-06,9.88697990417175e-07,0.999999964787953
0.00500157852104985,7.04026893245153e-06,0.999986876654766,6.0830763011194e-06,6.08307630117171e-06,9.57192631332126e-07,0.999999964787542
0.00516576061322719,6.81659195570164e-06,0.999987293504769,5.88990327516661e-06,5.88990327518365e-06,9.26688680535029e-07,0.999999964787118
0.00533533215581069,6.60002394612404e-06,0.999987697106414,5.70286963999888e-06,5.70286963998954e-06,8.97154306125167e-07,0.99999996478668
0.00551047006319642,6.3903389668915e-06,0.999988087880754,5.52178027868708e-06,5.52178027866918e-06,8.68558688204424e-07,0.999999964786228
0.00569135705718213,6.18731826169005e-06,0.999988466235463,5.34644627499484e-06,5.34644627497417e-06,8.40871986695203e-07,0.999999964785763
0.0058781818576014,5.99075002652547e-06,0.999988832565257,5.17668471634315e-06,5.17668471630597e-06,8.14065310182316e-07,0.999999964785282
0.00607113937921545,5.80042918878115e-06,0.999989187252308,5.01231850303492e-06,5.01231850298739e-06,7.88110685746235e-07,0.999999964784786
0.00627043093506823,5.61615719329658e-06,0.999989530666643,4.85317616354044e-06,4.85317616350298e-06,7.62981029756135e-07,0.999999964784274
0.00647626444651671,5.43774179524356e-06,0.999989863166529,4.69909167565141e-06,4.69909167559826e-06,7.38650119592149e-07,0.999999964783746
0.00668885466015583,5.26499685958427e-06,0.999990185098847,4.54990429331702e-06,4.54990429334266e-06,7.15092566267257e-07,0.999999964783201
0.00690842337186408,5.09774216690187e-06,0.999990496799454,4.40545837898172e-06,4.40545837903314e-06,6.9228378792015e-07,0.999999964782639
0.00713519965820367,4.9358032254013e-06,0.999990798593533,4.26560324124995e-06,4.26560324125105e-06,6.70199984151344e-07,0.999999964782058
0.00736942011541665,4.77901108888427e-06,0.999991090795933,4.13019297770857e-06,4.13019297771407e-06,6.48818111175699e-07,0.99999996478146
0.00761132910626638,4.62720218050847e-06,0.999991373711497,3.99908632274314e-06,3.99908632277992e-06,6.28115857765332e-07,0.999999964780841
0.00786117901498177,4.48021812214739e-06,0.999991647635378,3.8721465001896e-06,3.87214650022971e-06,6.08071621957784e-07,0.999999964780203
0.00811923051057029,4.33790556917271e-06,0.99999191285335,3.74924108066763e-06,3.74924108062067e-06,5.88664488505074e-07,0.999999964779545
0.00838575281877464,4.20011605048697e-06,0.999992169642106,3.63024184344693e-06,3.63024184349171e-06,5.69874207040033e-07,0.999999964778865
0.0086610240029566,4.0667058136397e-06,0.999992418269544,3.51502464270258e-06,3.5150246427011e-06,5.51681170937125e-07,0.999999964778163
0.00894533125420117,3.93753567486558e-06,0.999992658995047,3.40346927801996e-06,3.40346927805543e-06,5.34066396845619e-07,0.999999964777439
0.00923897119094376,3.81247087388802e-06,0.999992892069757,3.29545936901429e-06,3.29545936905641e-06,5.17011504873723e-07,0.999999964776692
0.00954225016843284,3.69138093333705e-06,0.999993117736833,3.19088223393408e-06,3.19088223391455e-06,5.00498699402974e-07,0.99999996477592
0.00985548459835118,3.57413952263457e-06,0.999993336231705,3.08962877212178e-06,3.08962877208891e-06,4.84510750512797e-07,0.999999964775123
0.0101790012789289,3.46062432620527e-06,0.999993547782324,2.99159335020943e-06,2.99159335016178e-06,4.69030975995848e-07,0.999999964774301
0.0105131377358928,3.35071691587563e-06,0.999993752609392,2.89667369193031e-06,2.896673691963e-06,4.5404322394532e-07,0.999999964773452
0.0108582425746078,3.24430262732798e-06,0.999993950926601,2.80477077143196e-06,2.80477077141153e-06,4.39531855896019e-07,0.999999964772575
0.0112146758437778,3.1412704404807e-06,0.99999414294085,2.71578870997911e-06,2.71578870997961e-06,4.2548173050159e-07,0.99999996477167
0.0115828094110852,3.04151286366994e-06,0.99999432885246,2.62963467593912e-06,2.62963467590659e-06,4.11878187730826e-07,0.999999964770736
0.0119630273511615,2.94492582151191e-06,0.999994508855391,2.54621878794535e-06,2.54621878794774e-06,3.98707033566557e-07,0.999999964769772
0.0123557263462932,2.85140854632882e-06,0.999994683137433,2.4654540211377e-06,2.46545402111053e-06,3.85954525191123e-07,0.999999964768776
0.0127613161002814,2.76086347302533e-06,0.999994851880411,2.38725611638239e-06,2.38725611637898e-06,3.73607356642937e-07,0.999999964767749
0.0131802197658867,2.67319613730575e-06,0.99999501526037,2.31154349237657e-06,2.31154349242625e-06,3.61652644929178e-07,0.999999964766688
0.0136128743863056,2.58831507712587e-06,0.999995173447762,2.23823716054579e-06,2.23823716053195e-06,3.50077916580081e-07,0.999999964765592
0.0140597313511388,2.50613173727664e-06,0.99999532660762,2.16726064264586e-06,2.1672606426958e-06,3.38871094630784e-07,0.999999964764461
0.0145212568673265,2.42656037700017e-06,0.999995474899732,2.09853989098304e-06,2.09853989093789e-06,3.28020486017133e-07,0.999999964763293
0.0149979324455442,2.34951798054168e-06,0.999995618478808,2.03200321116941e-06,2.03200321121248e-06,3.17514769372273e-07,0.999999964762088
0.0154902554025628,2.27492417054414e-06,0.999995757494642,1.96758118733286e-06,1.96758118736568e-06,3.07342983211278e-07,0.999999964760844
0.0159987393801012,2.20270112419522e-06,0.999995892092266,1.90520660970374e-06,1.90520660966828e-06,2.97494514491481e-07,0.999999964759559
0.0165239148807097,2.13277349203907e-06,0.999996022412104,1.84481440450252e-06,1.84481440445853e-06,2.87959087536547e-07,0.999999964758232
0.0170663298212444,2.06506831936837e-06,0.999996148590115,1.78634156605564e-06,1.7863415660897e-06,2.78726753312724e-07,0.999999964756863
0.0176265501045106,1.99951497011446e-06,0.999996270757939,1.72972709106839e-06,1.72972709104231e-06,2.69787879046072e-07,0.999999964755449
0.0182051602096699,1.93604505315635e-06,0.999996389043032,1.67491191498653e-06,1.67491191494674e-06,2.61133138169823e-07,0.99999996475399
0.0188027638020293,1.87459235097161e-06,0.999996503568799,1.62183885038024e-06,1.62183885037252e-06,2.52753500591375e-07,0.999999964752483
0.0194199843628465,1.81509275055478e-06,0.999996614454722,1.57045252728603e-06,1.570452527235e-06,2.44640223268752e-07,0.999999964750927
0.0200574658398092,1.75748417653124e-06,0.999996721816488,1.52069933544456e-06,1.5206993354476e-06,2.36784841086686e-07,0.999999964749321
0.0207158733188673,1.70170652639675e-06,0.999996825766105,1.47252736837394e-06,1.47252736833484e-06,2.29179158022805e-07,0.999999964747663
0.0213958937181188,1.64770160781509e-06,0.999996926412023,1.42588636922041e-06,1.42588636920542e-06,2.21815238594683e-07,0.999999964745951
0.0220982365044733,1.59541307790846e-06,0.999997023859244,1.38072767832963e-06,1.38072767837492e-06,2.14685399578836e-07,0.999999964744185
0.0228236344338399,1.54478638447727e-06,0.999997118209433,1.33700418248425e-06,1.3370041824781e-06,2.07782201993011e-07,0.99999996474236
0.0235728443156138,1.49576870908792e-06,0.999997209561025,1.29467026575453e-06,1.29467026579882e-06,2.01098443333388e-07,0.999999964740477
0.024346647802257,1.44830891196944e-06,0.999997298009326,1.25368176191083e-06,1.25368176190068e-06,1.94627150058609e-07,0.999999964738533
0.0251458522047984,1.40235747866122e-06,0.999997383646613,1.21399590834846e-06,1.21399590839146e-06,1.88361570312761e-07,0.999999964736526
0.025971291335103,1.3578664683564e-06,0.99999746656223,1.17557130147667e-06,1.17557130143525e-06,1.8229516687973e-07,0.999999964734454
0.0268238263757905,1.31478946388688e-06,0.999997546842683,1.1383678535253e-06,1.13836785350783e-06,1.76421610361575e-07,0.999999964732316
0.0277043467787081,1.27308152329793e-06,0.999997624571726,1.10234675072415e-06,1.10234675067282e-06,1.70734772573778e-07,0.999999964730108
0.0286137711928989,1.23269913296172e-06,0.999997699830454,1.06747041281122e-06,1.06747041275972e-06,1.65228720150493e-07,0.999999964727829
0.0295530484230298,1.19360016218096e-06,0.999997772697384,1.03370245382785e-06,1.03370245382816e-06,1.59897708353114e-07,0.999999964725477
0.0305231584192821,1.15574381923535e-06,0.999997843248537,1.00100764415966e-06,1.00100764418708e-06,1.54736175075686e-07,0.999999964723048
0.0315251132997357,1.11909060882477e-06,0.999997911557517,9.69351873783847e-07,9.69351873792536e-07,1.4973873504092e-07,0.999999964720542
0.0325599584063146,1.08360229086509e-06,0.999997977695592,9.38702116684361e-07,9.38702116735558e-07,1.44900174180731e-07,0.999999964717954
0.0336287733953941,1.04924184059344e-06,0.999998041731763,9.09026396397986e-07,9.09026396418846e-07,1.40215444195452e-07,0.999999964715284
0.0347326733642093,1.01597340994132e-06,0.999998103732837,8.80293752655297e-07,8.80293752685264e-07,1.35679657286026e-07,0.999999964712527
0.0358728100142386,9.83762290135411e-07,0.999998163763501,8.52474209081719e-07,8.52474209050995e-07,1.31288081053692e-07,0.999999964709682
0.0370503728527765,9.52574875486843e-07,0.999998221886383,8.25538741925013e-07,8.25538741969768e-07,1.2703613356183e-07,0.999999964706746
0.0382665904339498,9.22378628331376e-07,0.999998278162122,7.99459249776565e-07,7.99459249723423e-07,1.22919378554811e-07,0.999999964703715
0.0395227316404704,8.93142045083749e-07,0.999998332649431,7.74208524254884e-07,7.74208524306076e-07,1.18933520828865e-07,0.999999964700587
0.0408201070074643,8.64834623370874e-07,0.999998385405155,7.49760221620742e-07,7.49760221674351e-07,1.15074401750132e-07,0.999999964697358
0.0421600700897557,8.37426830209558e-07,0.999998436484335,7.26088835294344e-07,7.26088835282952e-07,1.11337994915214e-07,0.999999964694026
0.043544018874034,8.10890071195567e-07,0.99999848594026,7.03169669245865e-07,7.03169669275018e-07,1.07720401949702e-07,0.999999964690587
0.0449733972373768,7.85196660671882e-07,0.999998533824527,6.80978812231591e-07,6.80978812247613e-07,1.04217848440291e-07,0.999999964687039
0.0464496964536501,7.6031979284504e-07,0.999998580187094,6.5949311284881e-07,6.5949311284467e-07,1.0082667999623e-07,0.999999964683376
0.0479744567493581,7.36233513819406e-07,0.999998625076331,6.386901553834e-07,6.38690155431222e-07,9.75433584360061e-08,0.999999964679597
0.049549268910565,7.12912694520231e-07,0.999998668539069,6.18548236424956e-07,6.18548236433145e-07,9.43644580952753e-08,0.999999964675697
0.0511757759425663,6.90333004477234e-07,0.999998710620653,5.99046342225053e-07,5.99046342258886e-07,9.12866622521805e-08,0.999999964671673
0.0528556747840396,6.6847088644135e-07,0.999998751364987,5.80164126775014e-07,5.80164126721064e-07,8.83067596663362e-08,0.99999996466752
0.0545907180774652,6.4730353180819e-07,0.999998790814578,5.61881890580334e-07,5.61881890537969e-07,8.54216412278559e-08,0.999999964663235
0.0563827159976619,6.2680885682256e-07,0.999998829010583,5.44180560109629e-07,5.44180560165007e-07,8.26282967129314e-08,0.999999964658814
0.058233538140347,6.06965479539201e-07,0.999998865992853,5.27041667896632e-07,5.27041667868322e-07,7.99238116425689e-08,0.999999964654253
0.0601451154726897,5.87752697515757e-07,0.999998901799969,5.10447333274546e-07,5.10447333286653e-07,7.73053642412102e-08,0.999999964649546
0.0621194423478941,5.69150466214656e-07,0.99999893646929,4.943802437226e-07,4.9438024372915e-07,7.47702224920559e-08,0.99999996464469
0.0641585785859125,5.51139378091408e-07,0.999998970036985,4.78823636805387e-07,4.78823636784382e-07,7.2315741286021e-08,0.999999964639681
0.0662646516224602,5.33700642347484e-07,0.999999002538075,4.63761282686141e-07,4.63761282708858e-07,6.99393596613437e-08,0.999999964634513
0.0684398587285749,5.16816065326668e-07,0.999999034006468,4.49177467195704e-07,4.49177467171265e-07,6.76385981309643e-08,0.999999964629182
0.0706864693030341,5.00468031534423e-07,0.999999064474993,4.35056975439539e-07,4.35056975483123e-07,6.54110560948839e-08,0.999999964623682
0.0730068272400251,4.84639485260478e-07,0.999999093975439,4.21385075925677e-07,4.2138507589315e-07,6.32544093348013e-08,0.999999964618009
0.0754033533745346,4.69313912785468e-07,0.999999122538582,4.08147505197059e-07,4.08147505184159e-07,6.1166407588409e-08,0.999999964612157
0.077878548008012,4.54475325153056e-07,0.999999150194222,3.95330452952238e-07,3.95330452927303e-07,5.91448722008173e-08,0.999999964606122
0.0804349935169401,4.40108241489575e-07,0.999999176971211,3.82920547638923e-07,3.82920547631309e-07,5.71876938506514e-08,0.999999964599896
0.0830753570470341,4.26197672853789e-07,0.999999202897485,3.70904842505342e-07,3.70904842472598e-07,5.52928303484466e-08,0.999999964593476
0.0858023932958819,4.12729106599928e-07,0.999999228000091,3.59270802094886e-07,3.5927080206646e-07,5.34583045050424e-08,0.999999964586855
0.0886189473869261,3.99688491237677e-07,0.99999925230522,3.4800628916993e-07,3.48006289185348e-07,5.16822020677466e-08,0.999999964580027
0.0915279578377878,3.87062221773344e-07,0.999999275838226,3.37099552051229e-07,3.37099552106228e-07,4.9962669722115e-08,0.999999964572985
0.0945324596260298,3.74837125516901e-07,0.999999298623662,3.26539212359645e-07,3.2653921238023e-07,4.82979131572557e-08,0.999999964565725
0.097635587355556,3.63000448340098e-07,0.999999320685299,3.16314253147459e-07,3.16314253150421e-07,4.66861951926391e-08,0.999999964558238
0.10084057852695,3.5153984137133e-07,0.999999342046151,3.06414007406876e-07,3.06414007365906e-07,4.51258339644535e-08,0.999999964550519
0.104150776915169,3.40443348113357e-07,0.999999362728505,2.96828146943746e-07,2.96828146905331e-07,4.36152011696106e-08,0.999999964542561
0.107569636058109,3.29699391970461e-07,0.999999382753936,2.87546671604895e-07,2.87546671624018e-07,4.21527203655654e-08,0.999999964534356
0.111100722859695,3.19296764172019e-07,0.999999402143337,2.78559898847847e-07,2.78559898892869e-07,4.07368653241725e-08,0.999999964525899
0.114747721311234,3.09224612079907e-07,0.999999420916934,2.69858453642049e-07,2.69858453641613e-07,3.93661584378573e-08,0.99999996451718
0.118514436334936,2.99472427867523e-07,0.999999439094313,2.61433258691089e-07,2.61433258696561e-07,3.80391691764336e-08,0.999999964508194
0.122404797753595,2.9003003755865e-07,0.999999456694437,2.53275524965695e-07,2.53275524980581e-07,3.67545125929551e-08,0.999999964498932
0.126422864390588,2.80887590414701e-07,0.999999473735667,2.45376742537665e-07,2.45376742585925e-07,3.55108478770354e-08,0.999999964489386
0.130572828304449,2.72035548659293e-07,0.99999949023578,2.37728671705169e-07,2.3772867173177e-07,3.43068769541238e-08,0.999999964479549
0.134859019162458,2.63464677529434e-07,0.999999506211988,2.30323334400165e-07,2.30323334394357e-07,3.31413431292692e-08,0.999999964469412
0.139285908757791,2.55166035642942e-07,0.999999521680959,2.23153005868989e-07,2.23153005842933e-07,3.20130297739524e-08,0.999999964458967
0.143858115674954,2.47130965672061e-07,0.999999536658828,2.16210206617448e-07,2.1621020664666e-07,3.09207590546124e-08,0.999999964448205
0.148580410108361,2.39351085313541e-07,0.99999955116122,2.09487694612008e-07,2.09487694607094e-07,2.98633907015328e-08,0.999999964437118
0.153457718839093,2.31818278545771e-07,0.999999565203264,2.02978457728972e-07,2.02978457735891e-07,2.88398208167995e-08,0.999999964425696
0.158495130375017,2.24524687163851e-07,0.999999578799606,1.96675706443771e-07,1.96675706399452e-07,2.78489807200797e-08,0.99999996441393
0.163697900259639,2.17462702583771e-07,0.999999591964431,1.90572866752758e-07,1.90572866748784e-07,2.68898358310124e-08,0.999999964401812
0.169071456555227,2.10624957907161e-07,0.999999604711469,1.84663573320124e-07,1.84663573333661e-07,2.59613845870372e-08,0.999999964389332
0.17462140550592,2.04004320238336e-07,0.999999617054017,1.78941662842809e-07,1.78941662796785e-07,2.50626573955271e-08,0.999999964376479
0.180353537386735,1.97593883245619e-07,0.999999629004949,1.73401167626494e-07,1.73401167656704e-07,2.41927156191249e-08,0.999999964363244
0.186273832544577,1.91386959959206e-07,0.999999640576731,1.68036309365988e-07,1.68036309410124e-07,2.33506505932182e-08,0.999999964349618
0.192388467637547,1.85377075798048e-07,0.999999651781431,1.62841493123527e-07,1.62841493070526e-07,2.2535582674521e-08,0.999999964335588
0.198703822079068,1.79557961818491e-07,0.999999662630737,1.57811301498728e-07,1.57811301485031e-07,2.17466603197626e-08,0.999999964321147
0.205226484693535,1.73923548177633e-07,0.999999673135963,1.52940488984118e-07,1.52940488992449e-07,2.09830591935153e-08,0.999999964306282
0.21196326059046,1.68467957804595e-07,0.999999683308066,1.48223976500373e-07,1.48223976538765e-07,2.02439813042227e-08,0.999999964290982
0.218921178264253,1.63185500273093e-07,0.999999693157654,1.43656846105572e-07,1.43656846147217e-07,1.95286541675215e-08,0.999999964275238
0.226107496927068,1.58070665868944e-07,0.999999702694998,1.39234335872969e-07,1.39234335859588e-07,1.88363299959749e-08,0.999999964259037
0.233529714082358,1.53118119846312e-07,0.999999711930045,1.34951834931946e-07,1.34951834932835e-07,1.81662849143654e-08,0.999999964242369
0.241195573347038,1.48322696866711e-07,0.999999720872425,1.30804878666989e-07,1.30804878630929e-07,1.75178181997218e-08,0.999999964225222
0.24911307253042,1.43679395614978e-07,0.99999972953146,1.26789144069698e-07,1.26789144060961e-07,1.68902515452801e-08,0.999999964207584
0.257290471978341,1.39183373586591e-07,0.999999737916181,1.22900445238989e-07,1.22900445282794e-07,1.62829283476024e-08,0.999999964189444
0.265736303191211,1.34829942040919e-07,0.999999746035329,1.19134729024815e-07,1.19134729029942e-07,1.5695213016104e-08,0.99999996417079
0.274459377724937,1.30614561115128e-07,0.999999753897368,1.15488070810868e-07,1.15488070824898e-07,1.51264903042601e-08,0.999999964151609
0.283468796384052,1.26532835093665e-07,0.999999761510495,1.11956670431875e-07,1.11956670383781e-07,1.45761646617899e-08,0.99999996413189
0.292773958716594,1.22580507828388e-07,0.999999768882644,1.08536848221255e-07,1.08536848202598e-07,1.40436596071328e-08,0.999999964111619
0.302384572820688,1.18753458304561e-07,0.9999997760215,1.05225041185003e-07,1.05225041220485e-07,1.35284171195579e-08,0.999999964090786
0.312310665473019,1.15047696348112e-07,0.999999782934504,1.02017799297846e-07,1.02017799340894e-07,1.30298970502662e-08,0.999999964069377
0.3225625925898,1.11459358469662e-07,0.99999978962886,9.89117819177972e-08,9.89117819270193e-08,1.25475765518648e-08,0.99999996404738
0.333151050031116,1.07984703841006e-07,0.999999796111542,9.59037543153919e-08,9.59037542758017e-08,1.20809495256141e-08,0.999999964024782
0.344087084759949,1.04620110399849e-07,0.999999802389305,9.29905843139827e-08,9.29905842967442e-08,1.16295260858658e-08,0.999999964001571
0.355382106367494,1.01362071078735e-07,0.99999980846869,9.01692390376053e-08,9.01692390665303e-08,1.11928320411298e-08,0.999999963977734
0.367047898976817,9.82071901542459e-08,0.999999814356028,8.74367817630217e-08,8.74367818184918e-08,1.07704083912242e-08,0.999999963953257
0.379096633537254,9.51521797126503e-08,0.999999820057451,8.47903688726665e-08,8.47903689266389e-08,1.03618108399838e-08,0.999999963928129
0.391540880522397,9.21938562283285e-08,0.999999825578897,8.22272469053146e-08,8.22272468879449e-08,9.96660932301398e-09,0.999999963902336
0.404393623044898,8.93291372513999e-08,0.999999830926113,7.97447497014009e-08,7.9744749750536e-08,9.58438754999904e-09,0.999999963875867
0.417668270401779,8.65550382010957e-08,0.999999836104666,7.73402956400087e-08,7.734029565898e-08,9.21474256108702e-09,0.999999963848707
0.431378672064385,8.38686692615314e-08,0.999999841119946,7.50113849646417e-08,7.50113849625106e-08,8.85728429688979e-09,0.999999963820845
0.44553913212757,8.12672323766373e-08,0.99999984597717,7.27555971949847e-08,7.27555972248927e-08,8.51163518165264e-09,0.999999963792268
0.460164424233197,7.87480183411072e-08,0.999999850681393,7.05705886219444e-08,7.05705885823581e-08,8.17742971916283e-09,0.999999963762964
0.475269806983507,7.63084039843249e-08,0.999999855237506,6.84540898833441e-08,6.84540898967427e-08,7.8543141009808e-09,0.99999996373292
0.490871039860462,7.39458494443244e-08,0.999999859650247,6.64039036177314e-08,6.64039035973443e-08,7.54194582659299e-09,0.999999963702124
0.506984399667645,7.16578955289276e-08,0.999999863924202,6.44179021938294e-08,6.4417902211959e-08,7.23999333509825e-09,0.999999963670565
0.523626697511894,6.94421611613006e-08,0.999999868063813,6.24940255132458e-08,6.24940254812333e-08,6.94813564805482e-09,0.999999963638231
0.540815296342362,6.7296340907246e-08,0.99999987207338,6.06302788841185e-08,6.06302788345679e-08,6.66606202312745e-09,0.999999963605109
0.558568129065332,6.52182025816408e-08,0.999999875957066,5.88247309634528e-08,5.8824731009721e-08,6.39347161818797e-09,0.999999963571191
0.576903717253654,6.32055849315033e-08,0.999999879718903,5.70755117659678e-08,5.70755118178273e-08,6.13007316553552e-09,0.999999963536463
0.595841190470353,6.12563953932549e-08,0.999999883362794,5.53808107373394e-08,5.53808107224002e-08,5.8755846559155e-09,0.999999963500917
0.615400306226538,5.93686079218141e-08,0.999999886892517,5.37388748897855e-08,5.37388749024121e-08,5.62973303202864e-09,0.99999996346454
0.635601470594471,5.75402608892355e-08,0.999999890311732,5.21480069980014e-08,5.21480070237863e-08,5.39225389123403e-09,0.999999963427325
0.656465759497265,5.57694550506739e-08,0.999999893623981,5.06065638535119e-08,5.06065638317409e-08,5.16289119716201e-09,0.999999963389262
0.678014940697448,5.40543515755257e-08,0.999999896832694,4.91129545755611e-08,4.91129545669341e-08,4.94139699996461e-09,0.999999963350342
0.70027149650732,5.23931701416584e-08,0.999999899941191,4.76656389767155e-08,4.76656389854543e-08,4.72753116494283e-09,0.999999963310556
0.723258647244802,5.07841870907092e-08,0.999999902952687,4.62631259814077e-08,4.62631259838738e-08,4.5210611093015e-09,0.999999963269897
0.747000375459254,4.92257336424905e-08,0.999999905870294,4.49039720956969e-08,4.49039720541756e-08,4.32176154679354e-09,0.999999963228358
0.771521450952519,4.77161941665996e-08,0.999999908697026,4.35867799265732e-08,4.35867799035181e-08,4.1294142400264e-09,0.999999963185933
0.796847456621326,4.62540045093885e-08,0.999999911435799,4.23101967491743e-08,4.23101967965966e-08,3.94380776021414e-09,0.999999963142614
0.823004815147973,4.48376503745039e-08,0.999999914089437,4.10729131203347e-08,4.1072913066479e-08,3.76473725416915e-09,0.999999963098398
0.850020816567193,4.34656657552588e-08,0.999999916660673,3.98736615369216e-08,3.98736615728103e-08,3.59200421833723e-09,0.999999963053279
0.877923646737896,4.21366314171534e-08,0.999999919152153,3.8711215137463e-08,3.87112151114666e-08,3.42541627969039e-09,0.999999963007255
0.906742416749555,4.08491734289073e-08,0.99999992156644,3.75843864456067e-08,3.75843864402326e-08,3.26478698330057e-09,0.999999962960322
0.936507193293867,3.96019617404178e-08,0.999999923906012,3.64920261539906e-08,3.64920261481302e-08,3.10993558642725e-09,0.999999962912478
0.967249030033411,3.83937088061033e-08,0.999999926173269,3.54330219471426e-08,3.5433021922651e-08,2.96068685896074e-09,0.999999962863722
0.999,3.7223168252137e-08,0.999999928370534,3.44062973620656e-08,3.44062973290097e-08,2.81687089007139e-09,0.999999962814055
