1e-09,0.950400529084829,0.0148924663704109,0.0347070045447603,0.0347070045447603,0.915693524540069,0.999999999161505
1.02807322383086e-09,0.950342996538962,0.0149118442062519,0.0347451592547856,0.0347451592547856,0.915597837284177,0.999999999138146
1.05693455355799e-09,0.950283735738634,0.0149318092403401,0.0347844550210258,0.0347844550210258,0.915499280717608,0.999999999114142
1.0866061138546e-09,0.950222691468836,0.0149523805344862,0.0348249279966781,0.0348249279966781,0.915397763472158,0.999999999089475
1.11711065050482e-09,0.950159806560641,0.0149735778428388,0.0348666155965201,0.03486661559652,0.915293190964121,0.999999999064128
1.14847154784029e-09,0.95009502181137,0.0149954216412115,0.0349095565474187,0.0349095565474188,0.915185465263951,0.999999999038081
1.18071284666619e-09,0.95002827590091,0.0150179331578817,0.0349537909412082,0.0349537909412082,0.915074484959702,0.999999999011317
1.21385926269063e-09,0.949959505303988,0.015041134405947,0.0349993602900647,0.0349993602900647,0.914960145013924,0.999999998983815
1.24793620547131e-09,0.949888644198155,0.0150650482173313,0.0350463075845135,0.0350463075845134,0.914842336613642,0.999999998955557
1.28296979789415e-09,0.949815624367248,0.0150896982785378,0.0350946773542147,0.0350946773542147,0.914720947013033,0.999999998926521
1.31898689619867e-09,0.949740375100067,0.0151151091682542,0.0351445157316787,0.0351445157316788,0.914595859368388,0.999999998896687
1.35601511056563e-09,0.949662823084003,0.0151413063969205,0.0351958705190768,0.0351958705190768,0.914466952564926,0.999999998866033
1.39408282628258e-09,0.949582892293303,0.0151683164483792,0.0352487912583174,0.0352487912583175,0.914334101034986,0.999999998834537
1.43321922550358e-09,0.949500503871692,0.0151961668237343,0.0353033293045733,0.0353033293045732,0.914197174567119,0.999999998802177
1.47345430961984e-09,0.94941557600899,0.0152248860875559,0.0353595379034536,0.0353595379034537,0.914056038105537,0.999999998768931
1.51481892225835e-09,0.949328023811397,0.0152545039165741,0.035417472272029,0.0354174722720291,0.913910551539368,0.999999998734774
1.55734477292614e-09,0.949237759165052,0.0152850511510189,0.0354771896839292,0.0354771896839293,0.913760569481123,0.999999998699682
1.60106446131832e-09,0.949144690592481,0.0153165598487712,0.0355387495587479,0.0355387495587479,0.913605941033733,0.99999999866363
1.64601150230855e-09,0.949048723101494,0.0153490633425037,0.0356022135560027,0.0356022135560028,0.913446509545491,0.999999998626594
1.69222035164104e-09,0.948949758026083,0.0153825963000004,0.0356676456739165,0.0356676456739164,0.913282112352166,0.999999998588546
1.7397264323438e-09,0.948847692858839,0.0154171947878613,0.0357351123532997,0.0357351123532997,0.913112580505539,0.99999999854946
1.78856616188346e-09,0.948742421074358,0.0154528963388071,0.0358046825868347,0.0358046825868347,0.912937738487523,0.99999999850931
1.83877698008233e-09,0.948633831943099,0.015489740022822,0.0358764280340792,0.0358764280340793,0.912757403909019,0.999999998468067
1.89039737781922e-09,0.948521810335088,0.0155277665223831,0.0359504231425287,0.0359504231425287,0.912571387192559,0.999999998425703
1.94346692653602e-09,0.948406236512856,0.0155670182120462,0.036026745275098,0.0360267452750981,0.912379491237758,0.999999998382187
1.99802630857255e-09,0.948286985912916,0.0156075392426788,0.0361054748444053,0.0361054748444054,0.912181511068511,0.999999998337492
2.05411734835306e-09,0.948163928915084,0.0156493756306485,0.0361866954542677,0.0361866954542677,0.911977233460816,0.999999998291585
2.11178304444824e-09,0.948036930598856,0.0156925753523013,0.0362704940488422,0.0362704940488423,0.911766436550014,0.999999998244437
2.17106760253726e-09,0.947905850486037,0.0157371884440883,0.0363569610698747,0.0363569610698747,0.911548889416162,0.999999998196014
2.23201646929523e-09,0.947770542268726,0.0157832671087248,0.0364461906225493,0.0364461906225494,0.911324351646177,0.999999998146283
2.29467636723194e-09,0.947630853521743,0.0158308658277955,0.0365382806504613,0.0365382806504614,0.911092572871282,0.999999998095213
2.35909533050864e-09,0.947486625398477,0.0158800414812517,0.0366333331202714,0.0366333331202714,0.910853292278206,0.999999998042768
2.42532274176036e-09,0.947337692309088,0.0159308534742782,0.0367314542166332,0.0367314542166333,0.910606238092455,0.999999997988913
2.49340936995188e-09,0.947183881579929,0.0159833638720454,0.0368327545480252,0.0368327545480251,0.910351127031904,0.999999997933614
2.56340740929651e-09,0.947025013092943,0.0160376375428999,0.0369373493641572,0.0369373493641572,0.910087663728786,0.999999997876833
2.63537051926739e-09,0.946860898903745,0.0160937423105924,0.037045358785663,0.0370453587856631,0.909815540118082,0.999999997818534
2.70935386573205e-09,0.946691342836978,0.0161517491161829,0.037156908046839,0.037156908046839,0.909534434790139,0.999999997758679
2.78541416324176e-09,0.946516140057454,0.0162117321903176,0.0372721277522288,0.0372721277522288,0.909244012305225,0.999999997697229
2.86360971850811e-09,0.946335076615466,0.0162737692366216,0.0373911541479122,0.0373911541479122,0.908943922467554,0.999999997634146
2.94400047510004e-09,0.946147928964588,0.016337941627012,0.0375141294084004,0.0375141294084005,0.908633799556187,0.999999997569388
3.0266480593957e-09,0.945954463450104,0.0164043346097961,0.0376412019400997,0.0376412019400997,0.908313261510004,0.999999997502916
3.11161582782436e-09,0.945754435766152,0.0164730375314892,0.0377725267023593,0.0377725267023592,0.907981909063792,0.999999997434687
3.19896891543454e-09,0.945547590379464,0.0165441440733563,0.0379082655471796,0.0379082655471796,0.907639324832284,0.99999999736466
3.28877428582551e-09,0.945333659917518,0.016617752503763,0.0380485875787186,0.0380485875787185,0.9072850723388,0.999999997292792
3.38110078248068e-09,0.945112364518702,0.0166939659475036,0.0381936695337945,0.0381936695337944,0.906918694984907,0.999999997219039
3.47601918154197e-09,0.944883411141983,0.0167728926733651,0.0383436961846521,0.0383436961846522,0.906539714957331,0.999999997143358
3.57360224606578e-09,0.944646492833394,0.0168546464012859,0.0384988607653201,0.0384988607653202,0.906147632068074,0.999999997065703
3.67392478180208e-09,0.944401287946472,0.0169393466305686,0.0386593654229588,0.0386593654229589,0.905741922523514,0.999999996986028
3.77706369453937e-09,0.944147459313617,0.017027118990725,0.0388254216956579,0.0388254216956579,0.905322037617959,0.999999996904288
3.88309804905961e-09,0.94388465336514,0.0171180956166456,0.0389972510182141,0.0389972510182141,0.904887402346926,0.999999996820437
3.99210912974805e-09,0.943612499192603,0.0172124155499214,0.0391750852574759,0.0391750852574759,0.904437413935127,0.999999996734427
4.10418050290471e-09,0.943330607552815,0.0173102251682789,0.0393591672789063,0.0393591672789064,0.903971440273908,0.99999999664621
4.21939808080502e-09,0.943038569808698,0.0174116786452392,0.0395497515460625,0.0395497515460626,0.903488818262636,0.999999996555739
4.33785018755898e-09,0.942735956802991,0.0175169384422681,0.039747104754741,0.039747104754741,0.90298885204825,0.999999996462965
4.45962762681909e-09,0.942422317660583,0.0176261758358468,0.0399515065035705,0.0399515065035705,0.902470811157012,0.99999999636784
4.58482375138911e-09,0.942097178515074,0.0177395714820725,0.0401632500028537,0.0401632500028538,0.90193392851222,0.999999996270316
4.71353453478692e-09,0.941760041154956,0.0178573160215756,0.040382642823468,0.040382642823468,0.901377398331488,0.999999996170342
4.8458586448165e-09,0.941410381584651,0.0179796107277368,0.0406100076876119,0.040610007687612,0.900800373897039,0.99999999606787
4.98189751920517e-09,0.941047648495474,0.0181066682013831,0.0408456833031426,0.0408456833031425,0.900201965192332,0.999999995962852
5.12175544336424e-09,0.940671261641487,0.0182387131153472,0.0410900252431661,0.0410900252431662,0.899581236398321,0.999999995855238
5.26553963033276e-09,0.940280610115091,0.0183759830124853,0.0413434068724237,0.0413434068724237,0.898937203242667,0.99999999574498
5.41336030296538e-09,0.939875050517206,0.0185187291609546,0.04160622032184,0.0416062203218399,0.898268830195366,0.99999999563203
5.56533077842764e-09,0.93945390501687,0.0186672174707644,0.0418788775123661,0.0418788775123661,0.897575027504503,0.999999995516342
5.72156755506324e-09,0.939016459295246,0.0188217294758149,0.0421618112289391,0.042161811228939,0.896854648066307,0.999999995397867
5.88219040169997e-09,0.938561960369195,0.0189825633858283,0.0424554762449768,0.0424554762449768,0.896106484124218,0.999999995276561
6.04732244946265e-09,0.938089614289933,0.0191500352127486,0.0427603504973182,0.0427603504973181,0.895329263792615,0.999999995152378
6.21709028616383e-09,0.937598583712782,0.0193244799763331,0.0430769363108845,0.0430769363108846,0.894521647401898,0.999999995025277
6.39162405334401e-09,0.937087985334693,0.0195062529937631,0.0434057616715435,0.0434057616715435,0.89368222366315,0.999999994895215
6.57105754603627e-09,0.93655688719715,0.0196957312581561,0.0437473815446942,0.0437473815446942,0.892809505652456,0.999999994762152
6.75552831533164e-09,0.936004305853235,0.0198933149108525,0.0441023792359124,0.0441023792359124,0.891901926617323,0.999999994626051
6.94517777382369e-09,0.93542920339918,0.0200994288122479,0.0444713677885723,0.0444713677885722,0.890957835610608,0.999999994486877
7.14015130401339e-09,0.934830484372611,0.0203145242157323,0.044854991411657,0.0448549914116569,0.889975492960954,0.999999994344597
7.3405983697572e-09,0.934206992522114,0.0205390805489512,0.0452539269289353,0.0452539269289353,0.888953065593178,0.999999994199183
7.5466726308439e-09,0.933557507455648,0.02077360730608,0.0456688852382717,0.0456688852382716,0.887888622217377,0.999999994050609
7.75853206078784e-09,0.932880741178927,0.0210186460540738,0.0461006127669988,0.0461006127669988,0.886780128411929,0.999999993898853
7.97633906792928e-09,0.932175334539176,0.0212747725548639,0.0465498929059602,0.0465498929059602,0.885625441633216,0.999999993743899
8.20026061993413e-09,0.931439853594864,0.0215425990041755,0.0470175474009608,0.0470175474009608,0.884422306193903,0.999999993585733
8.43046837178897e-09,0.93067278593813,0.0218227763859688,0.0475044376759016,0.0475044376759016,0.883168348262228,0.99999999342435
8.66713879738922e-09,0.929872537003854,0.0221159969394026,0.0480114660567433,0.0480114660567433,0.881861070947111,0.999999993259749
8.9104533248215e-09,0.929037426407797,0.0224229967325927,0.0485395768596106,0.0485395768596105,0.880497849548186,0.999999993091935
9.16059847544369e-09,0.928165684366016,0.0227445583342217,0.0490897572997619,0.0490897572997619,0.879075927066254,0.999999992920923
9.41776600686954e-09,0.927255448259063,0.023081513570148,0.0496630381707885,0.0496630381707884,0.877592410088275,0.999999992746734
9.6821530599671e-09,0.926304759417244,0.0234347463474834,0.0502604942352728,0.0502604942352728,0.876044265181971,0.999999992569397
9.95396230998424e-09,0.925311560217673,0.0238051955230511,0.0508832442592763,0.0508832442592763,0.874428315958396,0.999999992388953
1.02334021219164e-08,0.924273691599854,0.0241938577866347,0.051532450613511,0.0515324506135111,0.872741240986343,0.99999999220545
1.05206867102362e-08,0.923188891124047,0.0246017905218938,0.0522093183540594,0.0522093183540594,0.870979572769987,0.99999999201895
1.08160363031071e-08,0.92205479171553,0.0250301145992141,0.0529150936852555,0.0529150936852555,0.869139698030275,0.999999991829525
1.1119677311207e-08,0.920868921257741,0.0254800170450659,0.0536510616971929,0.053651061697193,0.867217859560548,0.99999999163726
1.14318425012915e-08,0.919628703217557,0.0259527535217039,0.0544185432607395,0.0544185432607396,0.865210159956817,0.999999991442253
1.17527711746295e-08,0.918331458506094,0.026449650539364,0.0552188909545425,0.0552188909545425,0.863112567551551,0.999999991244617
1.20827093504478e-08,0.916974408797195,0.0269721073107106,0.0560534838920942,0.0560534838920942,0.860920924905101,0.999999991044479
1.24219099545262e-08,0.91555468154206,0.0275215971444835,0.0569237213134563,0.0569237213134562,0.858630960228604,0.999999990841983
1.27706330130864e-08,0.914069316930556,0.0280996682625588,0.0578310148068855,0.0578310148068855,0.85623830212367,0.999999990637287
1.31291458521247e-08,0.912515277055699,0.0287079439126194,0.0587767790316818,0.0587767790316819,0.853738498024017,0.999999990430567
1.34977233023394e-08,0.910889457535297,0.0293481216381423,0.059762420826561,0.0597624208265609,0.851127036708736,0.999999990222017
1.38766479098131e-08,0.909188701831225,0.0300219715594983,0.0607893266092766,0.0607893266092766,0.848399375221949,0.999999990011846
1.42662101526074e-08,0.907409818479608,0.030731333515815,0.0618588480045769,0.0618588480045769,0.845550970475031,0.999999989800281
1.46667086634397e-08,0.905549601401542,0.0314781129182639,0.0629722856801939,0.062972285680194,0.842577315721348,0.999999989587568
1.50784504586105e-08,0.903604853401563,0.0322642751730634,0.0641308714253735,0.0641308714253735,0.83947398197619,0.999999989373966
1.55017511733577e-08,0.901572412878023,0.0330918385481942,0.0653357485737832,0.0653357485737832,0.836236664304239,0.999999989159753
1.59369353038178e-08,0.899449183665089,0.0339628653829529,0.0665879509519584,0.0665879509519584,0.83286123271313,0.99999998894522
1.63843364557798e-08,0.897232167800913,0.0348794515750077,0.0678883806240792,0.0678883806240793,0.829343787176834,0.999999988730671
1.68442976004231e-08,0.894918500873127,0.0358437143260759,0.0692377848007967,0.0692377848007967,0.825680716072331,0.999999988516423
1.73171713372335e-08,0.892505489436043,0.0368577781844388,0.0706367323795186,0.0706367323795186,0.821868757056524,0.9999999883028
1.78033201643011e-08,0.889990649830959,0.0379237594890527,0.0720855906799888,0.0720855906799888,0.81790505915097,0.999999988090136
1.83031167562061e-08,0.887371747581505,0.0390437493936831,0.0735845030248122,0.0735845030248122,0.813787244556692,0.999999987878767
1.88169442497056e-08,0.884646836391641,0.0402197957268077,0.0751333678815514,0.0751333678815514,0.809513468510089,0.99999998766903
1.93451965374404e-08,0.881814295657842,0.0414538840194516,0.0767318203227062,0.0767318203227063,0.805082475335136,0.99999998746126
1.98882785698881e-08,0.878872865332312,0.0427479181031986,0.0783792165644897,0.0783792165644897,0.800493648767822,0.999999987255788
2.04466066657912e-08,0.875821676952706,0.0441037007385393,0.0800746223087544,0.0800746223087545,0.795747054643952,0.999999987052935
2.10206088313016e-08,0.872660279694944,0.0455229147737312,0.0818168055313249,0.0818168055313248,0.790843474163619,0.999999986853009
2.16107250880838e-08,0.869388660413893,0.0470071053515238,0.0836042342345832,0.0836042342345832,0.78578442617931,0.999999986656303
2.22174078106288e-08,0.866007256811241,0.0485576636719679,0.0854350795167914,0.0854350795167914,0.780572177294449,0.999999986463091
2.28411220730383e-08,0.862516963103552,0.0501758127826266,0.0873072241138211,0.087307224113821,0.775209738989731,0.999999986273624
2.34823460055428e-08,0.858919127843377,0.0518625958037668,0.0892182763528565,0.0892182763528566,0.76970085149052,0.999999986088133
2.41415711610302e-08,0.855215543854098,0.0536188669089461,0.0911655892369558,0.0911655892369558,0.764049954617142,0.999999985906819
2.48193028918626e-08,0.851408430553751,0.0554452852764197,0.0931462841698296,0.0931462841698296,0.758262146383921,0.999999985729857
2.55160607372719e-08,0.847500409241816,0.0573423121112617,0.0951572786469223,0.0951572786469222,0.752343130594894,0.999999985557394
2.62323788216312e-08,0.84349447218532,0.0593102107201457,0.0971953170945347,0.0971953170945347,0.746299155090785,0.999999985389551
2.69688062639069e-08,0.839393946549223,0.06134904950847,0.0992570039423068,0.0992570039423069,0.740136942606916,0.999999985226415
2.77259075986048e-08,0.835202454359494,0.0634587076701788,0.101338837970327,0.101338837970327,0.733863616389167,0.999999985068051
2.85042632085343e-08,0.830923869760061,0.0656388832598417,0.103437246980097,0.103437246980097,0.727486622779963,0.999999984914496
2.93044697697214e-08,0.826562274828158,0.0678891032779288,0.105548621893913,0.105548621893913,0.721013652934245,0.999999984765758
3.01271407088116e-08,0.822121915153034,0.0702087353651903,0.107669349481775,0.107669349481775,0.714452565671259,0.999999984621828
3.09729066733141e-08,0.817607156271595,0.0725970006899966,0.109795843038409,0.109795843038409,0.707811313233186,0.999999984482671
3.18424160150466e-08,0.813022441904866,0.0750529876210921,0.111924570474042,0.111924570474042,0.701097871430824,0.999999984348235
3.27363352871525e-08,0.808372254765669,0.0775756658039613,0.11405207943037,0.11405207943037,0.694320175335298,0.999999984218451
3.36553497550709e-08,0.803661080524478,0.080163900297668,0.116175019177854,0.116175019177854,0.687486061346624,0.999999984093234
3.46001639218511e-08,0.798893375339346,0.0828164654762455,0.118290159184409,0.118290159184409,0.680603216154937,0.999999983972486
3.55715020682138e-08,0.794073537186579,0.0855320584503601,0.120394404363061,0.120394404363061,0.673679132823518,0.999999983856102
3.65701088077749e-08,0.789205881078698,0.0883093118174327,0.122484807103869,0.122484807103869,0.666721073974829,0.999999983743965
3.75967496578547e-08,0.784294618129128,0.0911468055988145,0.124558576272057,0.124558576272057,0.659736041857071,0.999999983635953
3.86522116263126e-08,0.779343838320988,0.094043078268862,0.12661308341015,0.12661308341015,0.652730754910839,0.999999983531938
3.97373038148561e-08,0.774357496760086,0.0969966368214658,0.128645866418449,0.128645866418449,0.645711630341637,0.999999983431789
4.08528580392857e-08,0.769339403138018,0.100005965854079,0.130654631007903,0.130654631007903,0.638684772130115,0.999999983335374
4.19997294671531e-08,0.764293214097696,0.103069535677364,0.13263725022494,0.13263725022494,0.631655963872756,0.999999983242559
4.31787972733202e-08,0.759222428177346,0.106185809480486,0.134591762342168,0.134591762342168,0.624630665835178,0.999999983153211
4.43909653139217e-08,0.754130383006893,0.109353249598339,0.136516367394769,0.136516367394769,0.617614015612124,0.999999983067196
4.56371628192476e-08,0.749020254439339,0.112570322938243,0.138409422622418,0.138409422622418,0.610610831816921,0.999999982984385
4.6918345106078e-08,0.743895057316392,0.115835505630735,0.140269437052873,0.140269437052873,0.603625620263518,0.999999982904649
4.82354943100147e-08,0.738757647589584,0.119147286972617,0.142095065437799,0.142095065437799,0.596662582151785,0.999999982827863
4.95896201383721e-08,0.733610725543404,0.122504172731305,0.143885101725291,0.143885101725291,0.589725623818113,0.999999982753905
5.09817606442043e-08,0.728456839893666,0.125904687878265,0.145638472228069,0.145638472228069,0.582818367665597,0.999999982682656
5.24129830220606e-08,0.723298392561337,0.129347378816539,0.147354228622124,0.147354228622124,0.575944163939214,0.999999982614002
5.38843844260822e-08,0.718137643948184,0.132830815163605,0.149031540888211,0.149031540888211,0.569106103059974,0.999999982547831
5.5397092811064e-08,0.712976718565351,0.136353591146293,0.150669690288356,0.150669690288356,0.562307028276996,0.999999982484038
5.69522677971282e-08,0.70781761088881,0.139914326659714,0.152268062451476,0.152268062451476,0.555549548437334,0.99999998242252
5.85511015586724e-08,0.702662191336357,0.143511668037217,0.153826140626426,0.153826140626426,0.548836050709932,0.999999982363178
6.01948197382727e-08,0.69751221227935,0.147144288573542,0.155343499147108,0.155343499147108,0.542168713132241,0.999999982305918
6.18846823862438e-08,0.692369314018674,0.150810888838655,0.156819797142671,0.156819797142672,0.535549516876002,0.999999982250651
6.3621984926575e-08,0.687235030668661,0.15451019681537,0.158254772515969,0.158254772515969,0.528980258152691,0.999999982197289
6.54080591499826e-08,0.682110795904885,0.158240967889771,0.159648236205345,0.159648236205345,0.52246255969954,0.99999998214575
6.72442742348425e-08,0.676997948542189,0.162001984719726,0.161000066738085,0.161000066738085,0.515997881804103,0.999999982095956
6.91320377967813e-08,0.671897737918101,0.165792057003405,0.162310205078494,0.162310205078494,0.509587532839607,0.99999998204783
7.10727969677341e-08,0.666811329064118,0.169610021166686,0.163578649769195,0.163578649769195,0.503232679294923,0.999999982001303
7.30680395052951e-08,0.66173980765342,0.173454739985658,0.164805452360923,0.164805452360923,0.496934355292497,0.999999981956304
7.51192949332097e-08,0.656684184718536,0.177325102158026,0.165990713123438,0.165990713123438,0.490693471595098,0.99999998191277
7.72281357138864e-08,0.651645401136516,0.181220021835175,0.16713457702831,0.16713457702831,0.484510824108206,0.999999981870638
7.93961784538228e-08,0.646624331882331,0.185138438124779,0.16823722999289,0.16823722999289,0.478387101889441,0.99999998182985
8.16250851428724e-08,0.641621790053787,0.18907931457232,0.169298895373892,0.169298895373892,0.472322894679895,0.999999981790348
8.39165644283016e-08,0.636638530673143,0.193041638628451,0.170319830698406,0.170319830698406,0.466318699974737,0.99999998175208
8.62723729246145e-08,0.631675254272104,0.19702442110801,0.171300324619885,0.171300324619885,0.460374929652219,0.999999981714995
8.8694316560147e-08,0.626732610267925,0.201026695645455,0.172240694086619,0.172240694086619,0.454491916181306,0.999999981679045
9.11842519614656e-08,0.621811200139085,0.205047518150629,0.173141281710287,0.173141281710287,0.448669918428798,0.999999981644182
9.374408787663e-08,0.616911580409486,0.209085966268029,0.174002453322484,0.174002453322484,0.442909127087002,0.999999981610363
9.63757866384109e-08,0.612034265450385,0.213141138842148,0.174824595707467,0.174824595707467,0.437209669742919,0.999999981577547
9.90813656685867e-08,0.607179730109335,0.217212155390887,0.175608114499779,0.175608114499779,0.431571615609556,0.999999981545693
1.01862899024469e-07,0.602348412175411,0.221298155588646,0.176353432235943,0.176353432235943,0.425994979939468,0.999999981514764
1.04722518988844e-07,0.597540714689825,0.225398298760282,0.177060986549893,0.177060986549893,0.420479728139932,0.999999981484723
1.07662417704549e-07,0.592757008110796,0.229511763386838,0.177731228502366,0.177731228502366,0.41502577960843,0.999999981455536
1.10684848854941e-07,0.587997632341293,0.233637746623678,0.178364621035029,0.178364621035029,0.409633011306265,0.99999998142717
1.13792129391531e-07,0.583262898627913,0.237775463831458,0.178961637540629,0.178961637540629,0.404301261087283,0.999999981399594
1.16986641310131e-07,0.578553091338818,0.241924148120165,0.179522760541017,0.179522760541017,0.399030330797801,0.999999981372778
1.20270833476851e-07,0.573868469628287,0.246083049906339,0.180048480465375,0.180048480465375,0.393819989162911,0.999999981346693
1.23647223505371e-07,0.569209268995038,0.25025143648346,0.180539294521502,0.180539294521502,0.388669974473536,0.999999981321313
1.27118399686903e-07,0.564575702741129,0.254428591605391,0.180995705653479,0.180995705653479,0.38357999708765,0.99999998129661
1.30687022974335e-07,0.559967963337836,0.258613815082693,0.181418221579471,0.181418221579471,0.378549741758365,0.999999981272562
1.34355829022083e-07,0.555386223704551,0.262806422391568,0.181807353903881,0.181807353903881,0.37357886980067,0.999999981249143
1.38127630283201e-07,0.550830638406393,0.267005744295155,0.182163617298452,0.182163617298452,0.368667021107941,0.999999981226332
1.42005318165368e-07,0.546301344775851,0.271211126476844,0.182487528747305,0.182487528747305,0.363813816028546,0.999999981204106
1.45991865247398e-07,0.54179846396347,0.275421929185274,0.182779606851256,0.182779606851256,0.359018857112215,0.999999981182446
1.50090327557974e-07,0.537322101922261,0.279637526890652,0.183040371187087,0.183040371187087,0.354281730735173,0.999999981161331
1.54303846918356e-07,0.532872350330214,0.283857307952013,0.183270341717773,0.183270341717774,0.34960200861244,0.999999981140743
1.58635653350859e-07,0.528449287455012,0.288080674295063,0.183470038249925,0.183470038249925,0.344979249205088,0.999999981120663
1.63089067554933e-07,0.524052978964768,0.292307041100211,0.183639979935021,0.183639979935021,0.340412999029748,0.999999981101074
1.6766750345277e-07,0.519683478688353,0.296535836500416,0.183780684811231,0.183780684811231,0.335902793877122,0.99999998108196
1.72374470806362e-07,0.515340829328644,0.300766501288497,0.183892669382859,0.183892669382859,0.331448159945786,0.999999981063306
1.77213577908036e-07,0.51102506313181,0.304998488633515,0.183976448234675,0.183976448234675,0.327048614897135,0.999999981045095
1.82188534346517e-07,0.506736202515504,0.309231263805899,0.184032533678597,0.184032533678597,0.322703668836907,0.999999981027313
1.87303153850643e-07,0.502474260658687,0.313464303910958,0.184061435430355,0.184061435430355,0.318412825228332,0.999999981009946
1.9256135721292e-07,0.498239242055578,0.317697097630444,0.184063660313978,0.184063660313978,0.3141755817416,0.999999980992982
1.97967175295133e-07,0.494031143036079,0.321929144971859,0.184039711992062,0.184039711992062,0.309991431044018,0.999999980976406
2.03524752118358e-07,0.489849952254857,0.326159957025177,0.183990090719966,0.183990090719966,0.305859861534891,0.999999980960208
2.09238348039698e-07,0.485695651151109,0.330389055726696,0.183915293122194,0.183915293122195,0.301780358028915,0.999999980944374
2.15112343018217e-07,0.481568214380915,0.334615973629732,0.183815811989353,0.183815811989353,0.297752402391562,0.999999980928894
2.21151239972549e-07,0.477467610223924,0.338840253681872,0.183692136094204,0.183692136094204,0.29377547412972,0.999999980913757
2.27359668232772e-07,0.473393800966037,0.343061449008543,0.18354475002542,0.18354475002542,0.289849050940617,0.999999980898952
2.33742387089181e-07,0.469346743259601,0.34727912270262,0.183374134037779,0.183374134037779,0.285972609221822,0.99999998088447
2.40304289440697e-07,0.465326388462546,0.351492847619862,0.183180763917591,0.183180763917591,0.282145624544955,0.9999999808703
2.47050405545683e-07,0.461332682957803,0.355702206179926,0.182965110862272,0.182965110862272,0.278367572095531,0.999999980856433
2.53985906878073e-07,0.457365568454223,0.359906790172749,0.182727641373029,0.182727641373029,0.274637927081194,0.999999980842861
2.61116110091746e-07,0.453424982270179,0.364106200570096,0.182468817159725,0.182468817159725,0.270956165110454,0.999999980829575
2.68446481096197e-07,0.449510857600906,0.368300047342067,0.182189095057027,0.182189095057027,0.267321762543878,0.999999980816566
2.75982639246618e-07,0.445623123770591,0.372487949278382,0.181888926951027,0.181888926951027,0.263734196819564,0.999999980803827
2.83730361651621e-07,0.441761706470167,0.376669533814256,0.181568759715576,0.181568759715576,0.260192946754591,0.99999998079135
2.91695587601879e-07,0.43792652798166,0.380844436860708,0.181229035157632,0.181229035157632,0.256697492824028,0.999999980779127
2.99884423123102e-07,0.434117507389927,0.385012302639121,0.180870189970951,0.180870189970951,0.253247317418976,0.999999980767151
3.08303145656828e-07,0.430334560782545,0.389172783519923,0.180492655697532,0.180492655697532,0.249841905085012,0.999999980755416
3.16958208872612e-07,0.426577601438555,0.393325539865215,0.18009685869623,0.18009685869623,0.246480742742324,0.999999980743915
3.25856247615323e-07,0.42284654000674,0.397470239875232,0.179683220118028,0.179683220118028,0.243163319888713,0.999999980732641
3.35004082991314e-07,0.419141284674057,0.401606559438479,0.179252155887463,0.179252155887463,0.239889128786594,0.999999980721589
3.44408727597382e-07,0.415461741324794,0.405734181985439,0.178804076689767,0.178804076689767,0.236657664635026,0.999999980710752
3.54077390896527e-07,0.411807813691014,0.409852798345707,0.178339387963279,0.178339387963279,0.233468425727735,0.999999980700125
3.64017484744614e-07,0.408179403494793,0.413962106608457,0.17785848989675,0.17785848989675,0.230320913598044,0.999999980689701
3.74236629072198e-07,0.404576410582717,0.418061811986117,0.177361777431166,0.177361777431166,0.227214633151551,0.999999980679477
3.84742657725851e-07,0.400998733053096,0.422151626681154,0.17684964026575,0.17684964026575,0.224149092787345,0.999999980669446
3.9554362447347e-07,0.397446267376315,0.426231269755866,0.176322462867819,0.176322462867819,0.221123804508496,0.999999980659603
4.06647809178186e-07,0.39391890850871,0.430300467005088,0.175780624486202,0.175780624486202,0.218138284022507,0.999999980649944
4.18063724145576e-07,0.390416550000332,0.434358950831719,0.175224499167949,0.175224499167949,0.215192050832383,0.999999980640464
4.2980012064908e-07,0.386939084096958,0.438406460124984,0.174654455778058,0.174654455778058,0.212284628318901,0.999999980631159
4.41865995638594e-07,0.383486401836661,0.442442740141347,0.174070858021993,0.174070858021993,0.209415543814668,0.999999980622024
4.54270598637404e-07,0.38005839314124,0.446467542387995,0.173474064470765,0.173474064470765,0.206584328670475,0.999999980613055
4.67023438832733e-07,0.376654946902813,0.450480624508822,0.172864428588366,0.172864428588366,0.203790518314447,0.999999980604248
4.80134292365345e-07,0.373275951065817,0.45448175017283,0.172242298761353,0.172242298761353,0.201033652304464,0.999999980595599
4.93613209823792e-07,0.369921292704684,0.458470688964893,0.171608018330423,0.171608018330423,0.198313274374261,0.999999980587103
5.07470523949047e-07,0.366590858097424,0.462447216278795,0.170961925623781,0.170961925623781,0.195628932473643,0.999999980578758
5.21716857555435e-07,0.363284532795328,0.466411113212508,0.170304353992164,0.170304353992164,0.192980178803164,0.99999998057056
5.36363131673925e-07,0.360002201689021,0.470362166465615,0.169635631845364,0.169635631845364,0.190366569843657,0.999999980562505
5.5142057392403e-07,0.356743749071035,0.474300168238853,0.168956082690112,0.168956082690112,0.187787666380923,0.99999998055459
5.66900727120743e-07,0.353509058695111,0.478224916135688,0.168266025169201,0.168266025169201,0.18524303352591,0.999999980546812
5.82815458123084e-07,0.350298013832384,0.482136213065898,0.167565773101718,0.167565773101718,0.182732240730666,0.999999980539167
5.99176966931061e-07,0.347110497324635,0.486033867151083,0.166855635524281,0.166855635524281,0.180254861800354,0.999999980531653
6.15997796038017e-07,0.343946391634743,0.489917691632079,0.166135916733178,0.166135916733178,0.177810474901565,0.999999980524266
6.33290840045511e-07,0.340805578894499,0.493787504778202,0.165406916327299,0.165406916327299,0.1753986625672,0.999999980517003
6.51069355548147e-07,0.337687940949912,0.497643129798305,0.164668929251783,0.164668929251783,0.173019011698129,0.999999980509862
6.69346971295867e-07,0.334593359404135,0.501484394753576,0.163922245842289,0.163922245842289,0.170671113561847,0.99999998050284
6.88137698641567e-07,0.331521715658144,0.505311132472045,0.163167151869811,0.163167151869811,0.168354563788333,0.999999980495935
7.07455942281988e-07,0.328472890949263,0.50912318046477,0.162403928585967,0.162403928585967,0.166068962363296,0.999999980489143
7.27316511300145e-07,0.32544676638767,0.51292038084364,0.16163285276869,0.16163285276869,0.163813913618979,0.999999980482463
7.47734630517758e-07,0.322443222990966,0.516702580240776,0.160854196768257,0.160854196768257,0.161589026222709,0.999999980475891
7.68725952166374e-07,0.31946214171692,0.520469629729482,0.160068228553598,0.160068228553598,0.159393913163322,0.999999980469426
7.90306567886135e-07,0.316503403494463,0.524221384746709,0.159275211758828,0.159275211758828,0.157228191735635,0.999999980463065
8.12493021061405e-07,0.313566889253037,0.527957705017012,0.15847540572995,0.15847540572995,0.155091483523087,0.999999980456806
8.35302319502679e-07,0.310652479950371,0.531678454477948,0.157669065571682,0.157669065571682,0.152983414378689,0.999999980450647
8.58751948484518e-07,0.307760056598758,0.535383501206886,0.156856442194356,0.156856442194356,0.150903614404401,0.999999980444586
8.82859884149515e-07,0.304889500289916,0.539072717349217,0.156037782360867,0.156037782360867,0.148851717929048,0.99999998043862
9.07644607288536e-07,0.302040692218497,0.542745979047904,0.155213328733599,0.1552133287336,0.146827363484897,0.999999980432748
9.33125117507824e-07,0.299213513704308,0.546403166374362,0.15438331992133,0.15438331992133,0.144830193782979,0.999999980426968
9.59320947793823e-07,0.296407846213311,0.55004416326064,0.153547990526049,0.153547990526049,0.142859855687262,0.999999980421278
9.86252179486878e-07,0.293623571377456,0.553668857432861,0.152707571189684,0.152707571189684,0.140916000187772,0.999999980415676
1.01393945767529e-06,0.290860571013407,0.557277140345912,0.151862288640681,0.151862288640681,0.138998282372727,0.99999998041016
1.04240400702156e-06,0.288118727140218,0.560868907119348,0.151012365740435,0.151012365740435,0.137106361399783,0.999999980404729
1.07166764803286e-06,0.28539792199599,0.564444056474479,0.150158021529531,0.150158021529531,0.135239900466459,0.99999998039938
1.10175281378839e-06,0.282698038053588,0.568002490672636,0.149299471273775,0.149299471273775,0.133398566779813,0.999999980394113
1.13268256713615e-06,0.280018958035433,0.571544115454564,0.148436926510003,0.148436926510003,0.13158203152543,0.999999980388925
1.16448061837269e-06,0.27736056492743,0.575068839980939,0.147570595091631,0.147570595091631,0.129789969835799,0.999999980383816
1.19717134341897e-06,0.274722741992071,0.578576576773982,0.146700681233948,0.146700681233948,0.128022060758123,0.999999980378783
1.23077980250667e-06,0.27210537278074,0.58206724166014,0.14582738555912,0.14582738555912,0.12627798722162,0.999999980373825
1.26533175938894e-06,0.269508341145279,0.585540753713825,0.144950905140896,0.144950905140896,0.124557436004384,0.999999980368941
1.30085370109057e-06,0.266931531248824,0.588997035202173,0.144071433549003,0.144071433549003,0.122860097699822,0.999999980364129
1.3373728582125e-06,0.264374827575964,0.592436011530822,0.143189160893214,0.143189160893214,0.121185666682751,0.999999980359388
1.37491722580642e-06,0.261838114942248,0.595857611190673,0.142304273867079,0.142304273867079,0.119533841075169,0.999999980354716
1.4135155848354e-06,0.259321278503068,0.599261765705621,0.141416955791312,0.141416955791312,0.117904322711756,0.999999980350113
1.4531975242369e-06,0.256824203761952,0.602648409581237,0.140527386656811,0.140527386656811,0.116296817105141,0.999999980345577
1.49399346360526e-06,0.254346776578291,0.606017480254382,0.139635743167327,0.139635743167327,0.114711033410963,0.999999980341106
1.5359346765109e-06,0.251888883174521,0.609368918043733,0.138742198781746,0.138742198781746,0.113146684392775,0.9999999803367
1.57905331447418e-06,0.249450410142802,0.612702666101202,0.137846923755996,0.137846923755996,0.111603486386807,0.999999980332357
1.62338243161228e-06,0.247031244451199,0.616018670364233,0.136950085184568,0.136950085184568,0.110081159266632,0.999999980328076
1.66895600997803e-06,0.244631273449392,0.619316879508964,0.136051847041644,0.136051847041644,0.108579426407748,0.999999980323857
1.71580898561001e-06,0.242250384873948,0.622597244904224,0.135152370221828,0.135152370221828,0.10709801465212,0.999999980319697
1.76397727531405e-06,0.239888466853165,0.625859720566362,0.134251812580473,0.134251812580473,0.105636654272691,0.999999980315596
1.8134978041965e-06,0.237545407911504,0.629104263114886,0.13335032897361,0.13335032897361,0.104195078937894,0.999999980311553
1.86440853397049e-06,0.235221096973643,0.632330831728896,0.132448071297461,0.132448071297461,0.102773025676183,0.999999980307567
1.91674849205681e-06,0.232915423368158,0.635539388104293,0.13154518852755,0.131545188527549,0.101370234840608,0.999999980303637
1.9705578015018e-06,0.230628276830848,0.638729896411755,0.130641826757397,0.130641826757397,0.0999864500734516,0.999999980299762
2.02587771173502e-06,0.228359547507735,0.641902323255464,0.129738129236802,0.129738129236802,0.0986214182709333,0.99999998029594
2.08275063019052e-06,0.226109125957731,0.645056637632559,0.128834236409709,0.128834236409709,0.0972748895480221,0.999999980292172
2.14122015481573e-06,0.223876903155017,0.648192810893318,0.127930285951665,0.127930285951665,0.0959466172033513,0.999999980288455
2.20133110749303e-06,0.221662770491112,0.651310816702036,0.127026412806852,0.127026412806852,0.0946363576842603,0.99999998028479
2.26312956839953e-06,0.219466619776686,0.654410630998604,0.12612274922471,0.12612274922471,0.0933438705519762,0.999999980281175
2.32666291133146e-06,0.217288343243097,0.657492231960753,0.125219424796151,0.125219424796151,0.0920689184469459,0.99999998027761
2.39197984002024e-06,0.215127833543678,0.660555599966977,0.124316566489345,0.124316566489345,0.0908112670543322,0.999999980274093
2.45913042546804e-06,0.212984983754795,0.663600717560094,0.123414298685111,0.123414298685111,0.0895706850696844,0.999999980270624
2.5281661443315e-06,0.21085968737667,0.666627569411453,0.122512743211877,0.122512743211877,0.0883469441647932,0.999999980267202
2.59913991838293e-06,0.208751838333991,0.669636142285759,0.12161201938025,0.12161201938025,0.0871398189537414,0.999999980263826
2.67210615507944e-06,0.206661330976319,0.672626425006518,0.120712244017163,0.120712244017163,0.0859490869591556,0.999999980260496
2.74712078927081e-06,0.204588060078299,0.675598408422073,0.119813531499627,0.119813531499628,0.084774528578672,0.99999998025721
2.82424132607844e-06,0.20253192083969,0.678552085372238,0.118915993788072,0.118915993788072,0.0836159270516187,0.999999980253969
2.90352688497781e-06,0.200492808885215,0.681487450655496,0.118019740459289,0.118019740459289,0.0824730684259264,0.999999980250771
2.98503824511873e-06,0.198470620264251,0.684404500996768,0.117124878738981,0.117124878738981,0.0813457415252699,0.999999980247615
3.06883789191764e-06,0.196465251450357,0.687303235015735,0.116231513533908,0.116231513533908,0.0802337379164489,0.999999980244501
3.15499006495809e-06,0.19447659934066,0.690183653195692,0.115339747463647,0.115339747463647,0.079136851877013,0.999999980241429
3.24356080723581e-06,0.192504561255097,0.693045757852941,0.114449680891962,0.114449680891962,0.0780548803631347,0.999999980238397
3.33461801578637e-06,0.190549034935521,0.695889553106693,0.113561411957785,0.113561411957785,0.0769876229777364,0.999999980235405
3.42823149373397e-06,0.188609918544695,0.698715044849486,0.11267503660582,0.11267503660582,0.075934881938875,0.999999980232453
3.52447300380159e-06,0.18668711066515,0.701522240718087,0.111790648616763,0.111790648616763,0.0748964620483874,0.999999980229539
3.62341632332315e-06,0.184780510297955,0.704311150064891,0.110908339637154,0.110908339637154,0.0738721706608013,0.999999980226664
3.72513730080021e-06,0.182890016861362,0.707081783929789,0.110028199208849,0.110028199208849,0.0728618176525124,0.999999980223826
3.82971391404628e-06,0.181015530189368,0.709834155012498,0.109150314798134,0.109150314798134,0.0718652153912336,0.999999980221024
3.93722632996347e-06,0.179156950530182,0.71256827764535,0.108274771824467,0.108274771824467,0.0708821787057151,0.99999998021826
4.04775696599732e-06,0.17731417854461,0.71528416776652,0.10740165368887,0.10740165368887,0.0699125248557404,0.999999980215531
4.16139055331671e-06,0.175487115304353,0.717981842893692,0.106531041801955,0.106531041801955,0.0689560735023984,0.999999980212837
4.27821420176762e-06,0.173675662290243,0.720661322098148,0.105663015611609,0.105663015611609,0.0680126466786333,0.999999980210178
4.39831746665023e-06,0.171879721390404,0.723322625979267,0.10479765263033,0.10479765263033,0.0670820687600741,0.999999980207554
4.5217924173707e-06,0.170099194898355,0.725965776639434,0.103935028462211,0.103935028462211,0.0661641664361442,0.999999980204963
4.64873370802026e-06,0.168333985511053,0.728590797659346,0.103075216829601,0.103075216829601,0.0652587686814522,0.999999980202406
4.7792386499356e-06,0.166583996326886,0.731197714073693,0.102218289599422,0.102218289599422,0.064365706727464,0.999999980199881
4.91340728629636e-06,0.164849130843614,0.733786552347231,0.101364316809156,0.101364316809156,0.0634848140344581,0.999999980197388
5.05134246881677e-06,0.163129292956276,0.73635734035121,0.100513366692514,0.100513366692514,0.0626159262637617,0.999999980194928
5.19314993659021e-06,0.161424386955051,0.738910107340169,0.0996655057047803,0.0996655057047803,0.0617588812502707,0.999999980192498
5.33893839714736e-06,0.159734317523087,0.741444883929077,0.0988207985478362,0.0988207985478362,0.0609135189752505,0.9999999801901
5.48881960978968e-06,0.158058989734301,0.743961702070819,0.0979793081948805,0.0979793081948805,0.0600796815394203,0.999999980187732
5.64290847126254e-06,0.156398309051154,0.74646059503401,0.0971410959148361,0.0971410959148362,0.0592572131363174,0.999999980185394
5.80132310383338e-06,0.154752181322401,0.748941597381142,0.0963062212964571,0.0963062212964571,0.058445960025944,0.999999980183085
5.96418494584246e-06,0.153120512780829,0.751404744947036,0.0954747422721355,0.0954747422721355,0.0576457705086931,0.999999980180805
6.13161884479577e-06,0.15150321004097,0.753850074817614,0.0946467151414155,0.0946467151414155,0.0568564948995548,0.999999980178555
6.30375315307127e-06,0.149900180096818,0.756277625308965,0.0938221945942171,0.0938221945942171,0.0560779855026006,0.999999980176333
6.48071982631197e-06,0.148311330319521,0.758687435946704,0.0930012337337754,0.0930012337337755,0.0553100965857456,0.999999980174138
6.66265452458115e-06,0.146736568455086,0.761079547445615,0.092183884099299,0.092183884099299,0.0545526843557871,0.999999980171971
6.84969671635745e-06,0.14517580262207,0.763454001689578,0.0913701956883518,0.0913701956883518,0.0538056069337185,0.999999980169831
7.0419897854493e-06,0.14362894130928,0.765810841711756,0.0905602169789634,0.0905602169789634,0.0530687243303168,0.999999980167718
7.23968114091088e-06,0.142095893373475,0.768150111675053,0.089753994951472,0.0897539949514721,0.0523418984220032,0.999999980165631
7.44292233004376e-06,0.140576568037078,0.770471856852818,0.0889515751101039,0.0889515751101039,0.0516249929269741,0.999999980163571
7.65186915457082e-06,0.139070874885897,0.772776123609809,0.0881530015042942,0.0881530015042942,0.0509178733816025,0.999999980161536
7.86668179007157e-06,0.137578723866859,0.775062959383388,0.0873583167497528,0.0873583167497528,0.0502204071171067,0.999999980159526
8.08752490877046e-06,0.136100025285766,0.777332412664954,0.0865675620492802,0.0865675620492802,0.0495324632364855,0.999999980157541
8.31456780577206e-06,0.134634689805056,0.779584532981607,0.0857807772133376,0.0857807772133376,0.048853912591718,0.999999980155581
8.54798452884042e-06,0.1331826284416,0.781819370878026,0.0849980006803739,0.0849980006803739,0.0481846277612265,0.999999980153645
8.78795401182133e-06,0.131743752564516,0.784036977898569,0.0842192695369158,0.0842192695369158,0.0475244830275998,0.999999980151734
9.03466021181053e-06,0.130317973893,0.786237406569576,0.0834446195374238,0.0834446195374238,0.0468733543555763,0.999999980149845
9.2882922501725e-06,0.128905204494202,0.78842071038188,0.0826740851239182,0.0826740851239182,0.0462311193702838,0.999999980147981
9.54904455751808e-06,0.127505356781115,0.790586943773505,0.0819076994453799,0.0819076994453799,0.0455976573357351,0.999999980146139
9.81711702275218e-06,0.126118343510506,0.792736162112565,0.0811454943769289,0.0811454943769289,0.0449728491335767,0.99999998014432
1.00927151463057e-05,0.124744077780873,0.794868421680342,0.0803875005387848,0.0803875005387848,0.0443565772420886,0.999999980142523
1.03760501976691e-05,0.123382473030448,0.796983779654538,0.0796337473150138,0.0796337473150138,0.043748725715434,0.999999980140748
1.06673393773486e-05,0.12203344303522,0.799082294092715,0.0788842628720645,0.0788842628720645,0.0431491801631555,0.999999980138996
1.09668059833687e-05,0.120696901907015,0.801164023915887,0.0781390741770978,0.0781390741770978,0.0425578277299172,0.999999980137264
1.12746795824495e-05,0.119372764091603,0.803229028892284,0.0773982070161135,0.0773982070161135,0.0419745570754892,0.999999980135554
1.15911961859889e-05,0.118060944366851,0.805277369621271,0.0766616860118775,0.0766616860118775,0.0413992583549736,0.999999980133865
1.19165984309856e-05,0.116761357840922,0.807309107517424,0.0759295346416537,0.0759295346416538,0.0408318231992687,0.999999980132197
1.22511357660412e-05,0.115473919950513,0.809324304794744,0.0752017752547429,0.0752017752547429,0.0402721446957704,0.999999980130549
1.25950646425836e-05,0.11419854645914,0.811323024451027,0.074478429089833,0.074478429089833,0.0397201173693074,0.999999980128921
1.2948648711459e-05,0.112935153455474,0.813305330252361,0.0737595162921646,0.0737595162921646,0.0391756371633099,0.999999980127313
1.33121590250431e-05,0.111683657351719,0.815271286717769,0.0730450559305124,0.0730450559305123,0.0386386014212067,0.999999980125725
1.36858742450252e-05,0.110443974882041,0.817220959103969,0.0723350660139897,0.0723350660139896,0.0381089088680517,0.999999980124156
1.40700808560269e-05,0.109216023101051,0.819154413390273,0.0716295635086757,0.0716295635086757,0.0375864595923753,0.999999980122607
1.44650733852165e-05,0.10799971938233,0.821071716263599,0.0709285643540706,0.0709285643540707,0.0370711550282596,0.999999980121076
1.48711546280895e-05,0.106794981417016,0.822972935103603,0.0702320834793808,0.0702320834793808,0.0365628979376351,0.999999980119564
1.52886358805873e-05,0.105601727212433,0.82485813796793,0.0695401348196372,0.0695401348196372,0.0360615923927958,0.99999998011807
1.57178371777316e-05,0.104419875090782,0.826727393577568,0.0688527313316499,0.0688527313316499,0.0355671437591319,0.999999980116595
1.61590875389592e-05,0.103249343687879,0.828580771302319,0.0681698850098021,0.0681698850098021,0.0350794586780773,0.999999980115137
1.66127252203429e-05,0.102090051951953,0.830418341146362,0.0674916069016845,0.0674916069016845,0.0345984450502686,0.999999980113697
1.70790979738943e-05,0.100941919142491,0.832240173733934,0.0668179071235755,0.0668179071235755,0.0341240120189154,0.999999980112275
1.75585633141447e-05,0.0998048648291462,0.834046340295086,0.0661487948757677,0.0661487948757677,0.0336560699533785,0.99999998011087
1.80514887922111e-05,0.098678808890697,0.835836912651559,0.0654842784577436,0.0654842784577435,0.0331945304329535,0.999999980109482
1.85582522775552e-05,0.0975636715140624,0.837611963202734,0.0648243652832038,0.0648243652832038,0.0327393062308586,0.999999980108111
1.90792422476527e-05,0.0964593731933735,0.839371564911677,0.0641690618949496,0.0641690618949496,0.0322903112984239,0.999999980106757
1.96148580857943e-05,0.0953658347291016,0.841115791291277,0.0635183739796215,0.0635183739796216,0.0318474607494801,0.999999980105419
2.01655103872475e-05,0.0942829772272416,0.842844716390461,0.0628723063822977,0.0628723063822978,0.0314106708449439,0.999999980104098
2.07316212740123e-05,0.0932107220985522,0.844558414780495,0.0622308631209529,0.0622308631209529,0.0309798589775993,0.999999980102792
2.13136247184144e-05,0.0921489910578519,0.846256961541368,0.0615940474007805,0.0615940474007805,0.0305549436570714,0.999999980101502
2.19119668757815e-05,0.0910977061233712,0.847940432248248,0.0609618616283804,0.0609618616283804,0.0301358444949908,0.999999980100228
2.25271064264598e-05,0.0900567896161604,0.849608902958026,0.0603343074258132,0.0603343074258131,0.0297224821903472,0.99999998009897
2.31595149274315e-05,0.0890261641595536,0.851262450195922,0.0597113856445246,0.0597113856445247,0.029314778515029,0.999999980097726
2.38096771738036e-05,0.0880057526786877,0.852901150942172,0.0590930963791399,0.0590930963791399,0.0289126562995478,0.999999980096498
2.44780915704444e-05,0.0869954784000764,0.854525082618793,0.058479438981131,0.058479438981131,0.0285160394189454,0.999999980095285
2.51652705140539e-05,0.0859952648512389,0.856134323076403,0.0578704120723585,0.0578704120723585,0.0281248527788804,0.999999980094086
2.58717407859592e-05,0.0850050358603836,0.857728950581127,0.0572660135584896,0.0572660135584896,0.0277390223018941,0.999999980092902
2.65980439559376e-05,0.0840247155561442,0.859309043801563,0.0566662406422924,0.0566662406422924,0.0273584749138518,0.999999980091733
2.73447367973758e-05,0.0830542283673698,0.860874681795819,0.0560710898368112,0.0560710898368112,0.0269831385305585,0.999999980090577
2.81123917140846e-05,0.0820934990229676,0.862425943998612,0.0554805569784201,0.0554805569784202,0.0266129420445474,0.999999980089436
2.89015971790951e-05,0.0811424525517973,0.863962910208443,0.0548946372397598,0.0548946372397597,0.0262478153120375,0.999999980088308
2.97129581857733e-05,0.0802010142826171,0.865485660574826,0.0543133251425567,0.0543133251425568,0.0258876891400604,0.999999980087194
3.05470967115997e-05,0.0792691098440793,0.866994275585594,0.0537366145703267,0.0537366145703267,0.0255324952737526,0.999999980086094
3.14046521949675e-05,0.0783466651647766,0.86848883605426,0.0531644987809637,0.0531644987809637,0.0251821663838129,0.999999980085007
3.22862820253673e-05,0.0774336064733364,0.869969423107448,0.0525969704192153,0.0525969704192153,0.0248366360541211,0.999999980083933
3.31926620473319e-05,0.0765298602985642,0.87143611817239,0.0520340215290459,0.0520340215290459,0.0244958387695183,0.999999980082872
3.41244870785289e-05,0.0756353534696321,0.87288900296448,0.0514756435658876,0.0514756435658876,0.0241597099037445,0.999999980081824
3.50824714423979e-05,0.0747500131163154,0.874328159474903,0.0509218274087815,0.0509218274087815,0.0238281857075339,0.999999980080789
3.60673495157403e-05,0.0738737666692728,0.875753669958319,0.0503725633724084,0.0503725633724084,0.0235012032968644,0.999999980079766
3.70798762916817e-05,0.0730065418603715,0.877165616920617,0.0498278412190114,0.0498278412190114,0.0231787006413601,0.999999980078756
3.81208279584389e-05,0.072148266723054,0.878564083106737,0.0492876501702093,0.0492876501702093,0.0228606165528446,0.999999980077758
3.9191002494334e-05,0.0712988695927479,0.879949151488549,0.0487519789187034,0.0487519789187034,0.0225468906740446,0.999999980076773
4.02912202795135e-05,0.0704582791073159,0.881320905252807,0.0482208156398768,0.0482208156398768,0.022237463467439,0.999999980075799
4.1422324724839e-05,0.0696264242075443,0.882679427789168,0.0476941480032882,0.0476941480032882,0.0219322762042561,0.999999980074837
4.25851829184341e-05,0.0688032341376711,0.88402480267827,0.0471719631840588,0.0471719631840588,0.0216312709536123,0.999999980073887
4.37806862903817e-05,0.0679886384459498,0.885357113679895,0.0466542478741554,0.0466542478741554,0.0213343905717944,0.999999980072948
4.50097512960805e-05,0.0671825669852495,0.886676444721183,0.0461409882935674,0.0461409882935674,0.0210415786916821,0.999999980072021
4.62733201187869e-05,0.0663849499136892,0.88798287988493,0.0456321702013806,0.0456321702013805,0.0207527797123086,0.999999980071105
4.75723613918789e-05,0.0655957176953044,0.88927650339795,0.0451277789067458,0.0451277789067458,0.0204679387885586,0.999999980070201
4.89078709413959e-05,0.0648148011007464,0.890557399619508,0.0446277992797452,0.0446277992797451,0.0201870018210013,0.999999980069307
5.02808725494247e-05,0.0640421312080111,0.891825653029835,0.0441322157621537,0.0441322157621537,0.0199099154458574,0.999999980068424
5.1692418738916e-05,0.0632776394031963,0.893081348218705,0.0436410123780989,0.0436410123780989,0.0196366270250974,0.999999980067552
5.31435915805324e-05,0.0625212573812875,0.894324569874096,0.0431541727446163,0.0431541727446164,0.0193670846366711,0.999999980066691
5.46355035221488e-05,0.0617729171469685,0.895555402770928,0.0426716800821037,0.0426716800821037,0.0191012370648648,0.99999998006584
5.6169298241638e-05,0.061032551015457,0.896773931759872,0.0421935172246711,0.042193517224671,0.0188390337907859,0.999999980065
5.77461515235983e-05,0.0603000916133634,0.897980241756247,0.0417196666303896,0.0417196666303896,0.0185804249829737,0.99999998006417
5.93672721606913e-05,0.0595754718795708,0.899174417728992,0.0412501103914376,0.0412501103914376,0.0183253614881332,0.99999998006335
6.10339028802862e-05,0.0588586250661349,0.900356544689722,0.0407848302441435,0.0407848302441435,0.0180737948219914,0.99999998006254
6.27473212971157e-05,0.0581494847392032,0.901526707681869,0.0403238075789283,0.0403238075789282,0.0178256771602749,0.99999998006174
6.4508840892677e-05,0.0574479847799502,0.902684991769906,0.0398670234501436,0.0398670234501436,0.0175809613298066,0.999999980060949
6.63198120221268e-05,0.0567540593855295,0.903831482028661,0.0394144585858094,0.0394144585858094,0.0173396007997201,0.999999980060169
6.81816229494448e-05,0.056067643070038,0.904966263532714,0.0389660933972479,0.0389660933972479,0.0171015496727901,0.999999980059398
7.00957009116562e-05,0.0553886706654948,0.906089421345889,0.0385219079886161,0.0385219079886161,0.0168667626768787,0.999999980058636
7.20635132129306e-05,0.0547170773228292,0.907201040510835,0.0380818821663354,0.0380818821663355,0.0166351951564938,0.999999980057884
7.40865683493957e-05,0.0540527985128797,0.908301206038701,0.0376459954484193,0.0376459954484193,0.0164068030644604,0.999999980057141
7.61664171655289e-05,0.0533957700273994,0.909390002898903,0.0372142270736975,0.0372142270736975,0.0161815429537019,0.999999980056408
7.83046540430118e-05,0.0527459279800696,0.910467516008992,0.0367865560109385,0.0367865560109385,0.015959371969131,0.999999980055683
8.05029181229597e-05,0.0521032088075167,0.911533830224614,0.0363629609678688,0.0363629609678689,0.0157402478396479,0.999999980054967
8.27628945624635e-05,0.0514675492703338,0.912589030329577,0.0359434204000892,0.0359434204000891,0.0155241288702447,0.99999998005426
8.50863158264058e-05,0.0508388864541039,0.913633201026008,0.035527912519888,0.035527912519888,0.0153109739342159,0.999999980053562
8.74749630155442e-05,0.0502171577704228,0.914666426924625,0.0351164153049519,0.0351164153049519,0.0151007424654709,0.999999980052872
8.99306672318761e-05,0.0496023009579226,0.915688792535105,0.034708906506972,0.034708906506972,0.0148933944509506,0.999999980052191
9.24553109823358e-05,0.0489942540832914,0.91670038225656,0.0343053636601482,0.0343053636601483,0.0146888904231432,0.999999980051518
9.50508296218951e-05,0.0483929555422902,0.917701280368121,0.0339057640895888,0.0339057640895888,0.0144871914527014,0.999999980050854
9.771921283718e-05,0.0477983440607635,0.91869157101963,0.0335100849196065,0.0335100849196065,0.014288259141157,0.999999980050198
0.000100462506171734,0.0472103586956443,0.919671338222444,0.0331183030819115,0.0331183030819116,0.0140920556137327,0.99999998004955
0.000103282812594103,0.0466289388359502,0.92064066584035,0.0327303953236996,0.0327303953236996,0.0138985435122506,0.99999998004891
0.000106182294109938,0.0460540242037711,0.921599637580592,0.0323463382156366,0.0323463382156366,0.0137076859881345,0.999999980048277
0.000109163173419361,0.045485554855245,0.922548336985016,0.0319661081597391,0.0319661081597392,0.0135194466955059,0.999999980047653
0.000112227735620851,0.0449234711815226,0.923486847421327,0.0315896813971499,0.0315896813971499,0.0133337897843727,0.999999980047036
0.000115378329962966,0.0443677139097181,0.924415252074472,0.0312170340158099,0.0312170340158099,0.0131506798939082,0.999999980046428
0.000118617371645248,0.0438182241038461,0.925333633938129,0.0308481419580254,0.0308481419580253,0.0129700821458208,0.999999980045826
0.000121947343669674,0.0432749431657415,0.926242075806328,0.03048298102793,0.03048298102793,0.0127919621378115,0.999999980045232
0.000125370798744092,0.0427378128359634,0.927140660265193,0.0301215268988435,0.0301215268988435,0.0126162859371199,0.999999980044646
0.000128890361239089,0.04220677519468,0.928029469684796,0.0297637551205244,0.0297637551205243,0.0124430200741556,0.999999980044067
0.000132508729199795,0.0416817726625347,0.928908586211146,0.0294096411263188,0.0294096411263188,0.0122721315362159,0.999999980043495
0.000136228676414165,0.0411627480014913,0.929778091758304,0.0290591602402043,0.0290591602402043,0.012103587761287,0.99999998004293
0.000140053054539322,0.0406496443156573,0.930638068000614,0.0287122876837289,0.028712287683729,0.0119373566319283,0.999999980042372
0.000143984795287601,0.040142405052085,0.931488596365069,0.0283689985828456,0.0283689985828456,0.0117734064692393,0.999999980041821
0.000148026912673951,0.0396409740015485,0.93232975802381,0.0280292679746419,0.0280292679746419,0.0116117060269066,0.999999980041277
0.000152182505326439,0.0391452952992962,0.933161633886739,0.0276930708139649,0.0276930708139649,0.0114522244853313,0.99999998004074
0.00015645475886161,0.0386553134257769,0.933984304594281,0.0273603819799418,0.0273603819799418,0.0112949314458351,0.99999998004021
0.000160846948326536,0.0381709732073401,0.934797850510264,0.0270311762823959,0.0270311762823958,0.0111397969249442,0.999999980039686
0.000165362440709418,0.0376922198169077,0.935602351714934,0.0267054284681579,0.0267054284681578,0.0109867913487499,0.999999980039169
0.000170004697520672,0.0372189987746185,0.936397887998108,0.0263831132272736,0.0263831132272736,0.010835885547345,0.999999980038658
0.000174777277446468,0.0367512559484418,0.937184538852451,0.0260642051991068,0.0260642051991068,0.010687050749335,0.999999980038153
0.000179683839076772,0.036288937554762,0.937962383466899,0.025748678978339,0.025748678978339,0.0105402585764231,0.999999980037655
0.000184728143709964,0.0358319901589319,0.938731500720204,0.0254365091208642,0.0254365091208641,0.0103954810380677,0.999999980037164
0.000189914058236194,0.0353803606757943,0.939491969174624,0.0251276701495818,0.0251276701495818,0.0102526905262125,0.999999980036678
0.000195245558101686,0.0349339963701714,0.940243867069744,0.0248221365600846,0.0248221365600846,0.0101118598100868,0.999999980036198
0.000200726730356257,0.0344928448573207,0.940987272316434,0.024519882826245,0.024519882826245,0.00997296203107572,0.999999980035725
0.000206361776786386,0.0340568541033581,0.941722262490944,0.0242208834056977,0.0242208834056978,0.00983597069766039,0.999999980035258
0.000212155017136245,0.0336259724256458,0.942448914829134,0.0239251127452205,0.0239251127452206,0.00970085968042528,0.999999980034796
0.000218110892419152,0.0332001484931459,0.943167306220841,0.0236325452860127,0.0236325452860126,0.00956760320713322,0.99999998003434
0.000224233968321985,0.0327793313267385,0.94387751320439,0.0233431554688717,0.0233431554688718,0.00943617585786679,0.99999998003389
0.000230528938705171,0.032363470299504,0.944579611961227,0.0230569177392689,0.0230569177392688,0.0093065525602351,0.999999980033446
0.000237000629200933,0.0319525151369688,0.945273678310708,0.0227738065523236,0.0227738065523236,0.00917870858464521,0.999999980033007
0.000243654000912547,0.031546415917315,0.945959787705007,0.0224937963776776,0.0224937963776777,0.00905261953963738,0.999999980032574
0.00025049415421745,0.031145123071552,0.946638015224179,0.022216861704269,0.022216861704269,0.00892826136728305,0.999999980032146
0.00025752633267712,0.0307485873836514,0.947308435571342,0.0219429770450063,0.0219429770450063,0.00880561033864512,0.999999980031724
0.000264755927056707,0.0303567599906435,0.947971123068012,0.0216721169413442,0.0216721169413442,0.00868464304929934,0.999999980031307
0.000272188479457518,0.0299695923826766,0.948626151649563,0.0214042559677603,0.0214042559677603,0.00856533641491626,0.999999980030896
0.000279829687565512,0.0295870364030367,0.949273594860829,0.0211393687361341,0.0211393687361341,0.00844766766690268,0.999999980030489
0.000287685409019059,0.0292090442481301,0.949913525851842,0.020877429900028,0.020877429900028,0.00833161434810211,0.999999980030088
0.000295761665899326,0.0288355684674259,0.950546017373701,0.0206184141588727,0.0206184141588727,0.0082171543085532,0.999999980029692
0.000304064649346707,0.0284665619633606,0.951171141774584,0.020362296262055,0.020362296262055,0.00810426570130554,0.999999980029301
0.00031260072430687,0.0281019779912033,0.951788970995885,0.0201090510129114,0.0201090510129115,0.0079929269782919,0.999999980028914
0.000321376434410028,0.0277417701588819,0.952399576568493,0.0198586532726256,0.0198586532726256,0.00788311688625636,0.999999980028533
0.000330398506987186,0.02738589242677,0.953003029609197,0.0196110779640326,0.0196110779640326,0.00777481446273744,0.999999980028157
0.000339673858227221,0.0270342991074349,0.953599400817236,0.0193663000753293,0.0193663000753293,0.00766799903210556,0.999999980027785
0.000349209598478727,0.0266869448653459,0.954188760470962,0.0191242946636919,0.0191242946636919,0.00756265020165402,0.999999980027419
0.000359013037700707,0.0263437847165446,0.954771178424654,0.0188850368588016,0.0188850368588017,0.00745874785774298,0.999999980027056
0.000369091691066277,0.0260047740282745,0.955346724105447,0.018648501866279,0.018648501866279,0.00735627216199547,0.999999980026699
0.000379453284723694,0.025669868518573,0.955915466510399,0.018414664971028,0.018414664971028,0.00725520354754498,0.999999980026346
0.000390105761719099,0.0253390242558241,0.956477474203686,0.0181835015404903,0.0181835015404902,0.00715552271533384,0.999999980025998
0.00040105728808555,0.0250121976582718,0.957032815313918,0.0179549870278103,0.0179549870278102,0.00705721063046156,0.999999980025654
0.000412316259102975,0.024689345493496,0.957581557531591,0.0177290969749132,0.0177290969749131,0.00696024851858282,0.999999980025314
0.000423891305733878,0.0243704248778489,0.958123768106656,0.0175058070154949,0.0175058070154948,0.00686461786235409,0.999999980024979
0.000435791301239703,0.0240553932758547,0.958659513846219,0.0172850928779263,0.0172850928779263,0.00677030039792845,0.999999980024648
0.000448025367982949,0.0237442084995697,0.959188861112358,0.0170669303880718,0.0170669303880719,0.00667727811149784,0.999999980024322
0.00046060288442024,0.023436828707906,0.95971187582007,0.0168512954720238,0.0168512954720237,0.00658553323588224,0.999999980023999
0.000473533492291712,0.0231332124059179,0.960228623435329,0.0166381641587529,0.0166381641587529,0.00649504824716498,0.999999980023681
0.000486827104012228,0.0228333184440502,0.960739168973273,0.0164275125826765,0.0164275125826765,0.00640580586137374,0.999999980023367
0.000500493910270095,0.0225371060173513,0.961243576996504,0.0162193169861448,0.0162193169861449,0.00631778903120644,0.999999980023057
0.000514544387839092,0.0222445346646485,0.961741911613505,0.0160135537218468,0.0160135537218469,0.00623098094280168,0.999999980022751
0.000528989307609816,0.0219555642676886,0.962234236477176,0.0158101992551359,0.0158101992551358,0.00614536501255278,0.999999980022448
0.00054383974284648,0.0216701550502424,0.96272061478348,0.0156092301662772,0.0156092301662772,0.00606092488396521,0.99999998002215
0.000559107077675529,0.0213882675771737,0.963201109270209,0.0154106231526171,0.0154106231526172,0.00597764442455654,0.999999980021856
0.000574803015812535,0.0211098627534742,0.96367578221585,0.0152143550306758,0.0152143550306757,0.00589550772279847,0.999999980021565
0.000590939589534098,0.0208349018232643,0.964144695438572,0.0150204027381639,0.0150204027381639,0.00581449908510038,0.999999980021278
0.000607529168901608,0.020563346368759,0.964607910295316,0.0148287433359251,0.0148287433359251,0.00573460303283382,0.999999980020995
0.000624584471243962,0.0202951583092018,0.965065487680994,0.0146393540098044,0.0146393540098044,0.00565580429939732,0.999999980020716
0.000642118570906476,0.0200302998997648,0.965517488027791,0.0144522120724437,0.0144522120724437,0.00557808782732117,0.99999998002044
0.000660144909273488,0.0197687337304174,0.965963971304577,0.014267294965006,0.014267294965006,0.00550143876541139,0.999999980020167
0.00067867730507233,0.0195104227247619,0.966404997016409,0.0140845802588294,0.0140845802588293,0.00542584246593253,0.999999980019899
0.000697729964966554,0.0192553301388392,0.96684062420415,0.0139040456570104,0.0139040456570104,0.00535128448182876,0.999999980019633
0.000717317494446561,0.019003419559903,0.967270911444177,0.0137256689959203,0.0137256689959203,0.00527775056398269,0.999999980019372
0.000737454909025955,0.018754654905164,0.967695916848183,0.0135494282466527,0.0135494282466527,0.00520522665851137,0.999999980019113
0.000758157645752212,0.0185090004205046,0.96811569806309,0.0133753015164055,0.0133753015164054,0.00513369890409913,0.999999980018858
0.000779441575040495,0.0182664206791643,0.968530312271038,0.0132032670497977,0.0132032670497977,0.00506315362936661,0.999999980018606
0.000801323012839689,0.0180268805803972,0.968939816189481,0.0130333032301216,0.0130333032301216,0.00499357735027554,0.999999980018358
0.00082381873313996,0.0177903453481008,0.969344266071367,0.0128653885805319,0.012865388580532,0.00492495676756881,0.999999980018113
0.000846945980831459,0.0175567805294185,0.969743717705408,0.0126995017651731,0.0126995017651732,0.00485727876424533,0.99999998001787
0.000870722484923992,0.0173261519933149,0.970138226416439,0.0125356215902456,0.0125356215902457,0.00479053040306927,0.999999980017632
0.00089516647213783,0.0170984259291251,0.970527847065863,0.012373727005012,0.012373727005012,0.0047246989241131,0.999999980017396
0.000920296680876041,0.0168735688450785,0.970912634052177,0.0122137971027445,0.0122137971027445,0.00465977174233408,0.999999980017163
0.000946132375589078,0.0166515475667985,0.971292641311587,0.0120558111216148,0.0120558111216147,0.0045957364451837,0.999999980016933
0.000972693361542618,0.0164323292357768,0.971667922318696,0.0118997484455271,0.0118997484455271,0.0045325807902497,0.999999980016707
0.001,0.0162158813078254,0.972038530087279,0.0117455886048953,0.0117455886048953,0.00447029270293004,0.999999980016483
