1e-09,0.952380719184135,0.00226759590542956,0.0453516849104357,0.0453516849104356,0.907029034273699,0.999999999000005
1.01392540755881e-09,0.95238071593671,0.00226759621470973,0.0453516878485799,0.0453516878485799,0.90702902808813,0.99999999898608
1.02804473209331e-09,0.952380712644062,0.00226759652829695,0.0453516908276406,0.0453516908276406,0.907029021816422,0.99999999897196
1.0423606739764e-09,0.952380709305561,0.00226759684625119,0.0453516938481876,0.0453516938481876,0.907029015457374,0.999999998957645
1.05687597118481e-09,0.952380705920568,0.00226759716863327,0.0453516969107986,0.0453516969107987,0.907029009009769,0.999999998943129
1.07159339982267e-09,0.952380702488436,0.00226759749550487,0.0453517000160595,0.0453517000160595,0.907029002472376,0.999999998928412
1.08651577465254e-09,0.952380699008507,0.0022675978269285,0.0453517031645641,0.0453517031645641,0.907028995843943,0.99999999891349
1.10164594963365e-09,0.952380695480118,0.00226759816296757,0.0453517063569148,0.0453517063569149,0.907028989123203,0.99999999889836
1.11698681846782e-09,0.952380691902591,0.00226759850368633,0.0453517095937222,0.0453517095937223,0.907028982308869,0.999999998883019
1.13254131515281e-09,0.952380688275245,0.00226759884914998,0.0453517128756053,0.0453517128756054,0.907028975399639,0.999999998867464
1.14831241454351e-09,0.952380684597383,0.00226759919942459,0.045351716203192,0.0453517162031921,0.907028968394191,0.999999998851694
1.16430313292088e-09,0.952380680868304,0.00226759955457716,0.0453517195771188,0.0453517195771188,0.907028961291185,0.999999998835703
1.1805165285688e-09,0.952380677087293,0.00226759991467563,0.0453517229980309,0.0453517229980309,0.907028954089263,0.99999999881949
1.19695570235905e-09,0.952380673253628,0.00226760027978888,0.0453517264665829,0.0453517264665829,0.907028946787045,0.99999999880305
1.21362379834424e-09,0.952380669366575,0.00226760064998674,0.045351729983438,0.0453517299834381,0.907028939383137,0.999999998786382
1.23052400435926e-09,0.952380665425391,0.00226760102534004,0.0453517335492691,0.0453517335492691,0.907028931876122,0.999999998769482
1.24765955263087e-09,0.952380661429321,0.00226760140592057,0.0453517371647581,0.0453517371647582,0.907028924264563,0.999999998752347
1.2650337203959e-09,0.952380657377602,0.00226760179180112,0.0453517408305968,0.0453517408305968,0.907028916547005,0.999999998734973
1.28264983052806e-09,0.952380653269458,0.00226760218305552,0.0453517445474862,0.0453517445474863,0.907028908721972,0.999999998717357
1.30051125217341e-09,0.952380649104104,0.0022676025797586,0.0453517483161374,0.0453517483161373,0.907028900787967,0.999999998699495
1.31862140139475e-09,0.952380644880743,0.00226760298198625,0.0453517521372712,0.0453517521372712,0.907028892743471,0.999999998681385
1.33698374182495e-09,0.952380640598566,0.0022676033898154,0.0453517560116185,0.0453517560116186,0.907028884586948,0.999999998663023
1.35560178532937e-09,0.952380636256755,0.00226760380332408,0.0453517599399205,0.0453517599399206,0.907028876316835,0.999999998644405
1.37447909267754e-09,0.95238063185448,0.00226760422259138,0.0453517639229285,0.0453517639229285,0.907028867931552,0.999999998625528
1.39361927422414e-09,0.952380627390898,0.00226760464769749,0.0453517679614045,0.0453517679614045,0.907028859429494,0.999999998606388
1.41302599059953e-09,0.952380622865155,0.00226760507872375,0.0453517720561209,0.045351772056121,0.907028850809034,0.999999998586981
1.43270295340983e-09,0.952380618276386,0.00226760551575259,0.045351776207861,0.045351776207861,0.907028842068525,0.999999998567304
1.45265392594678e-09,0.952380613623713,0.00226760595886762,0.045351780417419,0.0453517804174191,0.907028833206294,0.999999998547354
1.4728827239075e-09,0.952380608906246,0.0022676064081536,0.0453517846856,0.0453517846856,0.907028824220646,0.999999998527125
1.49339321612425e-09,0.952380604123083,0.00226760686369648,0.0453517890132206,0.0453517890132207,0.907028815109862,0.999999998506615
1.51418932530435e-09,0.952380599273308,0.00226760732558339,0.0453517934011085,0.0453517934011085,0.9070288058722,0.999999998485818
1.53527502878042e-09,0.952380594355994,0.00226760779390269,0.0453517978501031,0.0453517978501031,0.907028796505891,0.999999998464733
1.55665435927106e-09,0.952380589370201,0.00226760826874397,0.0453518023610554,0.0453518023610555,0.907028787009145,0.999999998443354
1.57833140565212e-09,0.952380584314974,0.00226760875019806,0.0453518069348284,0.0453518069348284,0.907028777380145,0.999999998421677
1.6003103137387e-09,0.952380579189346,0.00226760923835706,0.0453518115722968,0.0453518115722967,0.907028767617049,0.999999998399698
1.62259528707809e-09,0.952380573992338,0.00226760973331435,0.0453518162743479,0.0453518162743479,0.90702875771799,0.999999998377413
1.64519058775366e-09,0.952380568722954,0.00226761023516461,0.045351821041881,0.045351821041881,0.907028747681073,0.999999998354818
1.66810053720006e-09,0.952380563380188,0.00226761074400385,0.0453518258758081,0.0453518258758081,0.90702873750438,0.999999998331908
1.69132951702965e-09,0.952380557963017,0.0022676112599294,0.045351830777054,0.0453518307770541,0.907028727185963,0.999999998308679
1.71488196987054e-09,0.952380552470404,0.00226761178303995,0.0453518357465562,0.0453518357465561,0.907028716723848,0.999999998285127
1.73876240021625e-09,0.952380546901299,0.00226761231343559,0.0453518407852652,0.0453518407852652,0.907028706116034,0.999999998261247
1.7629753752872e-09,0.952380541254637,0.00226761285121776,0.0453518458941451,0.045351845894145,0.907028695360492,0.999999998237034
1.78752552590423e-09,0.952380535529338,0.00226761339648934,0.045351851074173,0.0453518510741731,0.907028684455165,0.999999998212484
1.81241754737424e-09,0.952380529724306,0.00226761394935465,0.0453518563263398,0.0453518563263398,0.907028673397966,0.999999998187592
1.83765620038817e-09,0.95238052383843,0.00226761450991945,0.0453518616516503,0.0453518616516504,0.90702866218678,0.999999998162353
1.86324631193156e-09,0.952380517870586,0.00226761507829097,0.0453518670511232,0.0453518670511232,0.907028650819463,0.999999998136763
1.88919277620766e-09,0.952380511819631,0.00226761565457795,0.0453518725257913,0.0453518725257913,0.907028639293839,0.999999998110817
1.91550055557352e-09,0.952380505684408,0.00226761623889062,0.0453518780767019,0.0453518780767018,0.907028627607706,0.999999998084509
1.94217468148903e-09,0.952380499463742,0.00226761683134076,0.0453518837049169,0.0453518837049168,0.907028615758825,0.999999998057835
1.96922025547917e-09,0.952380493156445,0.00226761743204172,0.045351889411513,0.045351889411513,0.907028603744932,0.99999999803079
1.99664245010979e-09,0.95238048676131,0.00226761804110841,0.0453518951975817,0.0453518951975816,0.907028591563728,0.999999998003368
2.0244465099768e-09,0.952380480277113,0.00226761865865734,0.04535190106423,0.04535190106423,0.907028579212883,0.999999997975564
2.05263775270925e-09,0.952380473702613,0.00226761928480666,0.0453519070125801,0.0453519070125802,0.907028566690033,0.999999997947373
2.08122156998634e-09,0.952380467036554,0.00226761991967615,0.04535191304377,0.04535191304377,0.907028553992784,0.999999997918789
2.1102034285686e-09,0.952380460277659,0.00226762056338726,0.0453519191589533,0.0453519191589533,0.907028541118706,0.999999997889807
2.13958887134342e-09,0.952380453424637,0.00226762121606314,0.0453519253593,0.0453519253593,0.907028528065337,0.999999997860422
2.16938351838518e-09,0.952380446476175,0.00226762187782865,0.0453519316459962,0.0453519316459962,0.907028514830179,0.999999997830627
2.19959306803007e-09,0.952380439430945,0.0022676225488104,0.0453519380202444,0.0453519380202444,0.907028501410701,0.999999997800418
2.23022329796594e-09,0.952380432287599,0.00226762322913674,0.0453519444832642,0.0453519444832641,0.907028487804335,0.999999997769788
2.26128006633728e-09,0.95238042504477,0.00226762391893783,0.0453519510362918,0.0453519510362917,0.907028474008479,0.999999997738731
2.29276931286565e-09,0.952380417701073,0.00226762461834563,0.045351957680581,0.045351957680581,0.907028460020492,0.999999997707242
2.32469705998565e-09,0.952380410255103,0.00226762532749396,0.0453519644174027,0.0453519644174027,0.907028445837701,0.999999997675315
2.35706941399672e-09,0.952380402705436,0.00226762604651847,0.0453519712480459,0.0453519712480459,0.90702843145739,0.999999997642943
2.38989256623105e-09,0.952380395050626,0.00226762677555672,0.0453519781738171,0.0453519781738172,0.907028416876809,0.99999999761012
2.4231727942376e-09,0.95238038728921,0.0022676275147482,0.0453519851960414,0.0453519851960413,0.907028402093169,0.99999999757684
2.45691646298279e-09,0.952380379419704,0.00226762826423431,0.0453519923160621,0.0453519923160621,0.907028387103641,0.999999997543096
2.49113002606779e-09,0.9523803714406,0.00226762902415845,0.0453519995352414,0.0453519995352415,0.907028371905359,0.999999997508883
2.52582002696278e-09,0.952380363350374,0.002267629794666,0.0453520068549603,0.0453520068549603,0.907028356495413,0.999999997474193
2.56099310025846e-09,0.952380355147476,0.00226763057590437,0.0453520142766192,0.0453520142766192,0.907028340870857,0.99999999743902
2.59665597293487e-09,0.952380346830339,0.00226763136802302,0.0453520218016379,0.045352021801638,0.907028325028701,0.999999997403357
2.63281546564802e-09,0.95238033839737,0.00226763217117351,0.045352029431456,0.0453520294314561,0.907028308965914,0.999999997367198
2.66947849403432e-09,0.952380329846957,0.00226763298550949,0.0453520371675332,0.0453520371675332,0.907028292679424,0.999999997330535
2.70665207003324e-09,0.952380321177464,0.00226763381118676,0.0453520450113495,0.0453520450113495,0.907028276166114,0.999999997293362
2.74434330322837e-09,0.952380312387231,0.00226763464836328,0.0453520529644055,0.0453520529644055,0.907028259422826,0.999999997255671
2.78255940220713e-09,0.952380303474578,0.00226763549719924,0.0453520610282227,0.0453520610282228,0.907028242446355,0.999999997217455
2.82130767593947e-09,0.952380294437799,0.00226763635785702,0.0453520692043438,0.0453520692043439,0.907028225233455,0.999999997178707
2.86059553517574e-09,0.952380285275165,0.0022676372305013,0.0453520774943332,0.0453520774943332,0.907028207780832,0.999999997139419
2.90043049386399e-09,0.952380275984924,0.00226763811529903,0.0453520858997767,0.0453520858997766,0.907028190085148,0.999999997099584
2.94082017058707e-09,0.952380266565298,0.0022676390124195,0.0453520944222824,0.0453520944222824,0.907028172143016,0.999999997059195
2.98177229001967e-09,0.952380257014485,0.00226763992203435,0.045352103063481,0.0453521030634809,0.907028153951004,0.999999997018243
3.02329468440578e-09,0.952380247330657,0.00226764084431762,0.0453521118250256,0.0453521118250255,0.907028135505631,0.999999996976721
3.06539529505652e-09,0.952380237511962,0.00226764177944576,0.0453521207085924,0.0453521207085925,0.907028116803369,0.999999996934621
3.10808217386906e-09,0.952380227556521,0.0022676427275977,0.0453521297158811,0.0453521297158811,0.90702809784064,0.999999996891934
3.15136348486648e-09,0.95238021746243,0.00226764368895483,0.0453521388486149,0.0453521388486149,0.907028078613815,0.999999996848653
3.19524750575921e-09,0.952380207227758,0.00226764466370111,0.0453521481085412,0.0453521481085413,0.907028059119216,0.999999996804769
3.2397426295282e-09,0.952380196850545,0.00226764565202303,0.0453521574974316,0.0453521574974316,0.907028039353114,0.999999996760274
3.28485736603004e-09,0.952380186328808,0.0022676466541097,0.0453521670170824,0.0453521670170823,0.907028019311725,0.99999999671516
3.33060034362458e-09,0.952380175660532,0.00226764767015284,0.045352176669315,0.0453521766693149,0.907027998991217,0.999999996669417
3.37698031082509e-09,0.952380164843677,0.00226764870034687,0.045352186455976,0.0453521864559759,0.907027978387701,0.999999996623037
3.42400613797143e-09,0.952380153876173,0.00226764974488889,0.045352196378938,0.0453521963789379,0.907027957497235,0.999999996576011
3.47168681892656e-09,0.952380142755922,0.00226765080397877,0.0453522064400994,0.0453522064400995,0.907027936315822,0.999999996528331
3.52003147279668e-09,0.952380131480795,0.00226765187781916,0.0453522166413854,0.0453522166413853,0.90702791483941,0.999999996479987
3.56904934567522e-09,0.952380120048637,0.00226765296661553,0.0453522269847476,0.0453522269847475,0.907027893063889,0.999999996430969
3.61874981241128e-09,0.952380108457259,0.0022676540705762,0.0453522374721651,0.0453522374721651,0.907027870985094,0.999999996381269
3.66914237840249e-09,0.952380096704443,0.00226765518991242,0.0453522481056445,0.0453522481056444,0.907027848598799,0.999999996330877
3.72023668141307e-09,0.952380084787941,0.00226765632483836,0.0453522588872203,0.0453522588872203,0.907027825900721,0.999999996279783
3.77204249341699e-09,0.952380072705473,0.00226765747557119,0.0453522698189554,0.0453522698189555,0.907027802886518,0.999999996227977
3.82456972246699e-09,0.952380060454727,0.00226765864233109,0.0453522809029415,0.0453522809029414,0.907027779551786,0.99999999617545
3.87782841458946e-09,0.952380048033359,0.00226765982534133,0.0453522921412992,0.0453522921412992,0.90702775589206,0.999999996122191
3.93182875570577e-09,0.952380035438993,0.00226766102482827,0.0453523035361791,0.0453523035361791,0.907027731902814,0.999999996068192
3.98658107358044e-09,0.952380022669217,0.00226766224102144,0.0453523150897612,0.0453523150897612,0.907027707579456,0.999999996013439
4.0420958397963e-09,0.95238000972159,0.00226766347415356,0.0453523268042564,0.0453523268042564,0.907027682917334,0.999999995957925
4.09838367175725e-09,0.952379996593633,0.0022676647244606,0.045352338681906,0.045352338681906,0.907027657911727,0.999999995901638
4.15545533471888e-09,0.952379983282835,0.0022676659921818,0.0453523507249828,0.0453523507249829,0.907027632557853,0.999999995844566
4.21332174384729e-09,0.952379969786649,0.00226766727755976,0.0453523629357912,0.0453523629357911,0.907027606850858,0.9999999957867
4.27199396630678e-09,0.952379956102492,0.00226766858084044,0.0453523753166675,0.0453523753166674,0.907027580785825,0.999999995728028
4.33148322337639e-09,0.952379942227746,0.00226766990227323,0.045352387869981,0.045352387869981,0.907027554357765,0.999999995668539
4.39180089259608e-09,0.952379928159755,0.00226767124211102,0.0453524005981335,0.0453524005981335,0.907027527561622,0.999999995608222
4.45295850994266e-09,0.952379913895829,0.00226767260061019,0.0453524135035607,0.0453524135035607,0.907027500392268,0.999999995547064
4.5149677720361e-09,0.952379899433237,0.00226767397803071,0.045352426588732,0.0453524265887321,0.907027472844505,0.999999995485055
4.57784053837662e-09,0.952379884769213,0.00226767537463618,0.0453524398561513,0.0453524398561513,0.907027444913061,0.999999995422183
4.64158883361277e-09,0.952379869900949,0.00226767679069385,0.0453524533083573,0.0453524533083572,0.907027416592592,0.999999995358435
4.70622484984129e-09,0.952379854825601,0.00226767822647473,0.0453524669479241,0.0453524669479241,0.907027387877677,0.999999995293799
4.77176094893875e-09,0.952379839540284,0.00226767968225356,0.0453524807774619,0.0453524807774619,0.907027358762823,0.999999995228264
4.83820966492596e-09,0.952379824042074,0.00226768115830896,0.045352494799617,0.0453524947996169,0.907027329242457,0.999999995161815
4.90558370636505e-09,0.952379808328004,0.0022676826549234,0.0453525090170726,0.0453525090170727,0.907027299310931,0.999999995094441
4.97389595879006e-09,0.952379792395067,0.00226768417238329,0.0453525234325494,0.0453525234325494,0.907027268962518,0.99999999502613
5.04315948717137e-09,0.952379776240215,0.00226768571097904,0.045352538048806,0.0453525380488059,0.907027238191409,0.999999994956867
5.11338753841433e-09,0.952379759860356,0.00226768727100511,0.0453525528686393,0.0453525528686393,0.907027206991716,0.999999994886639
5.18459354389291e-09,0.952379743252354,0.00226768885276005,0.0453525678948855,0.0453525678948855,0.907027175357469,0.999999994815433
5.25679112201842e-09,0.952379726413033,0.00226769045654659,0.04535258313042,0.0453525831304199,0.907027143282613,0.999999994743236
5.32999408084408e-09,0.95237970933917,0.00226769208267166,0.0453525985781584,0.0453525985781583,0.907027110761012,0.999999994670033
5.40421642070593e-09,0.952379692027497,0.00226769373144648,0.0453526142410569,0.0453526142410569,0.90702707778644,0.999999994595811
5.47947233690029e-09,0.9523796744747,0.00226769540318662,0.045352630122113,0.045352630122113,0.907027044352587,0.999999994520556
5.55577622239888e-09,0.952379656677422,0.00226769709821201,0.0453526462243659,0.0453526462243659,0.907027010453056,0.999999994444252
5.63314267060135e-09,0.952379638632256,0.00226769881684709,0.045352662550897,0.045352662550897,0.907026976081359,0.999999994366886
5.71158647812642e-09,0.952379620335748,0.00226770055942077,0.0453526791048311,0.045352679104831,0.907026941230917,0.999999994288443
5.79112264764177e-09,0.952379601784397,0.00226770232626659,0.045352695889336,0.045352695889336,0.907026905895061,0.999999994208907
5.87176639073326e-09,0.952379582974653,0.00226770411772271,0.045352712907624,0.0453527129076241,0.907026870067029,0.999999994128264
5.95353313081437e-09,0.952379563902916,0.00226770593413202,0.0453527301629522,0.0453527301629522,0.907026833739964,0.999999994046498
6.03643850607586e-09,0.952379544565535,0.00226770777584218,0.0453527476586228,0.0453527476586227,0.907026796906912,0.999999993963593
6.12049837247669e-09,0.95237952495881,0.0022677096432057,0.0453527653979843,0.0453527653979844,0.907026759560826,0.999999993879533
6.20572880677651e-09,0.952379505078988,0.00226771153658,0.0453527833844318,0.0453527833844318,0.907026721694556,0.999999993794303
6.29214610961035e-09,0.952379484922265,0.0022677134563275,0.0453528016214077,0.0453528016214076,0.907026683300857,0.999999993707886
6.37976680860628e-09,0.952379464484782,0.00226771540281565,0.0453528201124023,0.0453528201124023,0.90702664437238,0.999999993620266
6.46860766154632e-09,0.952379443762628,0.00226771737641703,0.0453528388609547,0.0453528388609546,0.907026604901674,0.999999993531426
6.55868565957142e-09,0.952379422751837,0.00226771937750942,0.0453528578706533,0.0453528578706532,0.907026564881184,0.999999993441348
6.65001803043113e-09,0.952379401448388,0.00226772140647585,0.0453528771451364,0.0453528771451364,0.907026524303251,0.999999993350016
6.74262224177835e-09,0.952379379848202,0.00226772346370473,0.0453528966880932,0.0453528966880933,0.907026483160109,0.999999993257412
6.83651600451024e-09,0.952379357947146,0.00226772554958983,0.0453529165032642,0.0453529165032641,0.907026441443882,0.999999993163519
6.9317172761554e-09,0.952379335741028,0.00226772766453045,0.0453529365944421,0.0453529365944421,0.907026399146585,0.999999993068318
7.02824426430834e-09,0.952379313225596,0.00226772980893144,0.0453529569654723,0.0453529569654724,0.907026356260124,0.999999992971792
7.12611543011176e-09,0.952379290396543,0.0022677319832033,0.0453529776202542,0.0453529776202541,0.907026312776288,0.999999992873921
7.22534949178722e-09,0.952379267249497,0.00226773418776226,0.045352998562741,0.0453529985627411,0.907026268686756,0.999999992774688
7.32596542821523e-09,0.952379243780028,0.00226773642303034,0.0453530197969416,0.0453530197969416,0.907026223983086,0.999999992674072
7.42798248256491e-09,0.952379219983644,0.00226773868943545,0.0453530413269204,0.0453530413269204,0.907026178656724,0.999999992572056
7.53142016597436e-09,0.95237919585579,0.00226774098741147,0.0453530631567985,0.0453530631567984,0.907026132698992,0.999999992468618
7.63629826128226e-09,0.952379171391847,0.00226774331739832,0.0453530852907546,0.0453530852907545,0.907026086101092,0.999999992363741
7.74263682681128e-09,0.952379146587132,0.00226774567984206,0.0453531077330256,0.0453531077330256,0.907026038854107,0.999999992257403
7.85045620020451e-09,0.952379121436898,0.00226774807519498,0.0453531304879074,0.0453531304879073,0.90702599094899,0.999999992149584
7.95977700231498e-09,0.952379095936329,0.00226775050391566,0.0453531535597558,0.0453531535597558,0.907025942376573,0.999999992040264
8.07062014114949e-09,0.952379070080543,0.00226775296646908,0.0453531769529874,0.0453531769529875,0.907025893127556,0.999999991929421
8.18300681586741e-09,0.952379043864593,0.00226775546332672,0.0453532006720805,0.0453532006720805,0.907025843192512,0.999999991817035
8.29695852083492e-09,0.952379017283458,0.0022677579949666,0.0453532247215755,0.0453532247215755,0.907025792561882,0.999999991703084
8.41249704973612e-09,0.95237899033205,0.00226776056187345,0.0453532491060763,0.0453532491060763,0.907025741225974,0.999999991587546
8.52964449974102e-09,0.95237896300521,0.00226776316453872,0.0453532738302512,0.0453532738302512,0.907025689174959,0.999999991470399
8.64842327573171e-09,0.952378935297706,0.00226776580346074,0.0453532988988331,0.0453532988988331,0.907025636398873,0.999999991351621
8.76885609458744e-09,0.952378907204234,0.00226776847914478,0.0453533243166214,0.0453533243166213,0.907025582887612,0.999999991231189
8.89096598952917e-09,0.952378878719415,0.00226777119210315,0.0453533500884821,0.0453533500884821,0.907025528630933,0.99999999110908
9.01477631452492e-09,0.952378849837796,0.00226777394285532,0.0453533762193491,0.0453533762193491,0.907025473618446,0.99999999098527
9.14031074875622e-09,0.952378820553847,0.002267776731928,0.0453534027142253,0.0453534027142252,0.907025417839622,0.999999990859736
9.26759330114686e-09,0.952378790861962,0.00226777955985524,0.045353429578183,0.045353429578183,0.907025361283779,0.999999990732454
9.39664831495471e-09,0.952378760756456,0.00226778242717854,0.0453534568163657,0.0453534568163657,0.90702530394009,0.9999999906034
9.5275004724273e-09,0.952378730231565,0.00226778533444696,0.0453534844339882,0.0453534844339881,0.907025245797577,0.999999990472549
9.66017479952265e-09,0.952378699281445,0.00226778828221721,0.0453535124363382,0.0453535124363382,0.907025186845106,0.999999990339875
9.79469667069539e-09,0.952378667900169,0.00226779127105378,0.0453535408287773,0.0453535408287773,0.907025127071392,0.999999990205354
9.93109181374978e-09,0.952378636081729,0.00226779430152901,0.0453535696167415,0.0453535696167415,0.907025066464988,0.999999990068959
1.00693863147603e-08,0.952378603820034,0.00226779737422325,0.045353598805743,0.0453535988057431,0.907025005014291,0.999999989930666
1.02096066230605e-08,0.952378571108904,0.00226780048972492,0.0453536284013706,0.0453536284013706,0.907024942707534,0.999999989790446
1.03517795563018e-08,0.952378537942078,0.00226780364863067,0.0453536584092912,0.0453536584092913,0.907024879532787,0.999999989648274
1.04959323055823e-08,0.952378504313204,0.00226780685154547,0.0453536888352507,0.0453536888352507,0.907024815477953,0.999999989504122
1.06420924406472e-08,0.952378470215842,0.00226781009908271,0.0453537196850751,0.0453537196850751,0.907024750530767,0.999999989357962
1.07902879151618e-08,0.952378435643464,0.00226781339186437,0.0453537509646716,0.0453537509646716,0.907024684678792,0.999999989209768
1.09405470720574e-08,0.952378400589449,0.00226781673052108,0.0453537826800301,0.04535378268003,0.907024617909419,0.999999989059509
1.10928986489522e-08,0.952378365047084,0.00226782011569227,0.0453538148372236,0.0453538148372237,0.907024550209861,0.999999988907159
1.12473717836475e-08,0.952378329009564,0.00226782354802632,0.0453538474424102,0.0453538474424101,0.907024481567153,0.999999988752686
1.14039960197003e-08,0.952378292469986,0.00226782702818062,0.0453538805018337,0.0453538805018336,0.907024411968152,0.999999988596063
1.15628013120738e-08,0.952378255421353,0.00226783055682175,0.0453539140218251,0.045353914021825,0.907024341399528,0.999999988437258
1.1723818032866e-08,0.952378217856571,0.0022678341346256,0.0453539480088035,0.0453539480088034,0.907024269847767,0.999999988276242
1.1887076977119e-08,0.952378179768445,0.00226783776227748,0.0453539824692779,0.0453539824692778,0.907024197299167,0.999999988112984
1.20526093687084e-08,0.95237814114968,0.00226784144047225,0.0453540174098478,0.0453540174098478,0.907024123739832,0.999999987947453
1.22204468663149e-08,0.952378101992881,0.00226784516991449,0.0453540528372049,0.0453540528372048,0.907024049155676,0.999999987779616
1.23906215694792e-08,0.952378062290547,0.00226784895131861,0.0453540887581342,0.0453540887581343,0.907023973532413,0.999999987609442
1.25631660247412e-08,0.952378022035076,0.00226785278540896,0.0453541251795155,0.0453541251795154,0.90702389685556,0.999999987436898
1.27381132318648e-08,0.952377981218756,0.00226785667292005,0.0453541621083244,0.0453541621083243,0.907023819110431,0.999999987261952
1.29154966501488e-08,0.95237793983377,0.00226786061459659,0.045354199551634,0.0453541995516339,0.907023740282136,0.99999998708457
1.30953502048267e-08,0.95237789787219,0.00226786461119371,0.0453542375166159,0.0453542375166159,0.907023660355574,0.999999986904717
1.32777082935543e-08,0.952377855325981,0.00226786866347708,0.0453542760105419,0.045354276010542,0.907023579315439,0.99999998672236
1.34626057929891e-08,0.952377812186992,0.00226787277222305,0.0453543150407853,0.0453543150407852,0.907023497146206,0.999999986537463
1.36500780654601e-08,0.952377768446959,0.0022678769382188,0.0453543546148221,0.0453543546148221,0.907023413832137,0.999999986349992
1.38401609657313e-08,0.952377724097505,0.00226788116226252,0.0453543947402328,0.0453543947402328,0.907023329357272,0.99999998615991
1.40328908478587e-08,0.952377679130133,0.00226788544516352,0.0453544354247037,0.0453544354247036,0.907023243705429,0.999999985967181
1.42283045721435e-08,0.952377633536229,0.00226788978774241,0.0453544766760282,0.0453544766760282,0.907023156860201,0.999999985771769
1.44264395121816e-08,0.95237758730706,0.00226789419083128,0.0453545185021085,0.0453545185021086,0.907023068804952,0.999999985573635
1.46273335620113e-08,0.952377540433769,0.00226789865527379,0.0453545609109572,0.0453545609109572,0.907022979522812,0.999999985372742
1.4831025143361e-08,0.952377492907376,0.00226790318192542,0.0453546039106987,0.0453546039106987,0.907022888996677,0.999999985169051
1.50375532129974e-08,0.952377444718776,0.00226790777165357,0.0453546475095707,0.0453546475095707,0.907022797209205,0.999999984962524
1.52469572701757e-08,0.952377395858736,0.00226791242533777,0.0453546917159259,0.045354691715926,0.90702270414281,0.999999984753121
1.54592773641948e-08,0.952377346317897,0.0022679171438698,0.0453547365382337,0.0453547365382337,0.907022609779663,0.999999984540802
1.56745541020559e-08,0.952377296086765,0.00226792192815393,0.0453547819850814,0.0453547819850814,0.907022514101683,0.999999984325527
1.58928286562298e-08,0.952377245155716,0.00226792677910703,0.0453548280651766,0.0453548280651767,0.90702241709054,0.999999984107253
1.61141427725302e-08,0.952377193514993,0.00226793169765878,0.0453548747873482,0.0453548747873481,0.907022318727645,0.99999998388594
1.63385387780986e-08,0.9523771411547,0.00226793668475183,0.0453549221605483,0.0453549221605484,0.907022218994151,0.999999983661545
1.65660595894992e-08,0.952377088064804,0.00226794174134202,0.0453549701938542,0.0453549701938541,0.90702211787095,0.999999983434026
1.67967487209265e-08,0.952377034235132,0.00226794686839853,0.0453550188964696,0.0453550188964695,0.907022015338662,0.999999983203338
1.70306502925284e-08,0.952376979655369,0.00226795206690405,0.045355068277727,0.0453550682777271,0.907021911377642,0.999999982969437
1.72678090388436e-08,0.952376924315056,0.00226795733785502,0.0453551183470889,0.0453551183470889,0.907021805967967,0.99999998273228
1.75082703173572e-08,0.952376868203588,0.00226796268226181,0.0453551691141503,0.0453551691141503,0.907021699089438,0.99999998249182
1.77520801171764e-08,0.952376811310211,0.00226796810114886,0.0453552205886399,0.0453552205886399,0.907021590721571,0.999999982248011
1.79992850678248e-08,0.952376753624023,0.00226797359555496,0.0453552727804221,0.0453552727804221,0.907021480843601,0.999999982000807
1.82499324481615e-08,0.952376695133967,0.0022679791665334,0.0453553256994994,0.0453553256994994,0.907021369434468,0.999999981750161
1.8504070195423e-08,0.952376635828834,0.00226798481515216,0.0453553793560138,0.0453553793560139,0.90702125647282,0.999999981496025
1.87617469143912e-08,0.952376575697257,0.00226799054249416,0.0453554337602489,0.045355433760249,0.907021141937008,0.99999998123835
1.90230118866895e-08,0.952376514727711,0.00226799634965747,0.0453554889226319,0.045355488922632,0.907021025805079,0.999999980977086
1.92879150802078e-08,0.952376452908509,0.00226800223775546,0.0453555448537357,0.0453555448537357,0.907020908054773,0.999999980712184
1.95565071586595e-08,0.952376390227802,0.00226800820791707,0.0453556015642809,0.0453556015642809,0.907020788663521,0.999999980443593
1.98288394912707e-08,0.952376326673575,0.00226801426128704,0.0453556590651376,0.0453556590651375,0.907020667608438,0.999999980171262
2.0104964162605e-08,0.952376262233646,0.00226802039902606,0.045355717367328,0.045355717367328,0.907020544866318,0.999999979895139
2.03849339825246e-08,0.952376196895661,0.00226802662231109,0.0453557764820281,0.0453557764820282,0.907020420413633,0.999999979615171
2.06688024962908e-08,0.952376130647094,0.00226803293233549,0.0453558364205701,0.0453558364205701,0.907020294226524,0.999999979331304
2.09566239948043e-08,0.952376063475246,0.00226803933030933,0.0453558971944444,0.0453558971944445,0.907020166280802,0.999999979043484
2.12484535249888e-08,0.952375995367238,0.00226804581745958,0.0453559588153021,0.0453559588153021,0.907020036551936,0.999999978751656
2.15443469003188e-08,0.952375926310013,0.00226805239503036,0.0453560212949567,0.0453560212949566,0.907019905015056,0.999999978455764
2.18443607114943e-08,0.95237585629033,0.00226805906428318,0.0453560846453872,0.0453560846453872,0.907019771644942,0.999999978155751
2.21485523372636e-08,0.952375785294763,0.00226806582649718,0.0453561488787396,0.0453561488787396,0.907019636416024,0.999999977851562
2.24569799553977e-08,0.952375713309701,0.00226807268296938,0.0453562140073299,0.0453562140073299,0.907019499302371,0.999999977543136
2.27697025538168e-08,0.952375640321339,0.00226807963501495,0.045356280043646,0.0453562800436459,0.907019360277693,0.999999977230414
2.30867799418717e-08,0.952375566315682,0.00226808668396741,0.0453563470003503,0.0453563470003503,0.907019219315332,0.999999976913339
2.34082727617829e-08,0.952375491278539,0.00226809383117897,0.0453564148902822,0.0453564148902822,0.907019076388257,0.999999976591848
2.37342425002387e-08,0.952375415195519,0.00226810107802071,0.0453564837264605,0.0453564837264606,0.907018931469058,0.99999997626588
2.40647515001542e-08,0.952375338052031,0.0022681084258829,0.0453565535220861,0.0453565535220861,0.907018784529945,0.999999975935372
2.43998629725955e-08,0.952375259833281,0.00226811587617524,0.0453566242905442,0.0453566242905442,0.907018635542736,0.999999975600262
2.47396410088681e-08,0.952375180524266,0.00226812343032715,0.0453566960454071,0.045356696045407,0.907018484478859,0.999999975260486
2.50841505927754e-08,0.952375100109775,0.00226813108978804,0.0453567688004369,0.0453567688004368,0.907018331309338,0.999999974915978
2.54334576130465e-08,0.952375018574384,0.00226813885602758,0.045356842569588,0.0453568425695881,0.907018176004796,0.999999974566673
2.5787628875938e-08,0.952374935902454,0.00226814673053603,0.04535691736701,0.0453569173670101,0.907018018535444,0.999999974212504
2.61467321180109e-08,0.952374852078125,0.00226815471482445,0.0453569932070502,0.0453569932070502,0.907017858871075,0.999999973853402
2.65108360190854e-08,0.952374767085319,0.00226816281042506,0.0453570701042563,0.0453570701042563,0.907017696981062,0.9999999734893
2.68800102153761e-08,0.952374680907729,0.00226817101889153,0.0453571480733799,0.0453571480733799,0.907017532834349,0.999999973120128
2.72543253128103e-08,0.952374593528822,0.00226817934179923,0.0453572271293783,0.0453572271293783,0.907017366399444,0.999999972745815
2.76338529005317e-08,0.952374504931836,0.00226818778074561,0.0453573072874184,0.0453573072874184,0.907017197644418,0.999999972366289
2.8018665564592e-08,0.952374415099771,0.00226819633735044,0.0453573885628788,0.0453573885628789,0.907017026536892,0.999999971981479
2.84088369018331e-08,0.95237432401539,0.00226820501325616,0.0453574709713536,0.0453574709713536,0.907016853044037,0.999999971591309
2.8804441533963e-08,0.952374231661217,0.00226821381012823,0.0453575545286545,0.0453575545286545,0.907016677132563,0.999999971195707
2.92055551218275e-08,0.95237413801953,0.00226822272965537,0.0453576392508148,0.0453576392508148,0.907016498768715,0.999999970794595
2.96122543798803e-08,0.952374043072358,0.00226823177354995,0.0453577251540917,0.0453577251540918,0.907016317918267,0.999999970387898
3.00246170908555e-08,0.952373946801482,0.00226824094354833,0.0453578122549701,0.04535781225497,0.907016134546511,0.999999969975537
3.04427221206431e-08,0.952373849188423,0.00226825024141115,0.0453579005701653,0.0453579005701653,0.907015948618258,0.999999969557434
3.08666494333727e-08,0.95237375021445,0.00226825966892371,0.0453579901166266,0.0453579901166266,0.907015760097823,0.999999969133509
3.12964801067075e-08,0.952373649860564,0.00226826922789629,0.0453580809115401,0.0453580809115401,0.907015568949023,0.999999968703681
3.17322963473497e-08,0.952373548107503,0.00226827892016454,0.0453581729723329,0.0453581729723328,0.90701537513517,0.999999968267867
3.21741815067637e-08,0.952373444935735,0.00226828874758978,0.0453582663166754,0.0453582663166755,0.907015178619059,0.999999967825984
3.26222200971167e-08,0.952373340325455,0.00226829871205942,0.0453583609624857,0.0453583609624857,0.907014979362969,0.999999967377948
3.30764978074424e-08,0.95237323425658,0.0022683088154873,0.0453584569279324,0.0453584569279324,0.907014777328648,0.999999966923672
3.35371015200293e-08,0.952373126708747,0.00226831905981405,0.0453585542314385,0.0453585542314385,0.907014572477309,0.999999966463071
3.4004119327037e-08,0.952373017661308,0.00226832944700748,0.0453586528916847,0.0453586528916847,0.907014364769623,0.999999965996056
3.44776405473446e-08,0.952372907093324,0.00226833997906298,0.0453587529276133,0.0453587529276134,0.90701415416571,0.999999965522537
3.49577557436328e-08,0.952372794983564,0.00226835065800389,0.0453588543584318,0.0453588543584319,0.907013940625132,0.999999965042424
3.54445567397044e-08,0.952372681310502,0.00226836148588189,0.0453589572036166,0.0453589572036165,0.907013724106885,0.999999964555626
3.59381366380463e-08,0.952372566052306,0.0022683724647774,0.0453590614829165,0.0453590614829166,0.90701350456939,0.999999964062048
3.64385898376354e-08,0.952372449186843,0.0022683835968,0.0453591672163572,0.0453591672163571,0.907013281970486,0.999999963561597
3.6946012051993e-08,0.952372330691667,0.00226839488408883,0.0453592744242445,0.0453592744242445,0.907013056267422,0.999999963054178
3.746050032749e-08,0.952372210544018,0.00226840632881301,0.0453593831271688,0.0453593831271689,0.907012827416849,0.999999962539692
3.79821530619074e-08,0.952372088720819,0.00226841793317206,0.0453594933460087,0.0453594933460088,0.90701259537481,0.999999962018042
3.85110700232557e-08,0.952371965198668,0.00226842969939633,0.0453596051019352,0.0453596051019352,0.907012360096733,0.999999961489128
3.90473523688556e-08,0.952371839953837,0.00226844162974745,0.045359718416416,0.045359718416416,0.907012121537421,0.999999960952848
3.95911026646846e-08,0.952371712962262,0.00226845372651873,0.0453598333112192,0.0453598333112192,0.907011879651043,0.999999960409101
4.01424249049933e-08,0.952371584199546,0.00226846599203566,0.0453599498084183,0.0453599498084183,0.907011634391128,0.999999959857782
4.07014245321944e-08,0.952371453640948,0.00226847842865632,0.0453600679303958,0.0453600679303958,0.907011385710552,0.999999959298785
4.12682084570295e-08,0.95237132126138,0.00226849103877188,0.0453601876998477,0.0453601876998477,0.907011133561533,0.999999958732004
4.18428850790158e-08,0.952371187035405,0.00226850382480701,0.0453603091397883,0.0453603091397883,0.907010877895616,0.99999995815733
4.24255643071778e-08,0.952371050937225,0.00226851678922043,0.0453604322735542,0.0453604322735542,0.907010618663671,0.999999957574654
4.3016357581068e-08,0.952370912940686,0.00226852993450533,0.0453605571248091,0.0453605571248091,0.907010355815876,0.999999956983864
4.36153778920801e-08,0.952370773019262,0.00226854326318988,0.0453606837175486,0.0453606837175485,0.907010089301713,0.999999956384846
4.4222739805059e-08,0.952370631146058,0.00226855677783771,0.0453608120761044,0.0453608120761044,0.907009819069954,0.999999955777488
4.48385594802119e-08,0.952370487293802,0.00226857048104845,0.0453609422251493,0.0453609422251493,0.907009545068653,0.999999955161671
4.5462954695324e-08,0.95237034143484,0.00226858437545819,0.0453610741897022,0.0453610741897023,0.907009267245137,0.999999954537279
4.60960448682844e-08,0.952370193541127,0.00226859846374003,0.0453612079951328,0.0453612079951328,0.907008985545994,0.999999953904192
4.67379510799246e-08,0.952370043584229,0.00226861274860458,0.0453613436671663,0.0453613436671664,0.907008699917063,0.99999995326229
4.73887960971765e-08,0.95236989153531,0.00226862723280051,0.0453614812318889,0.0453614812318889,0.907008410303422,0.999999952611448
4.80487043965513e-08,0.952369737365132,0.00226864191911508,0.0453616207157527,0.0453616207157526,0.90700811664938,0.999999951951543
4.87178021879463e-08,0.952369581044045,0.00226865681037468,0.0453617621455807,0.0453617621455807,0.907007818898464,0.999999951282448
4.93962174387833e-08,0.952369422541982,0.00226867190944541,0.0453619055485723,0.0453619055485722,0.90700751699341,0.999999950604037
5.00840798984821e-08,0.952369261828458,0.0022686872192336,0.0453620509523084,0.0453620509523084,0.90700721087615,0.999999949916178
5.07815211232767e-08,0.952369098872557,0.00226870274268641,0.0453621983847569,0.0453621983847569,0.9070069004878,0.99999994921874
5.1488674501375e-08,0.952368933642929,0.00226871848279242,0.0453623478742783,0.0453623478742783,0.907006585768651,0.99999994851159
5.22056752784698e-08,0.952368766107787,0.00226873444258216,0.045362499449631,0.0453624994496311,0.907006266658156,0.999999947794594
5.29326605836057e-08,0.952368596234894,0.00226875062512879,0.0453626531399772,0.0453626531399772,0.907005943094917,0.999999947067612
5.36697694554048e-08,0.952368423991563,0.00226876703354861,0.0453628089748881,0.0453628089748881,0.907005615016675,0.999999946330507
5.44171428686589e-08,0.952368249344648,0.00226878367100177,0.0453629669843505,0.0453629669843505,0.907005282360297,0.999999945583137
5.51749237612913e-08,0.952368072260535,0.00226880054069279,0.045363127198772,0.0453631271987719,0.907004945061763,0.99999994482536
5.59432570616938e-08,0.952367892705142,0.00226881764587128,0.0453632896489871,0.0453632896489871,0.907004603056155,0.999999944057031
5.67222897164455e-08,0.952367710643904,0.00226883498983252,0.0453634543662635,0.0453634543662634,0.907004256277641,0.999999943278002
5.75121707184161e-08,0.952367526041774,0.00226885257591813,0.045363621382308,0.045363621382308,0.907003904659466,0.999999942488125
5.83130511352622e-08,0.95236733886321,0.00226887040751675,0.0453637907292728,0.0453637907292728,0.907003548133938,0.999999941687249
5.91250841383188e-08,0.952367149072174,0.00226888848806465,0.0453639624397617,0.0453639624397618,0.907003186632412,0.99999994087522
5.99484250318941e-08,0.952366956632117,0.00226890682104648,0.0453641365468369,0.0453641365468368,0.90700282008528,0.999999940051883
6.07832312829724e-08,0.952366761505979,0.00226892540999587,0.0453643130840247,0.0453643130840247,0.907002448421955,0.999999939217082
6.16296625513294e-08,0.952366563656181,0.00226894425849623,0.0453644920853231,0.0453644920853232,0.907002071570857,0.999999938370655
6.24878807200689e-08,0.952366363044611,0.00226896337018137,0.0453646735852077,0.0453646735852077,0.907001689459403,0.999999937512441
6.33580499265825e-08,0.952366159632625,0.00226898274873625,0.0453648576186386,0.0453648576186387,0.907001302013986,0.999999936642276
6.42403365939419e-08,0.952365953381034,0.00226900239789773,0.0453650442210678,0.0453650442210678,0.907000909159967,0.999999935759994
6.51349094627281e-08,0.952365744250099,0.00226902232145527,0.0453652334284455,0.0453652334284455,0.907000510821654,0.999999934865426
6.60419396233031e-08,0.952365532199521,0.00226904252325168,0.0453654252772275,0.0453654252772274,0.907000106922293,0.9999999339584
6.69616005485322e-08,0.952365317188434,0.00226906300718394,0.0453656198043825,0.0453656198043825,0.906999697384051,0.999999933038744
6.78940681269611e-08,0.952365099175397,0.00226908377720389,0.0453658170473992,0.0453658170473992,0.906999282127998,0.999999932106281
6.8839520696455e-08,0.952364878118387,0.00226910483731905,0.0453660170442936,0.0453660170442937,0.906998861074094,0.999999931160834
6.97981390783067e-08,0.95236465397479,0.00226912619159344,0.0453662198336168,0.0453662198336168,0.906998434141173,0.99999993020222
7.07701066118189e-08,0.952364426701389,0.00226914784414833,0.0453664254544624,0.0453664254544623,0.906998001246927,0.999999929230258
7.17556091893692e-08,0.952364196254363,0.00226916979916308,0.045366633946474,0.0453666339464739,0.906997562307889,0.99999992824476
7.27548352919623e-08,0.95236396258927,0.00226919206087601,0.0453668453498536,0.0453668453498537,0.906997117239417,0.999999927245539
7.37679760252773e-08,0.952363725661046,0.00226921463358518,0.0453670597053692,0.0453670597053691,0.906996665955677,0.999999926232404
7.47952251562183e-08,0.952363485423988,0.00226923752164925,0.0453672770543625,0.0453672770543626,0.906996208369626,0.99999992520516
7.58367791499719e-08,0.952363241831754,0.00226926072948839,0.0453674974387579,0.045367497438758,0.906995744392996,0.999999924163611
7.68928372075831e-08,0.952362994837345,0.00226928426158514,0.0453677209010702,0.0453677209010701,0.906995273936275,0.999999923107559
7.79636013040524e-08,0.952362744393102,0.00226930812248525,0.0453679474844129,0.0453679474844129,0.906994796908689,0.9999999220368
7.90492762269642e-08,0.952362490450694,0.00226933231679868,0.0453681772325073,0.0453681772325073,0.906994313218187,0.999999920951131
8.01500696156541e-08,0.952362232961109,0.00226935684920043,0.0453684101896907,0.0453684101896908,0.906993822771418,0.999999919850343
8.12661920009195e-08,0.952361971874643,0.00226938172443151,0.0453686464009255,0.0453686464009255,0.906993325473717,0.999999918734227
8.23978568452851e-08,0.952361707140892,0.00226940694729989,0.0453688859118077,0.0453688859118077,0.906992821229085,0.999999917602567
8.35452805838287e-08,0.952361438708742,0.00226943252268145,0.0453691287685763,0.0453691287685764,0.906992309940166,0.99999991645515
8.4708682665574e-08,0.952361166526357,0.00226945845552094,0.0453693750181225,0.0453693750181224,0.906991791508234,0.999999915291754
8.58882855954626e-08,0.952360890541168,0.002269484750833,0.0453696247079986,0.0453696247079987,0.90699126583317,0.999999914112157
8.70843149769072e-08,0.952360610699869,0.00226951141370311,0.0453698778864282,0.0453698778864282,0.906990732813441,0.999999912916134
8.82969995549408e-08,0.952360326948397,0.00226953844928867,0.0453701346023147,0.0453701346023148,0.906990192346082,0.999999911703455
8.9526571259964e-08,0.952360039231928,0.00226956586281997,0.0453703949052522,0.0453703949052522,0.906989644326676,0.99999991047389
9.07732652521022e-08,0.952359747494864,0.00226959365960128,0.0453706588455346,0.0453706588455345,0.90698908864933,0.999999909227202
9.20373199661823e-08,0.952359451680822,0.0022696218450119,0.0453709264741656,0.0453709264741656,0.906988525206657,0.999999907963154
9.33189771573324e-08,0.952359151732623,0.00226965042450722,0.0453711978428695,0.0453711978428695,0.906987953889754,0.999999906681504
9.46184819472199e-08,0.952358847592279,0.00226967940361984,0.0453714730041009,0.0453714730041008,0.906987374588178,0.999999905382005
9.59360828709315e-08,0.952358539200984,0.00226970878796067,0.0453717520110552,0.0453717520110553,0.906986787189929,0.999999904064411
9.72720319245054e-08,0.9523582264991,0.00226973858322004,0.0453720349176796,0.0453720349176796,0.906986191581421,0.999999902728469
9.86265846131283e-08,0.952357909426148,0.00226976879516886,0.0453723217786836,0.0453723217786837,0.906985587647464,0.999999901373924
1e-07,0.95235758792079,0.00226979942965979,0.04537261264955,0.0453726126495501,0.90698497527124,0.999999900000515
1.01392540755881e-07,0.952357261920826,0.00226983049262839,0.0453729075865458,0.0453729075865458,0.90698435433428,0.999999898607982
1.02804473209331e-07,0.952356931363172,0.00226986199009434,0.0453732066467339,0.0453732066467338,0.906983724716438,0.999999897196057
1.0423606739764e-07,0.952356596183853,0.00226989392816263,0.0453735098879839,0.0453735098879838,0.90698308629587,0.999999895764469
1.05687597118481e-07,0.952356256317991,0.0022699263130248,0.0453738173689843,0.0453738173689843,0.906982438949007,0.999999894312947
1.07159339982267e-07,0.952355911699786,0.00226995915096021,0.045374129149254,0.0453741291492541,0.906981782550532,0.999999892841212
1.08651577465254e-07,0.952355562262509,0.00226999244833727,0.0453744452891541,0.045374445289154,0.906981116973355,0.999999891348982
1.10164594963366e-07,0.952355207938485,0.00227002621161474,0.0453747658499001,0.0453747658499002,0.906980442088585,0.999999889835973
1.11698681846782e-07,0.952354848659082,0.00227006044734305,0.0453750908935745,0.0453750908935745,0.906979757765508,0.999999888301894
1.13254131515281e-07,0.952354484354696,0.00227009516216562,0.0453754204831386,0.0453754204831387,0.906979063871557,0.999999886746452
1.14831241454351e-07,0.952354114954734,0.00227013036282019,0.045375754682446,0.0453757546824459,0.906978360272288,0.99999988516935
1.16430313292088e-07,0.952353740387605,0.00227016605614018,0.0453760935562547,0.0453760935562547,0.90697764683135,0.999999883570287
1.18051652856881e-07,0.952353360580703,0.00227020224905613,0.0453764371702407,0.0453764371702406,0.906976923410463,0.999999881948956
1.19695570235904e-07,0.952352975460392,0.00227023894859702,0.0453767855910107,0.0453767855910107,0.906976189869382,0.999999880305047
1.21362379834424e-07,0.952352584951992,0.00227027616189178,0.045377138886116,0.0453771388861159,0.906975446065876,0.999999878638246
1.23052400435926e-07,0.952352188979763,0.0022703138961707,0.0453774971240661,0.0453774971240661,0.906974691855697,0.999999876948234
1.24765955263087e-07,0.952351787466891,0.00227035215876687,0.045377860374342,0.0453778603743419,0.906973927092549,0.999999875234688
1.2650337203959e-07,0.952351380335471,0.00227039095711775,0.0453782287074109,0.0453782287074108,0.90697315162806,0.99999987349728
1.28264983052806e-07,0.952350967506493,0.00227043029876662,0.0453786021947401,0.0453786021947401,0.906972365311753,0.999999871735678
1.30051125217341e-07,0.952350548899824,0.00227047019136413,0.0453789809088116,0.0453789809088115,0.906971567991013,0.999999869949545
1.31862140139475e-07,0.952350124434194,0.00227051064266991,0.0453793649231365,0.0453793649231364,0.906970759511057,0.99999986813854
1.33698374182495e-07,0.952349694027176,0.00227055166055408,0.0453797543122703,0.0453797543122704,0.906969939714905,0.999999866302315
1.35560178532937e-07,0.952349257595173,0.00227059325299891,0.0453801491518279,0.0453801491518279,0.906969108443345,0.99999986444052
1.37447909267754e-07,0.952348815053401,0.00227063542810045,0.0453805495184987,0.0453805495184987,0.906968265534902,0.999999862552799
1.39361927422414e-07,0.952348366315867,0.00227067819407017,0.0453809554900625,0.0453809554900626,0.906967410825805,0.999999860638791
1.41302599059953e-07,0.952347911295358,0.00227072155923665,0.0453813671454052,0.0453813671454051,0.906966544149953,0.999999858698129
1.43270295340983e-07,0.952347449903418,0.00227076553204731,0.0453817845645347,0.0453817845645347,0.906965665338883,0.999999856730444
1.45265392594678e-07,0.952346982050332,0.0022708101210701,0.0453822078285975,0.0453822078285975,0.906964774221735,0.999999854735356
1.4728827239075e-07,0.95234650764511,0.00227085533499533,0.045382637019895,0.0453826370198949,0.906963870625215,0.999999852712487
1.49339321612425e-07,0.952346026595462,0.00227090118263737,0.0453830722219004,0.0453830722219003,0.906962954373562,0.999999850661448
1.51418932530435e-07,0.952345538807788,0.00227094767293656,0.0453835135192757,0.0453835135192757,0.906962025288512,0.999999848581849
1.53527502878042e-07,0.95234504418715,0.00227099481496098,0.0453839609978892,0.0453839609978893,0.90696108318926,0.999999846473289
1.55665435927106e-07,0.952344542637259,0.00227104261790837,0.0453844147448327,0.0453844147448328,0.906960127892426,0.999999844335367
1.57833140565212e-07,0.952344034060452,0.002271091091108,0.0453848748484396,0.0453848748484397,0.906959159212013,0.999999842167673
1.6003103137387e-07,0.952343518357675,0.00227114024402261,0.0453853413983029,0.0453853413983029,0.906958176959372,0.999999839969794
1.62259528707809e-07,0.952342995428456,0.0022711900862504,0.0453858144852938,0.0453858144852938,0.906957180943162,0.999999837741308
1.64519058775366e-07,0.952342465170893,0.00227124062752696,0.0453862942015799,0.0453862942015799,0.906956170969313,0.99999983548179
1.66810053720006e-07,0.952341927481628,0.00227129187772734,0.0453867806406447,0.0453867806406447,0.906955146840983,0.999999833190807
1.69132951702965e-07,0.952341382255825,0.00227134384686809,0.0453872738973065,0.0453872738973066,0.906954108358519,0.999999830867921
1.71488196987054e-07,0.952340829387153,0.00227139654510933,0.0453877740677379,0.0453877740677379,0.906953055319415,0.999999828512688
1.73876240021625e-07,0.952340268767757,0.00227144998275688,0.0453882812494858,0.0453882812494858,0.906951987518272,0.999999826124657
1.7629753752872e-07,0.952339700288244,0.00227150417026441,0.0453887955414915,0.0453887955414914,0.906950904746753,0.999999823703372
1.78752552590424e-07,0.952339123837653,0.00227155911823561,0.045389317044111,0.045389317044111,0.906949806793542,0.99999982124837
1.81241754737424e-07,0.952338539303438,0.00227161483742641,0.045389845859136,0.045389845859136,0.906948693444302,0.999999818759181
1.83765620038817e-07,0.952337946571438,0.00227167133874725,0.0453903820898147,0.0453903820898147,0.906947564481623,0.999999816235328
1.86324631193156e-07,0.952337345525861,0.00227172863326534,0.0453909258408735,0.0453909258408736,0.906946419684988,0.999999813676331
1.88919277620766e-07,0.952336736049255,0.002271786732207,0.0453914772185384,0.0453914772185384,0.906945258830716,0.999999811081697
1.91550055557353e-07,0.952336118022483,0.00227184564695999,0.0453920363305573,0.0453920363305572,0.906944081691925,0.999999808450933
1.94217468148903e-07,0.952335491324702,0.00227190538907594,0.0453926032862223,0.0453926032862223,0.906942888038479,0.999999805783534
1.96922025547917e-07,0.952334855833335,0.00227196597027277,0.0453931781963926,0.0453931781963925,0.906941677636942,0.999999803078991
1.99664245010979e-07,0.952334211424045,0.00227202740243715,0.0453937611735174,0.0453937611735175,0.906940450250528,0.999999800336786
2.0244465099768e-07,0.952333557970713,0.00227208969762702,0.0453943523316595,0.0453943523316596,0.906939205639054,0.999999797556394
2.05263775270925e-07,0.952332895345407,0.00227215286807414,0.0453949517865192,0.0453949517865191,0.906937943558888,0.999999794737284
2.08122156998634e-07,0.952332223418355,0.00227221692618666,0.0453955596554581,0.0453955596554582,0.906936663762897,0.999999791878918
2.1102034285686e-07,0.952331542057924,0.00227228188455178,0.0453961760575243,0.0453961760575243,0.9069353660004,0.999999788980747
2.13958887134342e-07,0.952330851130585,0.00227234775593841,0.0453968011134768,0.0453968011134768,0.906934050017108,0.999999786042218
2.16938351838518e-07,0.952330150500889,0.00227241455329988,0.0453974349458113,0.0453974349458114,0.906932715555077,0.999999783062768
2.19959306803007e-07,0.952329440031438,0.00227248228977668,0.0453980776787856,0.0453980776787856,0.906931362352652,0.999999780041829
2.23022329796594e-07,0.952328719582855,0.0022725509786993,0.045398729438446,0.045398729438446,0.906929990144409,0.999999776978822
2.26128006633728e-07,0.952327989013755,0.00227262063359105,0.0453993903526536,0.0453993903526536,0.906928598661102,0.999999773873161
2.29276931286565e-07,0.952327248180717,0.00227269126817096,0.0454000605511116,0.0454000605511117,0.906927187629606,0.999999770724253
2.32469705998565e-07,0.952326496938251,0.0022727628963567,0.0454007401653925,0.0454007401653924,0.906925756772858,0.999999767531495
2.35706941399673e-07,0.952325735138767,0.00227283553226761,0.0454014293289659,0.0454014293289658,0.906924305809801,0.999999764294276
2.38989256623105e-07,0.952324962632545,0.00227290919022766,0.0454021281772271,0.045402128177227,0.906922834455318,0.999999761011978
2.4231727942376e-07,0.952324179267706,0.00227298388476861,0.0454028368475253,0.0454028368475253,0.906921342420181,0.999999757683973
2.45691646298279e-07,0.952323384890174,0.00227305963063308,0.0454035554791933,0.0454035554791933,0.90691982941098,0.999999754309623
2.49113002606779e-07,0.952322579343645,0.00227313644277777,0.0454042842135768,0.0454042842135768,0.906918295130069,0.999999750888285
2.52582002696278e-07,0.952321762469558,0.00227321433637665,0.0454050231940649,0.0454050231940649,0.906916739275494,0.999999747419302
2.56099310025846e-07,0.952320934107056,0.00227329332682431,0.04540577256612,0.04540577256612,0.906915161540936,0.999999743902014
2.59665597293487e-07,0.952320094092951,0.00227337342973923,0.0454065324773098,0.0454065324773097,0.906913561615641,0.999999740335745
2.63281546564802e-07,0.952319242261695,0.0022734546609672,0.0454073030773381,0.0454073030773381,0.906911939184357,0.999999736719814
2.66947849403432e-07,0.952318378445338,0.00227353703658481,0.0454080845180773,0.0454080845180772,0.906910293927261,0.99999973305353
2.70665207003324e-07,0.952317502473496,0.00227362057290287,0.0454088769536009,0.045408876953601,0.906908625519895,0.999999729336192
2.74434330322837e-07,0.952316614173313,0.00227370528647003,0.0454096805402167,0.0454096805402168,0.906906933633096,0.999999725567088
2.78255940220713e-07,0.952315713369423,0.00227379119407638,0.0454104954365004,0.0454104954365004,0.906905217932923,0.999999721745499
2.82130767593947e-07,0.952314799883913,0.00227387831275715,0.0454113218033296,0.0454113218033296,0.906903478080584,0.999999717870691
2.86059553517574e-07,0.952313873536285,0.00227396665979642,0.045412159803919,0.0454121598039189,0.906901713732366,0.999999713941926
2.90043049386399e-07,0.952312934143414,0.00227405625273093,0.0454130096038553,0.0454130096038553,0.906899924539558,0.999999709958451
2.94082017058707e-07,0.952311981519513,0.00227414710935394,0.0454138713711335,0.0454138713711335,0.906898110148379,0.999999705919504
2.98177229001967e-07,0.952311015476088,0.00227423924771919,0.0454147452761929,0.0454147452761929,0.906896270199895,0.999999701824313
3.02329468440578e-07,0.952310035821901,0.00227433268614485,0.0454156314919545,0.0454156314919544,0.906894404329946,0.999999697672095
3.06539529505652e-07,0.952309042362924,0.00227442744321758,0.0454165301938586,0.0454165301938586,0.906892512169065,0.999999693462056
3.10808217386906e-07,0.9523080349023,0.00227452353779669,0.0454174415599031,0.0454174415599031,0.906890593342397,0.999999689193391
3.15136348486648e-07,0.952307013240299,0.00227462098901832,0.0454183657706824,0.0454183657706824,0.906888647469617,0.999999684865282
3.19524750575921e-07,0.952305977174274,0.00227471981629969,0.0454193030094268,0.0454193030094268,0.906886674164847,0.999999680476903
3.2397426295282e-07,0.952304926498613,0.00227482003934346,0.0454202534620431,0.0454202534620431,0.90688467303657,0.999999676027414
3.28485736603004e-07,0.952303861004703,0.0022749216781421,0.0454212173171549,0.045421217317155,0.906882643687548,0.999999671515963
3.33060034362459e-07,0.952302780480873,0.00227502475298243,0.0454221947661448,0.0454221947661448,0.906880585714728,0.99999966694169
3.37698031082509e-07,0.952301684712354,0.00227512928445014,0.045423186003196,0.0454231860031959,0.906878498709158,0.999999662303717
3.42400613797143e-07,0.95230057348123,0.00227523529343443,0.0454241912253356,0.0454241912253357,0.906876382255894,0.999999657601159
3.47168681892656e-07,0.952299446566389,0.00227534280113274,0.0454252106324783,0.0454252106324784,0.906874235933911,0.999999652833115
3.52003147279668e-07,0.952298303743474,0.00227545182905552,0.0454262444274704,0.0454262444274703,0.906872059316004,0.999999647998675
3.56904934567523e-07,0.952297144784834,0.00227556239903113,0.0454272928161352,0.0454272928161352,0.906869851968698,0.999999643096913
3.61874981241128e-07,0.95229596945947,0.0022756745332108,0.0454283560073189,0.0454283560073189,0.906867613452151,0.999999638126893
3.66914237840249e-07,0.95229477753299,0.00227578825407365,0.0454294342129369,0.0454294342129369,0.906865343320053,0.999999633087663
3.72023668141307e-07,0.952293568767547,0.00227590358443182,0.0454305276480215,0.0454305276480216,0.906863041119525,0.999999627978259
3.77204249341699e-07,0.952292342921794,0.00227602054743574,0.0454316365307702,0.0454316365307702,0.906860706391024,0.999999622797705
3.824569722467e-07,0.952291099750826,0.00227613916657937,0.0454327610825943,0.0454327610825943,0.906858338668232,0.999999617545009
3.87782841458946e-07,0.952289839006125,0.00227625946570564,0.0454339015281692,0.0454339015281693,0.906855937477956,0.999999612219168
3.93182875570577e-07,0.952288560435503,0.00227638146901194,0.0454350580954848,0.0454350580954848,0.906853502340018,0.999999606819162
3.98658107358044e-07,0.952287263783047,0.00227650520105569,0.0454362310158971,0.045436231015897,0.90685103276715,0.999999601343959
4.0420958397963e-07,0.952285948789059,0.00227663068676005,0.0454374205241807,0.0454374205241806,0.906848528264878,0.999999595792511
4.09838367175726e-07,0.952284615189998,0.00227675795141967,0.0454386268585824,0.0454386268585824,0.906845988331416,0.999999590163757
4.15545533471888e-07,0.952283262718419,0.00227688702070663,0.0454398502608746,0.0454398502608746,0.906843412457544,0.999999584456621
4.21332174384729e-07,0.952281891102912,0.00227701792067638,0.0454410909764115,0.0454410909764116,0.906840800126501,0.99999957867001
4.27199396630678e-07,0.952280500068042,0.00227715067777384,0.0454423492541845,0.0454423492541846,0.906838150813857,0.999999572802819
4.33148322337639e-07,0.952279089334281,0.00227728531883964,0.0454436253468796,0.0454436253468795,0.906835463987401,0.999999566853924
4.39180089259609e-07,0.952277658617948,0.00227742187111638,0.0454449195109352,0.0454449195109353,0.906832739107013,0.999999560822189
4.45295850994266e-07,0.952276207631143,0.00227756036225508,0.0454462320066017,0.0454462320066017,0.906829975624541,0.999999554706459
4.5149677720361e-07,0.952274736081677,0.00227770082032173,0.0454475630980009,0.0454475630980009,0.906827172983676,0.999999548505565
4.57784053837662e-07,0.952273243673008,0.00227784327380389,0.0454489130531877,0.0454489130531878,0.906824330619821,0.999999542218322
4.64158883361277e-07,0.95227173010417,0.00227798775161754,0.045450282144212,0.045450282144212,0.906821447959958,0.999999535843525
4.70622484984128e-07,0.952270195069704,0.0022781342831139,0.0454516706471822,0.0454516706471823,0.906818524422522,0.999999529379958
4.77176094893875e-07,0.952268638259584,0.00227828289808648,0.0454530788423295,0.0454530788423294,0.906815559417255,0.999999522826382
4.83820966492596e-07,0.952267059359149,0.00227843362677823,0.0454545070140733,0.0454545070140732,0.906812552345075,0.999999516181545
4.90558370636505e-07,0.952265458049023,0.00227858649988879,0.0454559554510882,0.0454559554510883,0.906809502597935,0.999999509444176
4.97389595879006e-07,0.952263834005046,0.00227874154858193,0.0454574244463717,0.0454574244463718,0.906806409558675,0.999999502612987
5.04315948717136e-07,0.952262186898194,0.00227889880449302,0.0454589142973133,0.0454589142973133,0.90680327260088,0.99999949568667
5.11338753841433e-07,0.952260516394498,0.00227905829973678,0.0454604253057648,0.0454604253057649,0.906800091088734,0.999999488663902
5.18459354389291e-07,0.952258822154973,0.00227922006691507,0.0454619577781118,0.0454619577781118,0.906796864376861,0.999999481543339
5.25679112201842e-07,0.952257103835529,0.0022793841391248,0.0454635120253467,0.0454635120253467,0.906793591810182,0.999999474323619
5.32999408084408e-07,0.952255361086891,0.00227955054996613,0.0454650883631426,0.0454650883631427,0.906790272723749,0.999999467003362
5.40421642070592e-07,0.95225359355452,0.00227971933355062,0.0454666871119291,0.045466687111929,0.906786906442591,0.999999459581166
5.47947233690029e-07,0.952251800878521,0.00227989052450973,0.0454683085969689,0.0454683085969689,0.906783492281553,0.999999452055614
5.55577622239888e-07,0.952249982693561,0.00228006415800331,0.0454699531484359,0.0454699531484359,0.906780029545125,0.999999444425266
5.63314267060135e-07,0.952248138628776,0.00228024026972837,0.0454716211014952,0.0454716211014952,0.906776517527281,0.999999436688662
5.71158647812642e-07,0.952246268307688,0.00228041889592793,0.0454733127963841,0.0454733127963841,0.906772955511304,0.999999428844322
5.79112264764176e-07,0.952244371348106,0.0022806000734001,0.0454750285784944,0.0454750285784943,0.906769342769611,0.999999420890747
5.87176639073326e-07,0.952242447362036,0.00228078383950729,0.0454767687984566,0.0454767687984566,0.906765678563579,0.999999412826415
5.95353313081437e-07,0.952240495955589,0.00228097023218558,0.0454785338122258,0.0454785338122258,0.906761962143363,0.999999404649784
6.03643850607586e-07,0.952238516728877,0.00228115928995434,0.0454803239811687,0.0454803239811687,0.906758192747708,0.999999396359291
6.12049837247669e-07,0.952236509275922,0.00228135105192593,0.0454821396721521,0.0454821396721521,0.90675436960377,0.999999387953348
6.2057288067765e-07,0.95223447318455,0.0022815455578157,0.0454839812576339,0.045483981257634,0.906750491926916,0.99999937943035
6.29214610961035e-07,0.952232408036293,0.00228174284795206,0.045485849115755,0.045485849115755,0.906746558920538,0.999999370788665
6.37976680860628e-07,0.95223031340628,0.00228194296328683,0.0454877436304331,0.0454877436304331,0.906742569775847,0.999999362026641
6.46860766154632e-07,0.952228188863136,0.00228214594540575,0.0454896651914581,0.0454896651914581,0.906738523671678,0.999999353142603
6.55868565957142e-07,0.952226033968871,0.00228235183653924,0.0454916141945902,0.0454916141945902,0.90673441977428,0.99999934413485
6.65001803043112e-07,0.952223848278768,0.00228256067957327,0.0454935910416584,0.0454935910416584,0.90673025723711,0.999999335001662
6.74262224177835e-07,0.952221631341278,0.00228277251806056,0.0454955961406618,0.0454955961406619,0.906726035200616,0.99999932574129
6.83651600451024e-07,0.952219382697895,0.00228298739623189,0.045497629905873,0.0454976299058729,0.906721752792022,0.999999316351963
6.9317172761554e-07,0.95221710188305,0.00228320535900774,0.0454996927579425,0.0454996927579425,0.906717409125107,0.999999306831886
7.02824426430834e-07,0.952214788423984,0.00228342645201004,0.0455017851240062,0.0455017851240062,0.906713003299978,0.999999297179238
7.12611543011174e-07,0.952212441840632,0.00228365072157424,0.0455039074377941,0.0455039074377942,0.906708534402837,0.999999287392173
7.22534949178722e-07,0.952210061645497,0.00228387821476161,0.0455060601397415,0.0455060601397415,0.906704001505755,0.99999927746882
7.32596542821523e-07,0.952207647343526,0.00228410897937173,0.0455082436771024,0.0455082436771025,0.906699403666423,0.999999267407279
7.42798248256491e-07,0.95220519843198,0.00228434306395527,0.0455104585040647,0.0455104585040647,0.906694739927915,0.999999257205628
7.53142016597438e-07,0.952202714400305,0.00228458051782702,0.0455127050818682,0.0455127050818682,0.906690009318437,0.999999246861914
7.63629826128224e-07,0.952200194729997,0.00228482139107919,0.0455149838789243,0.0455149838789243,0.906685210851072,0.99999923637416
7.74263682681128e-07,0.952197638894467,0.00228506573459495,0.0455172953709385,0.0455172953709385,0.906680343523528,0.99999922574036
7.85045620020451e-07,0.952195046358903,0.00228531360006226,0.0455196400410352,0.0455196400410353,0.906675406317867,0.99999921495848
7.95977700231498e-07,0.952192416580128,0.00228556503998801,0.0455220183798845,0.0455220183798845,0.906670398200243,0.999999204026458
8.07062014114951e-07,0.952189749006455,0.00228582010771235,0.0455244308858325,0.0455244308858325,0.906665318120623,0.999999192942203
8.18300681586739e-07,0.952187043077544,0.00228607885742346,0.0455268780650329,0.0455268780650329,0.906660165012511,0.999999181703595
8.29695852083491e-07,0.952184298224245,0.00228634134417249,0.0455293604315826,0.0455293604315825,0.906654937792662,0.999999170308485
8.41249704973612e-07,0.952181513868453,0.00228660762388887,0.0455318785076586,0.0455318785076586,0.906649635360794,0.999999158754693
8.52964449974102e-07,0.952178689422945,0.00228687775339594,0.0455344328236589,0.0455344328236589,0.906644256599286,0.999999147040011
8.64842327573173e-07,0.952175824291228,0.00228715179042688,0.0455370239183454,0.0455370239183455,0.906638800372882,0.999999135162197
8.76885609458743e-07,0.952172917867369,0.00228742979364098,0.0455396523389899,0.0455396523389899,0.906633265528379,0.999999123118979
8.89096598952917e-07,0.952169969535836,0.00228771182264028,0.0455423186415236,0.0455423186415235,0.906627650894313,0.999999110908054
9.01477631452492e-07,0.952166978671325,0.00228799793798649,0.0455450233906884,0.0455450233906884,0.906621955280637,0.999999098527088
9.14031074875622e-07,0.952163944638589,0.00228828820121833,0.0455477671601928,0.0455477671601929,0.906616177478396,0.999999085973711
9.26759330114688e-07,0.952160866792261,0.00228858267486921,0.04555055053287,0.0455505505328699,0.906610316259391,0.999999073245524
9.39664831495469e-07,0.952157744476675,0.0022888814224853,0.0455533741008393,0.0455533741008393,0.906604370375836,0.999999060340091
9.5275004724273e-07,0.952154577025685,0.00228918450864399,0.0455562384656712,0.0455562384656713,0.906598338560014,0.999999047254946
9.66017479952265e-07,0.952151363762471,0.00228949199897268,0.0455591442385561,0.045559144238556,0.906592219523915,0.999999033987584
9.79469667069539e-07,0.952148103999356,0.00228980396016808,0.0455620920404757,0.0455620920404757,0.906586011958881,0.999999020535469
9.9310918137498e-07,0.952144797037605,0.00229012046001586,0.0455650825023788,0.0455650825023789,0.906579714535226,0.999999006896027
1.00693863147603e-06,0.952141442167229,0.00229044156741071,0.0455681162653605,0.0455681162653605,0.906573325901868,0.999998993066651
1.02096066230605e-06,0.952138038666778,0.0022907673523769,0.0455711939808451,0.0455711939808451,0.906566844685933,0.999998979044695
1.03517795563018e-06,0.952134585803138,0.00229109788608926,0.0455743163107726,0.0455743163107726,0.906560269492366,0.999998964827478
1.04959323055823e-06,0.952131082831315,0.00229143324089457,0.0455774839277903,0.0455774839277904,0.906553598903525,0.999998950412281
1.06420924406472e-06,0.952127528994219,0.00229177349033354,0.045580697515447,0.045580697515447,0.906546831478772,0.999998935796345
1.07902879151618e-06,0.952123923522444,0.00229211870916313,0.0455839577683924,0.0455839577683924,0.906539965754052,0.999998920976877
1.09405470720574e-06,0.95212026563404,0.00229246897337951,0.0455872653925805,0.0455872653925805,0.906533000241459,0.999998905951043
1.10928986489522e-06,0.952116554534281,0.00229282436024143,0.0455906211054772,0.0455906211054772,0.906525933428804,0.999998890715967
1.12473717836475e-06,0.952112789415433,0.00229318494829416,0.0455940256362728,0.0455940256362728,0.90651876377916,0.999998875268736
1.14039960197003e-06,0.952108969456507,0.00229355081739395,0.0455974797260987,0.0455974797260987,0.906511489730409,0.999998859606397
1.15628013120738e-06,0.952105093823018,0.0022939220487331,0.0456009841282494,0.0456009841282493,0.906504109694768,0.999998843725953
1.1723818032866e-06,0.952101161666726,0.00229429872486549,0.0456045396084088,0.0456045396084088,0.906496622058317,0.999998827624368
1.1887076977119e-06,0.952097172125385,0.00229468092973281,0.0456081469448821,0.045608146944882,0.906489025180503,0.999998811298561
1.20526093687084e-06,0.952093124322477,0.00229506874869134,0.0456118069288322,0.0456118069288322,0.906481317393644,0.999998794745412
1.22204468663149e-06,0.952089017366939,0.00229546226853931,0.0456155203645218,0.0456155203645219,0.906473497002417,0.999998777961753
1.23906215694792e-06,0.952084850352894,0.00229586157754499,0.0456192880695613,0.0456192880695614,0.906465562283332,0.999998760944374
1.25631660247412e-06,0.952080622359363,0.00229626676547535,0.0456231108751612,0.0456231108751612,0.906457511484202,0.999998743690022
1.27381132318648e-06,0.952076332449983,0.00229667792362543,0.0456269896263913,0.0456269896263913,0.906449342823592,0.999998726195396
1.29154966501488e-06,0.952071979672707,0.00229709514484836,0.0456309251824452,0.0456309251824452,0.906441054490261,0.99999870845715
1.30953502048267e-06,0.952067563059503,0.00229751852358619,0.0456349184169111,0.0456349184169111,0.906432644642592,0.999998690471892
1.32777082935543e-06,0.95206308162605,0.00229794815590131,0.0456389702180484,0.0456389702180484,0.906424111408002,0.999998672236182
1.34626057929891e-06,0.95205853437142,0.00229838413950872,0.0456430814890718,0.0456430814890718,0.906415452882348,0.999998653746533
1.36500780654601e-06,0.952053920277751,0.00229882657380906,0.04564725314844,0.0456472531484401,0.906406667129311,0.999998634999407
1.38401609657313e-06,0.952049238309924,0.0022992755599224,0.0456514861301536,0.0456514861301536,0.90639775217977,0.99999861599122
1.40328908478587e-06,0.95204448741522,0.00229973120072288,0.0456557813840576,0.0456557813840576,0.906388706031162,0.999998596718337
1.42283045721435e-06,0.952039666522973,0.00230019360087418,0.0456601398761528,0.0456601398761528,0.90637952664682,0.999998577177071
1.44264395121816e-06,0.95203477454422,0.00230066286686584,0.0456645625889136,0.0456645625889137,0.906370211955307,0.999998557363685
1.46273335620113e-06,0.952029810371336,0.00230113910705051,0.0456690505216138,0.0456690505216137,0.906360759849722,0.999998537274389
1.4831025143361e-06,0.952024772877658,0.00230162243168212,0.0456736046906596,0.0456736046906596,0.906351168186999,0.999998516905342
1.50375532129974e-06,0.952019660917114,0.00230211295295492,0.0456782261299313,0.0456782261299313,0.906341434787182,0.999998496252648
1.52469572701758e-06,0.952014473323823,0.00230261078504359,0.0456829158911331,0.0456829158911332,0.90633155743269,0.999998475312357
1.54592773641948e-06,0.952009208911705,0.00230311604414431,0.0456876750441507,0.0456876750441507,0.906321533867554,0.999998454080464
1.5674554102056e-06,0.952003866474065,0.00230362884851688,0.0456925046774185,0.0456925046774186,0.906311361796646,0.999998432552908
1.58928286562298e-06,0.951998444783177,0.00230414931852787,0.0456974058982952,0.0456974058982953,0.906301038884882,0.999998410725572
1.61141427725302e-06,0.951992942589856,0.00230467757669492,0.045702379833449,0.045702379833449,0.906290562756407,0.999998388594282
1.63385387780986e-06,0.951987358623016,0.00230521374773213,0.045707427629252,0.0457074276292521,0.906279930993764,0.999998366154804
1.65660595894992e-06,0.951981691589219,0.00230575795859666,0.0457125504521848,0.0457125504521848,0.906269141137034,0.999998343402848
1.67967487209265e-06,0.951975940172213,0.00230631033853649,0.0457177494892508,0.0457177494892509,0.906258190682962,0.999998320334062
1.70306502925284e-06,0.951970103032459,0.00230687101913945,0.0457230259484012,0.0457230259484013,0.906247077084058,0.999998296944034
1.72678090388436e-06,0.951964178806646,0.00230744013438353,0.0457283810589706,0.0457283810589705,0.906235797747675,0.99999827322829
1.75082703173573e-06,0.951958166107188,0.00230801782068851,0.0457338160721237,0.0457338160721238,0.906224350035064,0.999998249182295
1.77520801171764e-06,0.951952063521717,0.00230860421696891,0.0457393322613137,0.0457393322613138,0.906212731260404,0.99999822480145
1.79992850678248e-06,0.95194586961256,0.00230919946468845,0.0457449309227516,0.0457449309227517,0.906200938689808,0.999998200081091
1.82499324481615e-06,0.951939582916195,0.00230980370791587,0.0457506133758889,0.0457506133758889,0.906188969540306,0.999998175016492
1.8504070195423e-06,0.951933201942706,0.00231041709338224,0.0457563809639114,0.0457563809639114,0.906176820978795,0.999998149602858
1.87617469143912e-06,0.951926725175213,0.00231103977053995,0.0457622350542473,0.0457622350542474,0.906164490120965,0.999998123835329
1.90230118866895e-06,0.951920151069289,0.00231167189162311,0.0457681770390877,0.0457681770390878,0.906151974030201,0.999998097708977
1.92879150802078e-06,0.951913478052369,0.00231231361170976,0.0457742083359209,0.0457742083359208,0.906139269716449,0.999998071218805
1.95565071586595e-06,0.951906704523133,0.00231296508878569,0.0457803303880812,0.0457803303880813,0.906126374135052,0.999998044359747
1.98288394912707e-06,0.951899828850877,0.00231362648381011,0.0457865446653126,0.0457865446653126,0.906113284185565,0.999998017126665
2.0104964162605e-06,0.95189284937487,0.00231429796078302,0.0457928526643466,0.0457928526643466,0.906099996710524,0.999997989514352
2.03849339825246e-06,0.951885764403689,0.00231497968681458,0.0457992559094968,0.0457992559094968,0.906086508494192,0.999997961517526
2.06688024962908e-06,0.951878572214535,0.00231567183219637,0.045805755953269,0.045805755953269,0.906072816261266,0.999997933130834
2.09566239948043e-06,0.951871271052537,0.00231637457047466,0.0458123543769879,0.0458123543769879,0.906058916675549,0.999997904348845
2.12484535249888e-06,0.951863859130033,0.00231708807852581,0.0458190527914413,0.0458190527914413,0.906044806338592,0.999997875166056
2.15443469003189e-06,0.951856334625824,0.00231781253663376,0.045825852837542,0.0458258528375419,0.906030481788282,0.999997845576884
2.18443607114943e-06,0.951848695684422,0.00231854812856977,0.0458327561870082,0.0458327561870082,0.906015939497414,0.999997815575672
2.21485523372636e-06,0.951840940415263,0.0023192950416745,0.0458397645430628,0.0458397645430628,0.9060011758722,0.99999778515668
2.24569799553977e-06,0.951833066891905,0.00232005346694247,0.0458468796411521,0.0458468796411522,0.905986187250753,0.999997754314092
2.27697025538168e-06,0.951825073151205,0.0023208235991089,0.0458541032496857,0.0458541032496858,0.90597096990152,0.999997723042009
2.30867799418717e-06,0.951816957192464,0.00232160563673927,0.0458614371707965,0.0458614371707966,0.905955520021668,0.999997691334449
2.34082727617829e-06,0.951808716976556,0.00232239978232138,0.045868883241123,0.0458688832411229,0.905939833735433,0.999997659185349
2.37342425002387e-06,0.951800350425026,0.00232320624236023,0.045876443332614,0.045876443332614,0.905923907092412,0.99999762658856
2.40647515001542e-06,0.951791855419167,0.00232402522747577,0.0458841193533569,0.0458841193533569,0.90590773606581,0.999997593537848
2.43998629725955e-06,0.951783229799067,0.0023248569525035,0.0458919132484297,0.0458919132484297,0.905891316550637,0.999997560026891
2.47396410088682e-06,0.951774471362623,0.00232570163659823,0.0458998270007785,0.0458998270007785,0.905874644361845,0.999997526049281
2.50841505927754e-06,0.951765577864539,0.00232655950334095,0.0459078626321203,0.0459078626321203,0.905857715232418,0.999997491598518
2.54334576130465e-06,0.951756547015277,0.00232743078084899,0.0459160222038737,0.0459160222038738,0.905840524811404,0.999997456668016
2.5787628875938e-06,0.951747376479994,0.00232831570188962,0.0459243078181164,0.0459243078181164,0.905823068661878,0.999997421251092
2.61467321180109e-06,0.951738063877431,0.00232921450399713,0.0459327216185721,0.0459327216185721,0.905805342258859,0.999997385340973
2.65108360190854e-06,0.951728606778779,0.00233012742959365,0.0459412657916269,0.0459412657916269,0.905787340987153,0.999997348930792
2.68800102153761e-06,0.951719002706509,0.0023310547261137,0.0459499425673777,0.0459499425673776,0.905769060139131,0.999997312013584
2.72543253128103e-06,0.951709249133156,0.00233199664613278,0.0459587542207113,0.0459587542207112,0.905750494912445,0.99999727458229
2.76338529005317e-06,0.951699343480082,0.00233295344749996,0.0459677030724182,0.0459677030724183,0.905731640407664,0.99999723662975
2.8018665564592e-06,0.951689283116185,0.00233392539347485,0.0459767914903406,0.0459767914903406,0.905712491625844,0.999997198148706
2.84088369018331e-06,0.951679065356575,0.00233491275286893,0.045986021890556,0.045986021890556,0.905693043466019,0.999997159131798
2.8804441533963e-06,0.95166868746121,0.00233591580019148,0.0459953967385984,0.0459953967385985,0.905673290722612,0.999997119571564
2.92055551218274e-06,0.951658146633481,0.00233693481580035,0.046004918550719,0.0460049185507191,0.905653228082762,0.999997079460438
2.96122543798803e-06,0.951647440018757,0.00233797008605764,0.0460145898951858,0.0460145898951858,0.905632850123571,0.999997038790748
3.00246170908555e-06,0.951636564702883,0.00233902190349063,0.0460244133936261,0.0460244133936261,0.905612151309257,0.999996997554717
3.04427221206431e-06,0.951625517710629,0.00234009056695804,0.0460343917224125,0.0460343917224125,0.905591125988217,0.999996955744458
3.08666494333727e-06,0.951614296004085,0.0023411763818219,0.0460445276140934,0.0460445276140935,0.905569768389991,0.999996913351975
3.12964801067075e-06,0.951602896481003,0.00234227966012528,0.0460548238588713,0.0460548238588714,0.905548072622132,0.99999687036916
3.17322963473497e-06,0.951591315973094,0.00234340072077606,0.0460652833061296,0.0460652833061296,0.905526032666965,0.999996826787791
3.21741815067637e-06,0.951579551244252,0.00234453988973705,0.0460759088660106,0.0460759088660107,0.905503642378242,0.999996782599535
3.26222200971167e-06,0.951567598988731,0.0023456975002227,0.0460867035110461,0.046086703511046,0.905480895477685,0.99999673779594
3.30764978074424e-06,0.951555455829254,0.00234687389290263,0.0460976702778437,0.0460976702778436,0.90545778555141,0.999996692368437
3.35371015200293e-06,0.951543118315058,0.00234806941611237,0.0461088122688299,0.04610881226883,0.905434306046228,0.999996646308339
3.4004119327037e-06,0.951530582919875,0.00234928442607154,0.0461201326540537,0.0461201326540537,0.905410450265821,0.999996599606835
3.44776405473446e-06,0.951517846039838,0.00235051928710977,0.0461316346730518,0.0461316346730518,0.905386211366787,0.999996552254994
3.49577557436328e-06,0.951504903991319,0.00235177437190084,0.0461433216367796,0.0461433216367796,0.90536158235454,0.99999650424376
3.54445567397044e-06,0.951491753008685,0.00235305006170514,0.0461551969296094,0.0461551969296093,0.905336556079076,0.999996455563951
3.59381366380463e-06,0.95147838924198,0.00235434674662112,0.046167264011399,0.0461672640113989,0.905311125230581,0.999996406206257
3.64385898376354e-06,0.951464808754519,0.00235566482584588,0.0461795264196348,0.0461795264196347,0.905285282334884,0.999996356161236
3.6946012051993e-06,0.951451007520403,0.00235700470794541,0.0461919877716514,0.0461919877716513,0.905259019748752,0.99999630541932
3.746050032749e-06,0.951436981421934,0.00235836681113498,0.0462046517669309,0.0462046517669309,0.905232329655003,0.999996253970802
3.79821530619074e-06,0.951422726246943,0.00235975156356994,0.0462175221894873,0.0462175221894873,0.905205204057456,0.999996201805844
3.85110700232557e-06,0.951408237686015,0.00236115940364764,0.0462306029103371,0.0462306029103372,0.905177634775678,0.999996148914468
3.90473523688556e-06,0.951393511329617,0.0023625907803208,0.0462438978900626,0.0462438978900627,0.905149613439554,0.999996095286559
3.95911026646846e-06,0.951378542665107,0.00236404615342297,0.0462574111814697,0.0462574111814696,0.905121131483638,0.99999604091186
4.01424249049933e-06,0.951363327073647,0.00236552599400658,0.0462711469323467,0.0462711469323467,0.9050921801413,0.999995985779972
4.07014245321944e-06,0.951347859826979,0.00236703078469418,0.0462851093883271,0.0462851093883271,0.905062750438652,0.999995929880351
4.12682084570295e-06,0.951332136084094,0.00236856102004356,0.0462993028958621,0.046299302895862,0.905032833188232,0.999995873202306
4.18428850790158e-06,0.951316150887765,0.00237011720692729,0.0463137319053076,0.0463137319053075,0.905002418982458,0.999995815734997
4.24255643071778e-06,0.951299899160942,0.0023716998649275,0.0463284009741309,0.0463284009741308,0.904971498186811,0.999995757467434
4.3016357581068e-06,0.95128337570301,0.00237330952674656,0.0463433147702436,0.0463433147702437,0.904940060932766,0.999995698388471
4.36153778920801e-06,0.9512665751859,0.00237494673863449,0.0463584780754658,0.0463584780754659,0.904908097110434,0.999995638486812
4.4222739805059e-06,0.951249492150038,0.00237661206083387,0.0463738957891284,0.0463738957891284,0.904875596360909,0.999995577750998
4.48385594802118e-06,0.951232121000137,0.00237830606804314,0.0463895729318202,0.0463895729318203,0.904842548068316,0.999995516169414
4.5462954695324e-06,0.951214456000814,0.00238002934989925,0.0464055146492871,0.0464055146492871,0.904808941351527,0.999995453730283
4.60960448682844e-06,0.951196491272029,0.00238178251148063,0.0464217262164901,0.0464217262164901,0.904774765055539,0.999995390421663
4.67379510799246e-06,0.951178220784337,0.00238356617383144,0.0464382130418315,0.0464382130418315,0.904740007742506,0.999995326231446
4.73887960971765e-06,0.951159638353935,0.0023853809745083,0.0464549806715564,0.0464549806715564,0.904704657682379,0.999995261147355
4.80487043965512e-06,0.95114073763751,0.00238722756815059,0.0464720347943391,0.0464720347943391,0.904668702843171,0.999995195156942
4.87178021879463e-06,0.95112151212686,0.00238910662707564,0.046489381246064,0.0464893812460641,0.904632130880796,0.999995128247589
4.93962174387833e-06,0.95110195514329,0.00239101884190003,0.0465070260148102,0.0465070260148102,0.90459492912848,0.999995060406496
5.00840798984821e-06,0.951082059831759,0.0023929649221884,0.0465249752460522,0.0465249752460521,0.904557084585707,0.99999499162069
5.07815211232767e-06,0.951061819154783,0.00239494559713141,0.0465432352480857,0.0465432352480857,0.904518583906697,0.999994921877015
5.14886745013749e-06,0.951041225886053,0.00239696161625419,0.0465618124976931,0.0465618124976931,0.90447941338836,0.999994851162132
5.22056752784698e-06,0.951020272603784,0.00239901375015709,0.0465807136460592,0.0465807136460593,0.904439558957724,0.999994779462518
5.29326605836057e-06,0.950998951683757,0.00240110279129061,0.0465999455249526,0.0465999455249527,0.904399006158804,0.999994706764459
5.36697694554048e-06,0.950977255292048,0.00240322955476617,0.0466195151531859,0.046619515153186,0.904357740138862,0.999994633054051
5.44171428686589e-06,0.950955175377424,0.00240539487920495,0.0466394297433712,0.0466394297433711,0.904315745634053,0.999994558317198
5.51749237612912e-06,0.950932703663386,0.0024075996276269,0.0466596967089867,0.0466596967089867,0.9042730069544,0.999994482539606
5.59432570616938e-06,0.950909831639845,0.00240984468838227,0.0466803236717725,0.0466803236717726,0.904229507968073,0.999994405706782
5.67222897164455e-06,0.950886550554398,0.00241213097612798,0.046701318469474,0.046701318469474,0.904185232084924,0.999994327804032
5.75121707184161e-06,0.950862851403196,0.00241445943285166,0.0467226891639525,0.0467226891639525,0.904140162239243,0.999994248816455
5.83130511352622e-06,0.950838724921368,0.00241683102894611,0.0467444440496858,0.0467444440496857,0.904094280871682,0.999994168728948
5.91250841383187e-06,0.950814161572983,0.00241924676433713,0.0467665916626797,0.0467665916626796,0.904047569910304,0.999994087526191
5.99484250318941e-06,0.950789151540515,0.002421707669668,0.0467891407898169,0.0467891407898169,0.904000010750698,0.999994005192654
6.07832312829724e-06,0.950763684713788,0.00242421480754414,0.046812100478668,0.0468121004786679,0.90395158423512,0.999993921712593
6.16296625513294e-06,0.950737750678366,0.0024267692738415,0.0468354800477926,0.0468354800477926,0.903902270630573,0.99999383707004
6.24878807200689e-06,0.950711338703355,0.00242937219908286,0.0468592890975622,0.0468592890975621,0.903852049605793,0.999993751248807
6.33580499265824e-06,0.950684437728579,0.00243202474988614,0.0468835375215352,0.0468835375215353,0.903800900207043,0.999993664232482
6.42403365939419e-06,0.950657036351091,0.00243472813048942,0.04690823551842,0.04690823551842,0.903748800832671,0.999993576004422
6.51349094627281e-06,0.95062912281098,0.00243748358435759,0.0469333936046625,0.0469333936046624,0.903695729206317,0.999993486547753
6.60419396233031e-06,0.950600684976426,0.00244029239587593,0.0469590226276985,0.0469590226276985,0.903641662348727,0.999993395845366
6.69616005485322e-06,0.950571710327949,0.00244315589213637,0.0469851337799146,0.0469851337799146,0.903586576548034,0.999993303879915
6.7894068126961e-06,0.950542185941815,0.00244607544482263,0.0470117386133622,0.0470117386133622,0.903530447328453,0.99999321063381
6.8839520696455e-06,0.950512098472522,0.0024490524722008,0.047038849055277,0.0470388490552769,0.903473249417245,0.999993116089219
6.97981390783067e-06,0.950481434134322,0.00245208844122273,0.0470664774244559,0.0470664774244559,0.903414956709866,0.99999302022806
7.07701066118189e-06,0.950450178681699,0.00245518486974988,0.0470946364485506,0.0470946364485507,0.903355542233149,0.999992923031999
7.17556091893692e-06,0.950418317388753,0.00245834332890605,0.047123339282341,0.047123339282341,0.903294978106412,0.999992824482446
7.27548352919622e-06,0.950385835027377,0.00246156544556818,0.047152599527055,0.047152599527055,0.903233235500322,0.999992724560555
7.37679760252773e-06,0.950352715844184,0.00246485290500507,0.0471824312508114,0.0471824312508113,0.903170284593372,0.999992623247215
7.47952251562183e-06,0.950318943536063,0.00246820745367462,0.0472128490102619,0.0472128490102619,0.903106094525802,0.99999252052305
7.58367791499719e-06,0.950284501224286,0.00247163090219147,0.0472438678735226,0.0472438678735225,0.903040633350763,0.999992416368413
7.68928372075831e-06,0.950249371427035,0.00247512512847747,0.047275503444487,0.0472755034444869,0.902973867982549,0.999992310763385
7.79636013040524e-06,0.950213536030268,0.00247869208110877,0.0473077718886233,0.0473077718886233,0.902905764141645,0.99999220368777
7.90492762269642e-06,0.950176976256758,0.00248233378287473,0.0473406899603678,0.0473406899603677,0.90283628629639,0.999992095121087
8.01500696156541e-06,0.9501396726332,0.0024860523345647,0.0473742750322356,0.0473742750322357,0.902765397600964,0.999991985042575
8.12661920009195e-06,0.950101604955218,0.00248984991900079,0.0474085451257811,0.0474085451257811,0.902693059829437,0.99999187343118
8.23978568452851e-06,0.950062752250112,0.00249372880533599,0.0474435189445521,0.047443518944552,0.90261923330556,0.999991760265556
8.35452805838287e-06,0.950023092737164,0.00249769135363902,0.0474792159091973,0.0474792159091973,0.902543876827966,0.999991645524061
8.4708682665574e-06,0.949982603785312,0.00250174001978942,0.0475156561948984,0.0475156561948984,0.902466947590414,0.99999152918475
8.58882855954626e-06,0.949941261867974,0.00250587736070836,0.0475528607713174,0.0475528607713174,0.902388401096657,0.999991411225373
8.70843149769072e-06,0.949899042514779,0.00251010603995358,0.0475908514452672,0.0475908514452672,0.902308191069512,0.999991291623371
8.82969995549408e-06,0.949855920259957,0.0025144288337093,0.0476296509063339,0.0476296509063339,0.902226269353623,0.999991170355869
8.9526571259964e-06,0.949811868587093,0.00251884863720541,0.0476692827757021,0.047669282775702,0.902142585811391,0.999991047399675
9.07732652521022e-06,0.949766859869935,0.00252336847160345,0.0477097716584617,0.0477097716584617,0.902057088211473,0.999990922731274
9.20373199661823e-06,0.949720865308908,0.00252799149139125,0.0477511431997007,0.0477511431997006,0.901969722109207,0.999990796326822
9.33189771573324e-06,0.949673854862945,0.002532720992332,0.0477934241447227,0.0477934241447227,0.901880430718223,0.999990668162145
9.46184819472199e-06,0.949625797176218,0.00253756042001896,0.0478366424037635,0.0478366424037635,0.901789154772454,0.999990538212732
9.59360828709315e-06,0.949576659499286,0.00254251337909235,0.0478808271216215,0.0478808271216214,0.901695832377665,0.999990406453729
9.72720319245054e-06,0.949526407604156,0.00254758364318131,0.0479260087526623,0.0479260087526623,0.901600398851494,0.999990272859939
9.86265846131283e-06,0.949475005692649,0.00255277516564106,0.0479722191417101,0.0479722191417102,0.901502786550939,0.99999013740581
1e-05,0.94942241629744,0.0025580920911633,0.048019491611397,0.048019491611397,0.901402924686043,0.999990000065438
1.01392540755881e-05,0.949368600175047,0.00256353876834725,0.0480678610566061,0.0480678610566061,0.901300739118441,0.999989860812557
1.02804473209331e-05,0.949313516189948,0.00256911976332893,0.0481173640467232,0.0481173640467231,0.901196152143225,0.999989719620534
1.0423606739764e-05,0.949257121188929,0.00257483987457846,0.0481680389364929,0.0481680389364928,0.901089082252436,0.999989576462367
1.05687597118481e-05,0.949199369864634,0.00258070414898842,0.0482199259863777,0.0482199259863777,0.900979443878256,0.999989431310677
1.07159339982267e-05,0.949140214607182,0.00258671789939195,0.0482730674934265,0.0482730674934265,0.900867147113755,0.999989284137703
1.08651577465254e-05,0.949079605342542,0.00259288672366741,0.0483275079337907,0.0483275079337907,0.900752097408751,0.999989134915301
1.10164594963366e-05,0.949017489356222,0.00259921652560634,0.048383294118172,0.0483832941181719,0.90063419523805,0.99998898361493
1.11698681846782e-05,0.948953811100599,0.00260571353774571,0.0484404753616557,0.0484404753616556,0.900513335738943,0.999988830207656
1.13254131515281e-05,0.948888511984024,0.00261238434639256,0.0484991036695832,0.0484991036695832,0.900389408314441,0.999988674664139
1.14831241454351e-05,0.948821530139558,0.00261923591910089,0.0485592339413407,0.0485592339413408,0.900262296198218,0.999988516954633
1.16430313292088e-05,0.948752800170892,0.00262627563489779,0.0486209241942107,0.0486209241942106,0.900131875976681,0.999988357048977
1.18051652856881e-05,0.948682252872663,0.00263351131759875,0.0486842358097387,0.0486842358097388,0.899998017062924,0.999988194916588
1.19695570235904e-05,0.948609814921965,0.00264095127260283,0.0487492338054317,0.0487492338054317,0.899860581116534,0.99998803052646
1.21362379834424e-05,0.948535408537356,0.00264860432761754,0.0488159871350269,0.048815987135027,0.899719421402329,0.999987863847154
1.23052400435926e-05,0.948458951101096,0.00265647987783324,0.0488845690210711,0.0488845690210712,0.899574382080024,0.999987694846793
1.24765955263087e-05,0.94838035473971,0.00266458793614982,0.0489550573241397,0.0489550573241397,0.899425297415571,0.999987523493058
1.2650337203959e-05,0.948299525857116,0.0026729391891564,0.0490275349537273,0.0490275349537272,0.899271990903389,0.999987349753178
1.28264983052806e-05,0.948216364613643,0.00268154505968226,0.0491020903266751,0.0491020903266751,0.899114274286968,0.999987173593926
1.30051125217341e-05,0.948130764343124,0.00269041777687737,0.0491788178799988,0.0491788178799987,0.898951946463125,0.999986994981614
1.31862140139475e-05,0.948042610898869,0.00269957045494947,0.0492578186461814,0.0492578186461814,0.898784792252688,0.999986813882083
1.33698374182495e-05,0.947951781917669,0.00270901718188874,0.0493392009004421,0.0493392009004421,0.898612581017227,0.9999866302607
1.35560178532937e-05,0.947858145988995,0.00271877311975809,0.0494230808912472,0.0494230808912473,0.898435065097748,0.999986444082349
1.37447909267754e-05,0.9477615617141,0.00272885461842919,0.049509583667471,0.049509583667471,0.898251978046629,0.999986255311426
1.39361927422414e-05,0.947661876636751,0.00273927934501431,0.0495988440182342,0.0495988440182342,0.898063032618517,0.99998606391183
1.41302599059953e-05,0.94755892602362,0.0027500664317006,0.0496910075446792,0.0496910075446793,0.897867918478941,0.999985869846959
1.43270295340983e-05,0.947452531467793,0.00276123664525996,0.0497862318869471,0.0497862318869471,0.897666299580846,0.999985673079701
1.45265392594678e-05,0.947342499283167,0.00277281258221516,0.0498846881346178,0.0498846881346178,0.897457811148549,0.999985473572428
1.4728827239075e-05,0.947228618650318,0.00278481889453191,0.0499865624551497,0.0499865624551498,0.897242056195169,0.999985271286986
1.49339321612425e-05,0.947110659465373,0.00279728255183282,0.0500920579827939,0.0500920579827938,0.89701860148258,0.999985066184694
1.51418932530435e-05,0.946988369831861,0.00281023314756547,0.0502013970205734,0.0502013970205735,0.896786972811288,0.999984858226329
1.53527502878042e-05,0.946861473120674,0.00282370325840447,0.0503148236209213,0.0503148236209213,0.896546649499753,0.999984647372124
1.55665435927106e-05,0.946729664504021,0.00283772886856433,0.0504326066274149,0.050432606627415,0.896297057876606,0.99998443358176
1.57833140565212e-05,0.946592606844069,0.0028523498738388,0.0505550432820923,0.0505550432820924,0.896037563561977,0.999984216814355
1.6003103137387e-05,0.946449925783707,0.00286761068433409,0.0506824635319588,0.0506824635319589,0.895767462251748,0.999983997028459
1.62259528707809e-05,0.946301203842388,0.00288356095041426,0.050815235207198,0.0508152352071979,0.89548596863519,0.999983774182047
1.64519058775366e-05,0.946145973259939,0.00290025644388559,0.0509537702961753,0.0509537702961752,0.895192202963764,0.999983548232507
1.66810053720006e-05,0.945983707248992,0.00291776013673353,0.0510985326142743,0.0510985326142743,0.894885174634718,0.999983319136639
1.69132951702965e-05,0.945813809202545,0.00293614353401261,0.0512500472634429,0.0512500472634428,0.894563761939102,0.999983086850638
1.71488196987054e-05,0.945635599242401,0.00295548833763595,0.0514089124199631,0.0514089124199631,0.894226686822438,0.999982851330095
1.73876240021625e-05,0.945448297263951,0.00297588854668989,0.0515758141893595,0.0515758141893595,0.893872483074591,0.999982612529981
1.7629753752872e-05,0.945251001296826,0.00299745314206309,0.0517515455611112,0.0517515455611112,0.893499455735714,0.999982370404646
1.78752552590424e-05,0.945042659500999,0.0030203095659931,0.0519370309330078,0.0519370309330078,0.893105628567991,0.999982124907804
1.81241754737424e-05,0.944822033356652,0.00304460830285135,0.0521333583404962,0.0521333583404961,0.892688675016156,0.999981875992531
1.83765620038817e-05,0.944587648417457,0.00307052901708859,0.0523418225654543,0.0523418225654543,0.892245825852003,0.999981623611253
1.86324631193156e-05,0.94433772708669,0.00309828894488765,0.0525639839684221,0.0525639839684222,0.891773743118268,0.999981367715741
1.88919277620767e-05,0.944070094703694,0.00312815463598706,0.0528017506603186,0.0528017506603187,0.891268344043376,0.999981108257102
1.91550055557353e-05,0.943782044758547,0.00316045883238076,0.0530574964090722,0.0530574964090721,0.890724548349475,0.999980845185774
1.94217468148902e-05,0.943470139196029,0.00319562551561394,0.0533342352883571,0.0533342352883571,0.890135903907672,0.999980578451521
1.96922025547917e-05,0.943129901055969,0.00323420852035142,0.0536358904236792,0.0536358904236792,0.88949401063229,0.999980308003428
1.99664245010979e-05,0.94275531886225,0.00327695389969652,0.053967727238053,0.0539677272380531,0.888787591624197,0.999980033789907
2.02444650997681e-05,0.942337999525679,0.00332490669618249,0.0543370937781382,0.0543370937781382,0.888000905747541,0.999979755758703
2.05263775270925e-05,0.941865607384127,0.00337960802078617,0.0547547845950866,0.0547547845950865,0.887110822789041,0.99997947385692
2.08122156998634e-05,0.941318680918157,0.00344349764653617,0.0552378214353065,0.0552378214353065,0.886080859482851,0.999979188031085
2.1102034285686e-05,0.94066312452837,0.00352086525368188,0.055816010217948,0.055816010217948,0.884847114310422,0.999978898227305
2.13958887134342e-05,0.939827883158961,0.00362068414063601,0.0565514327004027,0.0565514327004027,0.883276450458559,0.999978604391773
2.16938351838519e-05,0.938599624960519,0.00377000659826512,0.0576303684412158,0.0576303684412157,0.880969256519303,0.99997830647315
