1.88919277620766e-07,0.219645811340904,0.608952664827475,0.342803047663243,0.0482442875092827,0.999999881136401
1.91550055557353e-07,0.205501802809887,0.631227390173116,0.326541614033993,0.0422309957928909,0.999999884772684
1.94217468148903e-07,0.195042357723263,0.647956810512685,0.314001663528103,0.0380415259592113,0.999999887324353
1.96922025547917e-07,0.186469965468503,0.66183112158363,0.303397825895736,0.0347710525206347,0.999999889333845
1.99664245010979e-07,0.179099603404362,0.673877465493448,0.29404586220438,0.032076672302172,0.999999891005453
2.0244465099768e-07,0.172582243766248,0.684620147570148,0.285595217327209,0.0297846351026432,0.999999892442118
2.05263775270925e-07,0.166711216443746,0.694370200926529,0.277837165259449,0.0277926338140214,0.999999893704149
2.08122156998634e-07,0.161352084592131,0.70333033003844,0.270635170738859,0.0260344992227013,0.99999989483037
2.1102034285686e-07,0.15641153686669,0.711641499053331,0.263893928159958,0.0244645727867114,0.999999895847454
2.13958887134342e-07,0.151821645824563,0.719406524320333,0.257543659710209,0.0230498159694585,0.999999896774625
2.16938351838518e-07,0.147531121594923,0.726703192389531,0.251531372031091,0.0217654355793779,0.999999897626256
2.19959306803007e-07,0.14350009873656,0.733592084520628,0.245815633485624,0.0205922819937479,0.99999989841341
2.23022329796594e-07,0.139696853761479,0.740121507004073,0.240363278468895,0.0195152145270318,0.999999899144807
2.26128006633728e-07,0.136095645034144,0.746330738028397,0.235147233874918,0.0185220280966844,0.999999899827457
2.29276931286565e-07,0.132675238682315,0.752252245020549,0.230145032594271,0.01760272238518,0.999999900467087
2.32469705998565e-07,0.129417871553182,0.757913245725934,0.225337765441768,0.0167489888322983,0.999999901068446
2.35706941399673e-07,0.126308502490511,0.763336836107082,0.220709322804814,0.0159538410881038,0.999999901635516
2.38989256623105e-07,0.123334259573045,0.768542823659211,0.216245833535488,0.0152113428053011,0.999999902171677
2.4231727942376e-07,0.120484024016927,0.773548355166711,0.211935241632725,0.0145164032005647,0.999999902679821
2.45691646298279e-07,0.11774811155748,0.7783683977561,0.20776698137284,0.0138646208710598,0.999999903162447
2.49113002606779e-07,0.115118024753676,0.783016113151933,0.203731724188782,0.0132521626592848,0.999999903621725
2.52582002696278e-07,0.112586257810628,0.787503152804848,0.199821178769047,0.0126756684261048,0.999999904059559
2.56099310025846e-07,0.110146140909018,0.791839893461333,0.196027931259298,0.0121321752793693,0.999999904477625
2.59665597293487e-07,0.107791714678035,0.796035627264912,0.192345316114107,0.0116190566209813,0.999999904877408
2.63281546564802e-07,0.105517627964407,0.80009871669723,0.188767310676727,0.0111339726260428,0.99999990526023
2.66947849403432e-07,0.103319053816641,0.804036722011598,0.185288448343523,0.0106748296448797,0.999999905627275
2.70665207003324e-07,0.101191619864129,0.807856506915664,0.181903746440414,0.0102397466439223,0.999999905979605
2.74434330322837e-07,0.0991313501835646,0.811564326886476,0.178608645859919,0.00982702725360493,0.999999906318179
2.78255940220713e-07,0.0971346164150786,0.815165903492778,0.175398960184286,0.00943513632293541,0.999999906643866
2.82130767593947e-07,0.0951980963883591,0.818666487349717,0.172270832523848,0.00906268012643505,0.999999906957453
2.86059553517574e-07,0.0933187388932189,0.82207091176743,0.169220698678702,0.00870838955386788,0.99999990725966
2.90043049386399e-07,0.0914937335133562,0.825383638726622,0.166245255520043,0.00837110575333444,0.999999907551142
2.94082017058707e-07,0.0897204846601187,0.828608798485455,0.163341433708852,0.00804976780569266,0.999999907832502
2.98177229001967e-07,0.0879965891119101,0.83175022386749,0.1605063740412,0.00774340209131005,0.999999908104293
3.02329468440578e-07,0.0863198164966972,0.834811480081513,0.15773740684358,0.00745111307490717,0.999999908367024
3.06539529505652e-07,0.0846880922588267,0.837795890767508,0.155032033947331,0.0071720752851612,0.999999908621165
3.10808217386906e-07,0.0830994827336278,0.840706560838801,0.152387912855143,0.00690552630605612,0.999999908867152
3.15136348486648e-07,0.081552182018972,0.843546396591177,0.149802842779702,0.00665076062912123,0.999999909105388
3.19524750575921e-07,0.0800445003857669,0.846318123469983,0.1472747522885,0.00640712424151688,0.999999909336247
3.2397426295282e-07,0.0785748540120769,0.849024301821629,0.144801688332588,0.00617400984578279,0.999999909560079
3.28485736603004e-07,0.0771417558603164,0.85166734090338,0.142381806472607,0.00595085262401274,0.999999909777207
3.33060034362459e-07,0.0757438075453901,0.854249511382287,0.140013362144646,0.00573712647306707,0.999999909987937
3.37698031082509e-07,0.0743796920650457,0.856772956518721,0.137694702832467,0.00553234064881225,0.999999910192552
3.42400613797143e-07,0.0730481672830308,0.859239702200707,0.135424261032524,0.00533603676676875,0.999999910391317
3.47168681892656e-07,0.0717480600717034,0.861651665970932,0.13320054791473,0.00514778611433853,0.999999910584482
3.52003147279668e-07,0.0704782610341415,0.864010665167994,0.131022147595729,0.00496718723627718,0.999999910772281
3.56904934567523e-07,0.0692377197370158,0.866318424286474,0.12888771195302,0.00479386376050564,0.999999910954936
3.61874981241128e-07,0.0680254403949371,0.868576581646048,0.126795955918029,0.00462746243592246,0.999999911132652
3.66914237840249e-07,0.0668404779549641,0.870786695447802,0.124745653194467,0.00446765135773057,0.999999911305626
3.72023668141307e-07,0.0656819345367169,0.872950249285614,0.122735632355338,0.00431411835904809,0.999999911474043
3.77204249341699e-07,0.0645489561893009,0.875068657171747,0.120764773277903,0.00416656955034926,0.999999911638077
3.824569722467e-07,0.0634407299311528,0.877143268128334,0.118832003881026,0.00402472799063965,0.999999911797893
3.87782841458946e-07,0.0623564810431288,0.879175370390036,0.116936297133671,0.00388833247629321,0.999999911953647
3.93182875570577e-07,0.0612954705887744,0.881166195257664,0.115076668307123,0.00375713643521287,0.999999912105487
3.98658107358044e-07,0.0602569931388255,0.883116920637817,0.113252172446715,0.00363090691546789,0.999999912253555
4.0420958397963e-07,0.0592403746796933,0.885028674299467,0.111461902041679,0.00350942365885401,0.999999912397983
4.09838367175726e-07,0.0582449706880098,0.886902536874913,0.109704984874155,0.00339247825093233,0.999999912538898
4.15545533471888e-07,0.0572701643553492,0.888739544629378,0.107980582030545,0.00327987334007679,0.999999912676422
4.21332174384729e-07,0.0563153649490044,0.890540692020891,0.106287886060209,0.00317142191889985,0.999999912810668
4.27199396630678e-07,0.0553800062962438,0.892306934069675,0.104626119268162,0.00306694666216252,0.999999912941746
4.33148322337639e-07,0.054463545380828,0.894039188554261,0.102994532129821,0.00296627931591731,0.999999913069761
4.39180089259609e-07,0.0535654610417522,0.895738338049692,0.101392401817111,0.0028692601331968,0.999999913194813
4.45295850994266e-07,0.0526852527652253,0.897405231821606,0.0998190308263371,0.00277573735205676,0.999999913316995
4.5149677720361e-07,0.0518224395618168,0.899040687588581,0.0982737456992034,0.00268556671221516,0.9999999134364
4.57784053837662e-07,0.0509765589215194,0.90064549316388,0.0967558958292011,0.00259861100691884,0.999999913553114
4.64158883361277e-07,0.0501471658401911,0.902220407986621,0.0952648523463752,0.0025147396670035,0.99999991366722
4.70622484984128e-07,0.0493338319114851,0.903766164551449,0.0938000070741318,0.00243382837441926,0.999999913778798
4.77176094893875e-07,0.0485361444789379,0.905283469744882,0.0923607715523609,0.00235575870275749,0.999999913887924
4.83820966492596e-07,0.0477537058433958,0.906773006095763,0.0909465761216822,0.00228041778255475,0.999999913994671
4.90558370636505e-07,0.0469861325214094,0.908235432946541,0.0895568690640986,0.00220769798936007,0.999999914099109
4.97389595879006e-07,0.0462330545506288,0.909671387551483,0.0881911157957754,0.00213749665274113,0.999999914201306
5.04315948717136e-07,0.045494114838593,0.911081486107388,0.0868487981080387,0.00206971578457361,0.999999914301326
5.11338753841433e-07,0.0447689685516305,0.91246632472185,0.0855294134530392,0.0020042618251109,0.99999991439923
5.18459354389291e-07,0.0440572825408765,0.913826480323708,0.0842324742708303,0.00194104540546131,0.99999991449508
5.25679112201842e-07,0.0433587348026762,0.915162511519878,0.0829575073548913,0.00187998112523058,0.999999914588931
5.32999408084408e-07,0.0426730139708772,0.916474959402433,0.08170405325338,0.00182098734418719,0.99999991468084
5.40421642070592e-07,0.0419998188387238,0.917764348309466,0.08047166570362,0.00176398598691377,0.999999914770859
5.47947233690029e-07,0.0413388579082639,0.919031186542966,0.0792599110975395,0.00170890235949415,0.999999914859039
5.55577622239888e-07,0.0406898489653424,0.920275967046679,0.0780683679759577,0.00165566497736358,0.99999991494543
5.63314267060135e-07,0.0400525186784231,0.921499168046682,0.0768966265497908,0.00160420540352771,0.99999991503008
5.71158647812642e-07,0.0394266022196137,0.922701253657188,0.0757442882463964,0.00155445809641548,0.999999915113033
5.79112264764176e-07,0.0388118429064043,0.923882674453887,0.0746109652794176,0.00150636026669546,0.999999915194334
5.87176639073326e-07,0.0382079918627437,0.92504386801695,0.0734962802406134,0.00145985174243704,0.999999915274027
5.95353313081437e-07,0.0376148076981845,0.926185259445677,0.0723998657122766,0.00141487484204621,0.999999915352151
6.03643850607586e-07,0.0370320562039277,0.927307261846598,0.0713213638989486,0.00137137425445337,0.999999915428747
6.12049837247669e-07,0.0364595100646852,0.928410276796698,0.0702604262772334,0.00132929692606854,0.999999915503853
6.2057288067765e-07,0.0358969485853585,0.92949469478334,0.0692167132626032,0.00128859195405689,0.999999915577506
6.29214610961035e-07,0.0353441574316077,0.930560895622309,0.0681898938921674,0.00124921048552402,0.999999915649742
6.37976680860628e-07,0.0348009283834525,0.931609248855322,0.0671796455224504,0.00121110562222733,0.999999915720596
6.46860766154632e-07,0.0342670591011078,0.932640114128246,0.0661856535412927,0.00117423233046145,0.999999915790102
6.55868565957142e-07,0.0337423529023153,0.933653841551159,0.0652076110930507,0.00113854735578993,0.999999915858291
6.65001803043112e-07,0.033226618550485,0.934650772041351,0.0642452188163283,0.00110400914232085,0.999999915925196
6.74262224177835e-07,0.0327196700530066,0.93563123765023,0.0632981845935258,0.00107057775624368,0.999999915990846
6.83651600451024e-07,0.0322213264691356,0.936595561875095,0.0623662233115395,0.00103821481336584,0.999999916055272
6.9317172761554e-07,0.0317314117269023,0.937544059956602,0.061449056632991,0.00100688341040685,0.999999916118502
7.02824426430834e-07,0.0312497544485272,0.938477039162769,0.0605464127774067,0.000976548059823792,0.999999916180564
7.12611543011174e-07,0.0307761877838585,0.939394799060239,0.0596580263118048,0.000947174627956064,0.999999916241484
7.22534949178722e-07,0.0303105492513876,0.940297631773521,0.0587836379501822,0.000918730276296437,0.999999916301289
7.32596542821523e-07,0.0298526805864162,0.94118582223287,0.0579229943614286,0.000891183405701892,0.999999916360004
7.42798248256491e-07,0.0294024275959879,0.942059648411402,0.0570758479852209,0.000864503603377406,0.999999916417653
7.53142016597438e-07,0.0289596400202136,0.942919381552044,0.0562419568554853,0.000838661592470903,0.999999916474261
7.63629826128224e-07,0.0285241713996482,0.943765286384835,0.0554210844310334,0.000813629184131477,0.99999991652985
7.74263682681128e-07,0.0280958789483965,0.9445976213351,0.054612999433007,0.00078937923189297,0.999999916584444
7.85045620020451e-07,0.0276746234326457,0.94541663872296,0.053817475688789,0.000765885588251247,0.999999916638063
7.95977700231498e-07,0.027260269054341,0.946222584954632,0.0530342919820543,0.000743123063313859,0.99999991669073
8.07062014114951e-07,0.0268526833397402,0.94701570070593,0.0522632319086595,0.000721067385410411,0.999999916742464
8.18300681586739e-07,0.0264517370325945,0.947796221098363,0.0515040837380842,0.000699695163552415,0.999999916793286
8.29695852083491e-07,0.0260573039917244,0.948564375868199,0.0507566402801539,0.000678983851647413,0.999999916843215
8.41249704973612e-07,0.0256692610927665,0.949320389528837,0.0500206987567932,0.000658911714369895,0.99999991689227
8.52964449974102e-07,0.0252874881338858,0.950064481526831,0.0492960606785671,0.000639457794602234,0.99999991694047
8.64842327573173e-07,0.0249118677452576,0.950796866391848,0.0485825317257885,0.000620601882363403,0.999999916987833
8.76885609458743e-07,0.0245422853021341,0.951517753880878,0.0478799216339765,0.000602324485145862,0.999999917034377
8.89096598952917e-07,0.024178628841322,0.952227349116945,0.0471880440834654,0.000584606799589341,0.999999917080117
9.01477631452492e-07,0.0238207889809097,0.952925852722602,0.0465067165929759,0.000567430684421742,0.999999917125071
9.14031074875622e-07,0.0234686588430861,0.95361346094843,0.0458357604169671,0.000550778634602574,0.999999917169254
9.26759330114688e-07,0.0231221339799075,0.954290365796792,0.045175000446601,0.000534633756606999,0.999999917212684
9.39664831495469e-07,0.0227811123018752,0.954956755141045,0.0445242651141598,0.000518979744795318,0.999999917255374
9.5275004724273e-07,0.0224454940091919,0.955612812840427,0.043883386300762,0.000503800858810924,0.99999991729734
9.66017479952265e-07,0.0221151815255751,0.956258718850807,0.0432521992472349,0.00048908190195765,0.999999917338597
9.79469667069539e-07,0.0217900794345109,0.956894649331486,0.042630542468007,0.000474808200507375,0.999999917379157
9.9310918137498e-07,0.021470094417838,0.957520776748216,0.0420182576678911,0.000460965583892442,0.999999917419037
1.00693863147603e-06,0.0211551351965577,0.958137269972625,0.0414151896616349,0.000447540365740261,0.999999917458248
1.02096066230605e-06,0.0208451124737708,0.958744294378168,0.0408211862961231,0.000434519325709259,0.999999917496804
1.03517795563018e-06,0.0205399388796481,0.959342011932791,0.0402360983751212,0.000421889692087479,0.999999917534718
1.04959323055823e-06,0.0202395289183453,0.959930581288427,0.0396597795864548,0.000409639125117885,0.999999917572002
1.06420924406472e-06,0.0199437989167796,0.960510157867458,0.0390920864315257,0.000397755701016751,0.999999917608669
1.07902879151618e-06,0.0196526669751857,0.961080893946279,0.0385328781570703,0.000386227896650541,0.99999991764473
1.09405470720574e-06,0.0193660529193768,0.961642938736089,0.0379820166890679,0.00037504457484288,0.999999917680197
1.10928986489522e-06,0.0190838782546398,0.962196438461002,0.037439366568717,0.000364194970281291,0.999999917715081
1.12473717836475e-06,0.0188060661211921,0.962741536433611,0.0369047948903938,0.000353668675995157,0.999999917749394
1.14039960197003e-06,0.0185325412511407,0.9632783731281,0.036378171241518,0.000343455630381698,0.999999917783146
1.15628013120738e-06,0.018263229926877,0.963807086250997,0.0358593676442514,0.000333546104751295,0.999999917816348
1.1723818032866e-06,0.0179980599408498,0.964327810809672,0.0353482584989566,0.000323930691371516,0.999999917849011
1.1887076977119e-06,0.0177369605566627,0.964840679178661,0.034844720529352,0.000314600291986697,0.999999917881144
1.20526093687084e-06,0.0174798624714384,0.965345821163914,0.0343486327292953,0.000305546106790754,0.999999917912756
1.22204468663149e-06,0.0172266977794035,0.965843364065028,0.033859876311137,0.000296759623835012,0.999999917943859
1.23906215694792e-06,0.0169773999366425,0.966333432735565,0.0333783346555842,0.000288232608850469,0.999999917974461
1.25631660247412e-06,0.0167319037269754,0.966816149641516,0.0329038932630181,0.00027995709546641,0.999999918004571
1.27381132318648e-06,0.0164901452289156,0.967291634917977,0.0324364397062142,0.000271925375808529,0.999999918034199
1.29154966501488e-06,0.0162520617836666,0.967760006424128,0.0319758635844112,0.000264129991460971,0.999999918063353
1.30953502048267e-06,0.0160175919641153,0.968221379796543,0.0315220564786827,0.000256563724773992,0.999999918092042
1.32777082935543e-06,0.0157866755447869,0.968675868500931,0.0310749119085632,0.000249219590505303,0.999999918120274
1.34626057929891e-06,0.0155592534727215,0.969123583882336,0.0306343252898845,0.000242090827779286,0.999999918148058
1.36500780654601e-06,0.0153352678392405,0.96956463521387,0.0302001938937798,0.000235170892350565,0.999999918175401
1.38401609657313e-06,0.0151146618525676,0.969999129744025,0.0297724168068149,0.000228453449160185,0.999999918202312
1.40328908478587e-06,0.0148973798112743,0.970427172742622,0.0293508948922066,0.000221932365171047,0.999999918228798
1.42283045721435e-06,0.0146833670785173,0.970848867545437,0.0289355307520922,0.000215601702471174,0.999999918254867
1.44264395121816e-06,0.0144725700570407,0.971264315597553,0.0285262286908126,0.000209455711634367,0.999999918280526
1.46273335620113e-06,0.0142649361649144,0.971673616495498,0.0281228946791759,0.000203488825326406,0.999999918305782
1.4831025143361e-06,0.0140604138119821,0.972076868028184,0.0277254363196677,0.000197695652148291,0.999999918330642
1.50375532129974e-06,0.0138589523769935,0.972474166216718,0.0273337628125767,0.000192070970705196,0.999999918355115
1.52469572701758e-06,0.0136605021853963,0.972865605353101,0.0269477849230062,0.0001866097238932,0.999999918379205
1.54592773641948e-06,0.0134650144877641,0.973251278037866,0.0265674149487401,0.000181307013394066,0.99999991840292
1.5674554102056e-06,0.0132724414388397,0.973631275216691,0.0261925666889379,0.000176158094370792,0.999999918426266
1.58928286562298e-06,0.0130827360771696,0.974005686216015,0.0258231554136299,0.000171158370354595,0.99999991844925
1.61141427725302e-06,0.0128958523053109,0.974374598777695,0.0254590978339889,0.000166303388316486,0.999999918471878
1.63385387780986e-06,0.0127117448705919,0.974738099092733,0.0251003120733509,0.000161588833916416,0.999999918494157
1.65660595894992e-06,0.0125303693464035,0.975096271834115,0.0247467176389637,0.0001570105269217,0.999999918516091
1.67967487209265e-06,0.0123516821140085,0.975449200188772,0.0243982353944383,0.000152564416789371,0.999999918537687
1.70306502925284e-06,0.0121756403448471,0.975796965888711,0.0240547875328829,0.000148246578405675,0.999999918558951
1.72678090388436e-06,0.0120022019833244,0.976139649241327,0.0237162975506967,0.00014405320797603,0.999999918579888
1.75082703173573e-06,0.0118313257300627,0.976477329158935,0.0233826902220048,0.00013998061906029,0.999999918600505
1.77520801171764e-06,0.0116629710256037,0.97681008318754,0.0230538915737124,0.000136025238747492,0.999999918620805
1.79992850678248e-06,0.0114970980345451,0.977137987534874,0.0227298288611617,0.000132183603964258,0.999999918640796
1.82499324481615e-06,0.0113336676300985,0.977461117097715,0.0224104305443723,0.000128452357912406,0.999999918660481
1.8504070195423e-06,0.0111726413790545,0.977779545488522,0.0220956262648465,0.000124828246631271,0.999999918679866
1.87617469143912e-06,0.0110139815271402,0.978093345061397,0.0217853468229255,0.000121308115677496,0.999999918698956
1.90230118866895e-06,0.0108576509847603,0.978402586937401,0.0214795241556766,0.000117888906921975,0.999999918717756
1.92879150802078e-06,0.0107036133131045,0.978707341029246,0.0211780913152987,0.000114567655455144,0.999999918736271
1.95565071586595e-06,0.0105518327106146,0.979007676065371,0.0208809824480298,0.000111341486599664,0.999999918754505
1.98288394912707e-06,0.0104022739997964,0.979303659613433,0.0205881327735416,0.000108207613025629,0.999999918772463
2.0104964162605e-06,0.0102549026143676,0.979595358103229,0.0202994785648078,0.000105163331963688,0.99999991879015
2.03849339825246e-06,0.0101096845867296,0.979882836849054,0.0200149571284325,0.000102206022513342,0.99999991880757
2.06688024962908e-06,0.0099665865357547,0.980166160071533,0.0197345067854246,9.93331430424078e-05,0.999999918824728
2.09566239948043e-06,0.00982557565487878,0.980445390918917,0.0194580668524075,9.65422286750249e-05,0.999999918841627
2.12484535249888e-06,0.0096866197004889,0.980720591487886,0.0191855776232499,9.38308888639508e-05,0.999999918858273
2.15443469003189e-06,0.00954968698059796,0.980991822843848,0.0189169803511072,9.11968050443766e-05,0.999999918874668
2.18443607114943e-06,0.00941474634379819,0.981259145040771,0.0186522172308615,8.86377283674279e-05,0.999999918890818
2.21485523372636e-06,0.00928176716848312,0.981522617140542,0.0183912313819497,8.61514775082547e-05,0.999999918906726
2.24569799553977e-06,0.00915071935233247,0.981782297231883,0.0181339668315685,8.37359365481981e-05,0.999999918922396
2.27697025538168e-06,0.00902157330205009,0.982038242448827,0.0178803684982465,8.13890529268307e-05,0.999999918937831
2.30867799418717e-06,0.0088942999233494,0.982290508988764,0.0176303821757734,7.91088354627142e-05,0.999999918953037
2.34082727617829e-06,0.00876887061117682,0.982539152130085,0.0173839545174763,7.68933524386596e-05,0.999999918968016
2.37342425002387e-06,0.00864525724016849,0.982784226249414,0.0171410330208346,7.47407297511694e-05,0.999999918982772
2.40647515001542e-06,0.00852343215533194,0.983025784838456,0.0169015660124236,7.26491491201409e-05,0.999999918997309
2.43998629725955e-06,0.00840336816294704,0.983263880520464,0.0166655026331786,7.06168463577364e-05,0.99999991901163
2.47396410088682e-06,0.00828503852167958,0.983498565066335,0.0164327928239716,6.86421096937583e-05,0.999999919025739
2.50841505927754e-06,0.00816841693390156,0.983729889410353,0.0162033873114913,6.67232781558988e-05,0.999999919039638
2.54334576130465e-06,0.00805347753721231,0.983957903665578,0.0159772375944192,6.48587400027337e-05,0.999999919053332
2.5787628875938e-06,0.00794019489615504,0.984182657138898,0.0157542959298942,6.30469312079412e-05,0.999999919066823
2.61467321180109e-06,0.00782854399412218,0.984404198345748,0.0155345153202588,6.12863339928063e-05,0.999999919080115
2.65108360190854e-06,0.00771850022544663,0.984622575024514,0.0153178495000778,5.95754754077072e-05,0.999999919093211
2.68800102153761e-06,0.00761003938767075,0.984837834150616,0.0151042529234256,5.79129259579234e-05,0.999999919106113
2.72543253128103e-06,0.00750313767399078,0.985050021950293,0.014893680751432,5.62972982747854e-05,0.999999919118826
2.76338529005317e-06,0.00739777166587012,0.985259183914089,0.0146860888400827,5.47272458287576e-05,0.999999919131352
2.8018665564592e-06,0.00729391832581822,0.985465364810048,0.0144814337282674,5.32014616845388e-05,0.999999919143694
2.84088369018331e-06,0.00719155499032951,0.985668608696637,0.0142796726260679,5.17186772955418e-05,0.999999919155854
2.8804441533963e-06,0.00709065936297848,0.98586895893538,0.0140807634032831,5.02776613369206e-05,0.999999919167836
2.92055551218274e-06,0.0069912095076668,0.986066458203242,0.0138846645781819,4.88772185758268e-05,0.999999919179643
2.96122543798803e-06,0.00689318384201843,0.986261148504741,0.0136913353064814,4.75161887777444e-05,0.999999919191276
3.00246170908555e-06,0.00679656113091844,0.98645307118381,0.0135007353705425,4.61934456472014e-05,0.99999991920274
3.04427221206431e-06,0.00670132048019235,0.986642266935418,0.0133128251687799,4.49078958023822e-05,0.999999919214035
3.08666494333727e-06,0.00660744133042178,0.986828775816939,0.0131275657052794,4.36584777820659e-05,0.999999919225166
3.12964801067075e-06,0.00651490345089283,0.987012637259298,0.0129449185796183,4.24441610836664e-05,0.999999919236135
3.17322963473497e-06,0.00642368693367426,0.987193890077883,0.0127648459768849,4.12639452317901e-05,0.999999919246943
3.21741815067637e-06,0.00633377218782138,0.987372572483233,0.0125873106578911,4.01168588758365e-05,0.999999919257595
3.26222200971167e-06,0.00624513993370341,0.987548722091509,0.0124122759495743,3.90019589162818e-05,0.999999919268091
3.30764978074424e-06,0.00615777119744998,0.987722375934758,0.0122397057355841,3.79183296579395e-05,0.999999919278434
3.35371015200293e-06,0.00607164730551457,0.987893570470961,0.0120695644470494,3.68650819898616e-05,0.999999919288627
3.4004119327037e-06,0.00598674987935146,0.988062341593888,0.0119018170535218,3.58413525905366e-05,0.999999919298673
3.44776405473446e-06,0.00590306083020397,0.98822872464275,0.0117364290540911,3.48463031584045e-05,0.999999919308572
3.49577557436328e-06,0.00582056235400019,0.988392754411665,0.0115733664686692,3.38791196655662e-05,0.999999919318328
3.54445567397044e-06,0.0057392369263548,0.988554465158926,0.0114125958294387,3.29390116354661e-05,0.999999919327943
3.59381366380463e-06,0.00565906729767259,0.988713890616097,0.0112540841724614,3.20252114418863e-05,0.999999919337418
3.64385898376354e-06,0.00558003648835333,0.988871063996924,0.0110977990294453,3.11369736306927e-05,0.999999919346757
3.6946012051993e-06,0.00550212778409367,0.989026018006074,0.0109437084196637,3.02735742618229e-05,0.99999991935596
3.746050032749e-06,0.00542532473128441,0.989178784847703,0.0107917808420257,2.9434310271536e-05,0.999999919365031
3.79821530619074e-06,0.00534961113250136,0.989329396233852,0.0106419852672929,2.86184988549012e-05,0.99999991937397
3.85110700232557e-06,0.00527497104208631,0.989477883392694,0.0104942911304395,2.78254768665553e-05,0.999999919382781
3.90473523688556e-06,0.00520138876181692,0.989624277076606,0.0103486683231536,2.70546002401062e-05,0.999999919391465
3.95911026646846e-06,0.00512884883666292,0.989768607570099,0.0102050871864753,2.63052434252807e-05,0.999999919400024
4.01424249049933e-06,0.00505733605062715,0.989910904697588,0.0100635185035692,2.55767988425453e-05,0.999999919408459
4.07014245321944e-06,0.00498683542266801,0.990051197831018,0.00992393349262882,2.48686763535989e-05,0.999999919416773
4.12682084570295e-06,0.00491733220270358,0.990189515897342,0.00978630379990895,2.41803027491109e-05,0.999999919424968
4.18428850790158e-06,0.00484881186769339,0.990325887385864,0.00965060149288451,2.3511121251138e-05,0.999999919433045
4.24255643071778e-06,0.00478126011779693,0.990460340355437,0.00951679905353224,2.28605910308054e-05,0.999999919441006
4.3016357581068e-06,0.00471466287260767,0.990592902441526,0.00938486937173314,2.22281867410992e-05,0.999999919448852
4.36153778920801e-06,0.00464900626745969,0.990723600863144,0.00925478573879277,2.16133980633065e-05,0.999999919456586
4.4222739805059e-06,0.00458427664980594,0.990852462429656,0.00912652184107707,2.10157292674113e-05,0.99999991946421
4.48385594802118e-06,0.0045204605756661,0.990979513547453,0.00900005175376146,2.04346987853678e-05,0.999999919471724
4.5462954695324e-06,0.0044575448061436,0.991104780226511,0.00887534993469048,1.98698387983611e-05,0.999999919479131
4.60960448682844e-06,0.00439551630400773,0.991228288086819,0.00875239121834597,1.93206948347381e-05,0.999999919486431
4.67379510799246e-06,0.00433436223034271,0.991350062364697,0.00863115080992142,1.87868253820004e-05,0.999999919493628
4.73887960971765e-06,0.00427406994125867,0.991470127918991,0.00851160427950016,1.82678015085893e-05,0.999999919500721
4.80487043965512e-06,0.00421462698466614,0.991588509237166,0.00839372755633568,1.77632064982999e-05,0.999999919507713
4.87178021879463e-06,0.00415602109711101,0.991705230441273,0.00827749692323151,1.72726354952558e-05,0.999999919514606
4.93962174387833e-06,0.00409824020066911,0.991820315293821,0.00816288901101894,1.67956951596434e-05,0.9999999195214
5.00840798984821e-06,0.00404127239989824,0.991933787203537,0.00804988079313046,1.63320033330083e-05,0.999999919528097
5.07815211232767e-06,0.00398510597884816,0.992045669231018,0.00793844958026702,1.58811887146487e-05,0.999999919534698
5.14886745013749e-06,0.00392972939812564,0.992155984094296,0.00782857301515726,1.54428905470138e-05,0.999999919541206
5.22056752784698e-06,0.00387513129201376,0.992264754174283,0.00772022906740681,1.50167583103508e-05,0.999999919547621
5.29326605836057e-06,0.00382130046564486,0.992372001520137,0.00761339602843596,1.46024514268792e-05,0.999999919553945
5.36697694554048e-06,0.00376822589222532,0.992477747854523,0.00750805250650375,1.41996389734422e-05,0.999999919560179
5.44171428686589e-06,0.00371589671031127,0.99258201457878,0.00740417742181695,1.38079994027951e-05,0.999999919566324
5.51749237612912e-06,0.00366430222113414,0.992684822778005,0.00730175000172223,1.3427220273028e-05,0.999999919572382
5.59432570616938e-06,0.00361343188597529,0.992786193226035,0.00720074977597985,1.30569979853654e-05,0.999999919578354
5.67222897164455e-06,0.00356327532358772,0.992886146390354,0.00710115657211723,1.26970375291116e-05,0.999999919584241
5.75121707184161e-06,0.00351382230766513,0.992984702436904,0.00700295051086094,1.23470522346613e-05,0.999999919590045
5.83130511352622e-06,0.00346506276435647,0.993081881234821,0.0069061120016455,1.20067635337225e-05,0.999999919595766
5.91250841383187e-06,0.00341698676982493,0.993177702361076,0.0068106217381976,1.16759007261266e-05,0.999999919601406
5.99484250318941e-06,0.00336958454785115,0.993272185105052,0.00671646069419415,1.13542007540782e-05,0.999999919606966
6.07832312829724e-06,0.00332284646747959,0.993365348473024,0.00662361011899295,1.10414079831115e-05,0.999999919612448
6.16296625513294e-06,0.00327676304070591,0.993457211192577,0.00653205153343438,1.07372739887182e-05,0.999999919617852
6.24878807200689e-06,0.00323132492020621,0.993547791716937,0.00644176672571275,1.04415573498381e-05,0.999999919623179
6.33580499265824e-06,0.00318652289710683,0.993637108229235,0.00635273774731632,1.01540234486719e-05,0.999999919628431
6.42403365939419e-06,0.0031423478987926,0.99372517864669,0.00626494690903421,9.87444427549226e-06,0.999999919633609
6.51349094627281e-06,0.00309879098675459,0.993812020624731,0.00617837677702937,9.60259823990384e-06,0.999999919638713
6.60419396233031e-06,0.00305584335447539,0.993897651561037,0.00609301016897603,9.33826998736949e-06,0.999999919643746
6.69616005485322e-06,0.00301349632535115,0.993982088599519,0.00600883015026064,9.08125022082602e-06,0.999999919648707
6.7894068126961e-06,0.00297174135065079,0.994065348634227,0.00592582003024504,8.83133552827091e-06,0.999999919653599
6.8839520696455e-06,0.00293057000750997,0.994147448313195,0.00584396335859071,8.58832821461208e-06,0.999999919658421
6.97981390783067e-06,0.00288997399695984,0.994228404042219,0.00576324392164296,8.35203613835673e-06,0.999999919663175
7.07701066118189e-06,0.00284994514199101,0.994308231988572,0.005683645738874,8.12227255401511e-06,0.999999919667863
7.17556091893692e-06,0.00281047538564974,0.994386948084658,0.00560515305938363,7.89885595792704e-06,0.999999919672484
7.27548352919622e-06,0.00277155678916781,0.994464568031604,0.00552775035845685,7.68160993938442e-06,0.99999991967704
7.37679760252773e-06,0.00273318153012433,0.994541107302787,0.00545142233417689,7.47036303588942e-06,0.999999919681532
7.47952251562183e-06,0.00269534190063845,0.994616581147315,0.00537615390409312,7.26494859188635e-06,0.99999991968596
7.58367791499719e-06,0.00265803030559416,0.994691004593435,0.00530193020194242,7.06520462295367e-06,0.999999919690327
7.68928372075831e-06,0.00262123926089438,0.994764392451894,0.00522873657442332,6.87097368271949e-06,0.999999919694632
7.79636013040524e-06,0.00258496139174521,0.994836759319244,0.00515655857802184,6.682102734289e-06,0.999999919698876
7.90492762269642e-06,0.00254918943096916,0.994908119581087,0.00508538197588824,6.49844302504261e-06,0.999999919703061
8.01500696156541e-06,0.00251391621734711,0.994978487415271,0.00501519273476344,6.31984996538482e-06,0.999999919707186
8.12661920009195e-06,0.00247913469398786,0.995047876795035,0.00494597702195466,6.14618301052541e-06,0.999999919711254
8.23978568452851e-06,0.00244483790672565,0.995116301492095,0.00487772120235902,5.97730554613776e-06,0.999999919715265
8.35452805838287e-06,0.0024110190025444,0.995183775079688,0.00481041183553448,5.8130847771596e-06,0.999999919719219
8.4708682665574e-06,0.00237767122802844,0.995250310935563,0.00474403567281726,5.65339161980472e-06,0.999999919723118
8.58882855954626e-06,0.00234478792783849,0.995315922244919,0.00467857965448471,5.49810059613087e-06,0.999999919726962
8.70843149769072e-06,0.00231236254321441,0.995380622003304,0.00461403090696315,5.34708973283764e-06,0.999999919730753
8.82969995549408e-06,0.00228038861050163,0.995444423019459,0.00455037674007961,5.20024046182527e-06,0.99999991973449
8.9526571259964e-06,0.00224885975970282,0.995507337918119,0.00448760464435688,5.05743752438146e-06,0.999999919738174
9.07732652521022e-06,0.00221776971305292,0.995569379142772,0.00442570228835106,4.91856887738663e-06,0.999999919741807
9.20373199661823e-06,0.00218711228361834,0.995630558958366,0.00436465751603078,4.78352560294697e-06,0.999999919745389
9.33189771573324e-06,0.00215688137391892,0.995690889453982,0.00430445834419752,4.65220182016123e-06,0.999999919748921
9.46184819472199e-06,0.00212707097457267,0.995750382545454,0.00424509295994621,4.5244945995641e-06,0.999999919752403
9.59360828709315e-06,0.00209767516296278,0.995809049977954,0.00418654971816545,4.40030388004949e-06,0.999999919755837
9.72720319245054e-06,0.00206868810192631,0.995866903328535,0.00412881713907672,4.27953238794736e-06,0.999999919759223
9.86265846131283e-06,0.00204010403846472,0.995923954008629,0.00407188390581169,4.16208555887795e-06,0.999999919762561
1e-05,0.00201191730247477,0.995980213266512,0.00401573886202739,4.04787146107005e-06,0.999999919765852
1.01392540755881e-05,0.00198412230550096,0.99603569218972,0.0039603710095581,3.93680072190931e-06,0.999999919769098
1.02804473209331e-05,0.00195671353950746,0.996090401707441,0.00390576950610372,3.82878645560506e-06,0.999999919772298
1.0423606739764e-05,0.00192968557567024,0.996144352592853,0.00385192366295385,3.72374419331696e-06,0.999999919775453
1.05687597118481e-05,0.00190303306318902,0.996197555465438,0.0037988229427469,3.62159181557017e-06,0.999999919778564
1.07159339982267e-05,0.00187675072811812,0.99625002079325,0.00374645695726381,3.52224948621223e-06,0.999999919781632
1.08651577465254e-05,0.00185083337221569,0.996301758895156,0.00369481546525564,3.42563958787142e-06,0.999999919784657
1.10164594963366e-05,0.00182527587181288,0.996352779943035,0.00364388837030456,3.33168666060129e-06,0.999999919787639
1.11698681846782e-05,0.00180007317669952,0.996403093963942,0.00359366571871763,3.24031734070173e-06,0.99999991979058
1.13254131515281e-05,0.00177522030902841,0.996452710842245,0.00354413769745282,3.15146030200209e-06,0.99999991979348
1.14831241454351e-05,0.00175071236223756,0.996501640321724,0.00349529463207676,3.06504619917731e-06,0.99999991979634
1.16430313292088e-05,0.00172654449998882,0.996549892007634,0.0034471269847537,2.9810076119666e-06,0.999999919799159
1.18051652856881e-05,0.00170271195512382,0.996597475368744,0.00339962535226505,2.89927899129296e-06,0.999999919801939
1.19695570235904e-05,0.00167921002863646,0.996644399739334,0.00335278046405919,2.81979660686537e-06,0.99999991980468
1.21362379834424e-05,0.00165603408866193,0.996690674321173,0.00330658318033085,2.74249849651189e-06,0.999999919807384
1.23052400435926e-05,0.00163317956948149,0.996736308185454,0.00326102449012969,2.66732441664592e-06,0.999999919810049
1.24765955263087e-05,0.0016106419705427,0.996781310274709,0.00321609550949757,2.59421579391732e-06,0.999999919812677
1.2650337203959e-05,0.00158841685549601,0.996825689404687,0.00317178747963404,2.52311567899496e-06,0.999999919815269
1.28264983052806e-05,0.00156649985124557,0.99686945426621,0.00312809176508955,2.45396870079831e-06,0.999999919817825
1.30051125217341e-05,0.00154488664701568,0.996912613426991,0.00308499985198597,2.3867210226982e-06,0.999999919820345
1.31862140139475e-05,0.00152357299343153,0.996955175333436,0.003042503346264,2.32132029952649e-06,0.99999991982283
1.33698374182495e-05,0.00150255470161449,0.996997148312407,0.00300059397195693,2.25771563602383e-06,0.99999991982528
1.35560178532937e-05,0.00148182764229142,0.997038540572963,0.00295926356949041,2.19585754621891e-06,0.999999919827696
1.37447909267754e-05,0.00146138774491835,0.997079360208078,0.0029185040940078,2.13569791445139e-06,0.999999919830078
1.39361927422414e-05,0.00144123099681705,0.997119615196323,0.00287830761372063,2.07718995673227e-06,0.999999919832428
1.41302599059953e-05,0.00142135344232594,0.997159313403532,0.00283866630828383,2.02028818402974e-06,0.999999919834744
1.43270295340983e-05,0.00140175118196347,0.997198462584439,0.00279957246719526,1.96494836584302e-06,0.999999919837029
1.45265392594678e-05,0.00138242037160493,0.997237070384285,0.00276101848821926,1.91112749530192e-06,0.999999919839281
1.4728827239075e-05,0.00136335722167197,0.997275144340411,0.00272299687583367,1.85878375513326e-06,0.999999919841503
1.49339321612425e-05,0.00134455799633441,0.997312691883816,0.00268550023970009,1.80787648436376e-06,0.999999919843693
1.51418932530435e-05,0.00132601901272493,0.997349720340697,0.00264852129315698,1.75836614644534e-06,0.999999919845853
1.53527502878042e-05,0.00130773664016489,0.997386236933968,0.00261205285173512,1.71021429732753e-06,0.999999919847983
1.55665435927106e-05,0.00128970729940366,0.997422248784749,0.00257608783169525,1.66338355603226e-06,0.999999919850083
1.57833140565212e-05,0.00127192746186794,0.997457762913838,0.00254061924858738,1.61783757425364e-06,0.999999919852154
1.6003103137387e-05,0.0012543936489236,0.997492786243161,0.00250564021583156,1.57354100782008e-06,0.999999919854197
1.62259528707809e-05,0.00123710243114893,0.997527325597191,0.00247114394331962,1.53045948911735e-06,0.999999919856211
1.64519058775366e-05,0.0012200504276185,0.997561387704363,0.00243712373603772,1.48855959963704e-06,0.999999919858197
1.66810053720006e-05,0.00120323430519832,0.997594979198447,0.00240357299270919,1.44780884372151e-06,0.999999919860155
1.69132951702965e-05,0.00118665077785169,0.99762810661992,0.00237048520445758,1.40817562289822e-06,0.999999919862086
1.71488196987054e-05,0.00117029660595547,0.9976607764173,0.00233785395348929,1.36962921082296e-06,0.999999919863991
1.73876240021625e-05,0.00115416859562725,0.997692994948475,0.00230567291179579,1.33213972935585e-06,0.999999919865869
1.7629753752872e-05,0.00113826359806235,0.997724768482,0.0022739358398749,1.29567812489446e-06,0.999999919867721
1.78752552590424e-05,0.00112257850888083,0.997756103198384,0.00224263658547094,1.26021614535628e-06,0.999999919869547
1.81241754737424e-05,0.00110711026748486,0.997787005191348,0.0022117690823334,1.22572631816196e-06,0.999999919871348
1.83765620038817e-05,0.00109185585642537,0.997817480469078,0.00218132734899386,1.19218192844205e-06,0.999999919873124
1.86324631193156e-05,0.00107681230077855,0.997847534955441,0.00215130548756094,1.15955699808018e-06,0.999999919874875
1.88919277620767e-05,0.00106197666753164,0.997877174491202,0.00212169768253282,1.12782626523382e-06,0.999999919876602
1.91550055557353e-05,0.00104734606497847,0.997906404835208,0.00209249819962732,1.09696516480563e-06,0.999999919878305
1.94217468148902e-05,0.00103291764212287,0.997935231665563,0.00206370138462898,1.06694980837744e-06,0.999999919879984
1.96922025547917e-05,0.0010186885880931,0.99796366058078,0.00203530166225312,1.03775696653997e-06,0.99999991988164
1.99664245010979e-05,0.00100465613156294,0.997991697100924,0.00200729353502645,1.00936404971112e-06,0.999999919883274
2.02444650997681e-05,0.000990817540182673,0.998019346668725,0.00197967158218411,9.81749090616952e-07,0.999999919884884
2.05263775270925e-05,0.000977170120018964,0.99804661465069,0.00195243045858274,9.54890727594823e-07,0.999999919886473
2.08122156998634e-05,0.000963711215001803,0.998073506338183,0.00192556489362943,9.28768187087375e-07,0.999999919888039
2.1102034285686e-05,0.000950438206381081,0.998100026948506,0.00189906969022634,9.03361267909049e-07,0.999999919889583
2.13958887134342e-05,0.000937348512190554,0.998126181625944,0.00187293972373063,8.78650325240003e-07,0.999999919891106
2.16938351838519e-05,0.000924439586719601,0.998151975442816,0.00184716994092951,8.54616254843382e-07,0.999999919892608
2.19959306803007e-05,0.000911708919994129,0.998177413400491,0.00182175535903032,8.31240478968518e-07,0.99999991989409
2.23022329796594e-05,0.000899154037263514,0.998202500430404,0.00179669106466512,8.08504930955483e-07,0.99999991989555
2.26128006633728e-05,0.000886772498496484,0.998227241395049,0.00177197221290985,7.86392041561123e-07,0.999999919896991
2.29276931286565e-05,0.000874561897884003,0.998251641088957,0.00174759402631771,7.64884725147413e-07,0.999999919898411
2.32469705998565e-05,0.000862519863349137,0.998275704239668,0.00172355179396652,7.43966365879777e-07,0.999999919899812
2.35706941399673e-05,0.000850644056065665,0.998299435508674,0.00169984087051988,7.23620805723668e-07,0.999999919901194
2.38989256623105e-05,0.000838932169981779,0.998322839492367,0.001676456675302,7.03832330777119e-07,0.999999919902556
2.4231727942376e-05,0.000827381931352184,0.998345920722955,0.0016533946913858,6.84585659284668e-07,0.999999919903899
2.45691646298279e-05,0.000815991098277486,0.998368683669375,0.00163065046469429,6.65865930339973e-07,0.999999919905224
2.49113002606779e-05,0.00080475746024875,0.998391132738194,0.0016082196031149,6.47658691297574e-07,0.999999919906531
2.52582002696278e-05,0.000793678837700303,0.998413272274486,0.0015860977756266,6.29949887002643e-07,0.999999919907819
2.56099310025846e-05,0.000782753081568922,0.998435106562711,0.00156428071143959,6.1272584912786e-07,0.99999991990909
2.59665597293487e-05,0.000771978072858342,0.998456639827568,0.00154276419914744,5.95973284621886e-07,0.999999919910343
2.63281546564802e-05,0.00076135172221198,0.998477876234842,0.00152154408589144,5.79679266259243e-07,0.999999919911579
2.66947849403432e-05,0.000750871969490543,0.998498819892241,0.00150061627653694,5.6383122207064e-07,0.999999919912798
2.70665207003324e-05,0.00074053678335622,0.998519474850213,0.00147997673286161,5.48416925414503e-07,0.999999919913999
2.74434330322836e-05,0.00073034416086362,0.998539845102759,0.0014596214727553,5.33424485967687e-07,0.999999919915185
2.78255940220713e-05,0.000720292127055586,0.998559934588229,0.00143954656943149,5.18842339841891e-07,0.999999919916353
2.82130767593947e-05,0.000710378734566125,0.998579747190109,0.00141974815064997,5.04659241140322e-07,0.999999919917506
2.86059553517574e-05,0.000700602063228094,0.998599286737797,0.00140022239795077,4.90864252709021e-07,0.999999919918643
2.90043049386399e-05,0.00069096021968758,0.998618557007363,0.00138096554589903,4.77446738066274e-07,0.999999919919764
2.94082017058706e-05,0.000681451337023102,0.998637561722307,0.00136197388134069,4.64396352759574e-07,0.999999919920869
2.98177229001967e-05,0.000672073574370903,0.998656304554295,0.00134324374266887,4.51703036465469e-07,0.999999919921959
3.02329468440578e-05,0.000662825116555528,0.998674789123894,0.00132477151910081,4.39357005125847e-07,0.999999919923035
3.06539529505653e-05,0.000653704173726025,0.998693019001291,0.00130655364996498,4.27348743533076e-07,0.999999919924095
3.10808217386906e-05,0.000644708980996777,0.998710997707004,0.00128858662399867,4.15668997443951e-07,0.999999919925141
3.15136348486648e-05,0.000635837798094671,0.998728728712578,0.00127086697865531,4.04308767015717e-07,0.999999919926172
3.19524750575921e-05,0.000627088909010178,0.998746215441279,0.00125339129942196,3.93259299195621e-07,0.999999919927189
3.2397426295282e-05,0.000618460621654556,0.998763461268772,0.0012361562191464,3.82512081356862e-07,0.999999919928192
3.28485736603005e-05,0.000609951267521581,0.998780469523792,0.00121915841737381,3.720588346765e-07,0.999999919929181
3.33060034362459e-05,0.000601559201353752,0.9987972434888,0.00120239461969305,3.61891507228004e-07,0.999999919930156
3.37698031082509e-05,0.000593282800814277,0.99881378640064,0.00118586159709211,3.52002268223708e-07,0.999999919931118
3.42400613797143e-05,0.000585120466163235,0.998830101451175,0.00116955616532284,3.42383501815988e-07,0.999999919932067
3.47168681892656e-05,0.000577070619938532,0.998846191787924,0.00115347518427472,3.3302780117362e-07,0.999999919933002
3.52003147279668e-05,0.000569131706641071,0.99886206051468,0.00113761555735749,3.23927962326111e-07,0.999999919933925
3.56904934567523e-05,0.00056130219242584,0.998877710692128,0.00112197423089266,3.15076979509436e-07,0.999999919934835
3.61874981241128e-05,0.000553580564795345,0.998893145338448,0.00110654819351358,3.06468038552407e-07,0.999999919935732
3.66914237840249e-05,0.00054596533229976,0.998908367429913,0.00109133447557412,2.98094512700322e-07,0.999999919936617
3.72023668141307e-05,0.000538455024239541,0.998923379901478,0.00107633014856569,2.89949956697611e-07,0.99999991993749
3.772042493417e-05,0.000531048190373449,0.998938185647355,0.00106153232454258,2.8202810215699e-07,0.999999919938351
3.824569722467e-05,0.000523743400630254,0.998952787521592,0.00104693815555549,2.74322852508377e-07,0.9999999199392
3.87782841458945e-05,0.000516539244824763,0.998967188338629,0.00103254483309299,2.66828278268306e-07,0.999999919940037
3.93182875570577e-05,0.000509434332378422,0.998981390873856,0.00101834958753102,2.59538612911066e-07,0.999999919940862
3.98658107358044e-05,0.000502427292042784,0.998995397864162,0.00100434968759016,2.52448247706379e-07,0.999999919941676
4.04209583979631e-05,0.000495516771628144,0.999009212008472,0.000990542439800528,2.45551727879809e-07,0.999999919942479
4.09838367175726e-05,0.000488701437735015,0.999022835968278,0.000976925187974391,2.38843747819937e-07,0.999999919943271
4.15545533471887e-05,0.000481979975491004,0.999036272368166,0.000963495312686103,2.32319147952281e-07,0.999999919944052
4.21332174384729e-05,0.00047535108828942,0.999049523796331,0.0009502502307595,2.25972909670435e-07,0.999999919944822
4.27199396630678e-05,0.000468813497533269,0.999062592805085,0.000937187394762523,2.19800152006914e-07,0.999999919945582
4.3314832233764e-05,0.000462365942382543,0.999075481911363,0.000924304292508969,2.13796128058761e-07,0.999999919946331
4.39180089259609e-05,0.000456007179504215,0.999088193597212,0.000911598446567317,2.0795622055641e-07,0.999999919947069
4.45295850994265e-05,0.000449735982827305,0.999100730310284,0.000899067413776476,2.02275939066771e-07,0.999999919947798
4.5149677720361e-05,0.000443551143300301,0.999113094464316,0.000886708784768379,1.96750916111568e-07,0.999999919948517
4.57784053837662e-05,0.000437451468652756,0.999125288439599,0.000874520183497329,1.91376904091134e-07,0.999999919949225
4.64158883361278e-05,0.000431435783159341,0.999137314583453,0.000862499266775971,1.861497713558e-07,0.999999919949924
4.70622484984128e-05,0.000425502927408612,0.999149175210682,0.000850643723817833,1.81065499695325e-07,0.999999919950613
4.77176094893874e-05,0.000419651758074326,0.999160872604033,0.0008389512757863,1.76120181176269e-07,0.999999919951293
4.83820966492596e-05,0.000413881147689576,0.999172409014635,0.000827419675349962,1.71310014594598e-07,0.999999919951963
4.90558370636505e-05,0.000408189984425106,0.999183786662453,0.000816046706244233,1.66631302989605e-07,0.999999919952624
4.97389595879007e-05,0.000402577171870221,0.99919500773671,0.000804830182839125,1.6208045065867e-07,0.999999919953276
5.04315948717136e-05,0.000397041628816958,0.999206074396326,0.000793767949713142,1.57653960386364e-07,0.999999919953919
5.11338753841432e-05,0.00039158228904738,0.999216988770336,0.000782857881233149,1.53348430805282e-07,0.999999919954553
5.18459354389291e-05,0.000386198101123792,0.999227752958306,0.000772097881140165,1.49160553708852e-07,0.999999919955179
5.25679112201842e-05,0.000380888028181696,0.999238369030748,0.000761485882140992,1.45087111199445e-07,0.999999919955795
5.32999408084409e-05,0.000375651047726663,0.999248839029521,0.000751019845505569,1.41124973878303e-07,0.999999919956404
5.40421642070591e-05,0.000370486151432798,0.999259164968232,0.000740697760670015,1.37271097790798e-07,0.999999919957003
5.47947233690028e-05,0.000365392344944978,0.999269348832632,0.000730517644845225,1.33522522366013e-07,0.999999919957595
5.55577622239888e-05,0.000360368647683771,0.999279392581001,0.000720477542630987,1.29876368277072e-07,0.999999919958178
5.63314267060135e-05,0.000355414092652528,0.99928929814453,0.000710575525635517,1.26329834769338e-07,0.999999919958754
5.71158647812644e-05,0.000350527726248145,0.999299067427702,0.000700809692100324,1.22880197983696e-07,0.999999919959321
5.79112264764176e-05,0.000345708608073506,0.999308702308661,0.000691178166530364,1.19524808323674e-07,0.999999919959881
5.87176639073326e-05,0.000340955810753664,0.999318204639582,0.000681679099329367,1.1626108898028e-07,0.999999919960433
5.95353313081437e-05,0.000336268419753904,0.999327576247026,0.00067231066644029,1.13086533759261e-07,0.999999919960977
6.03643850607586e-05,0.000331645533200066,0.999336818932305,0.000663071068990815,1.09998704658342e-07,0.999999919961514
6.1204983724767e-05,0.000327086261702803,0.999345934471825,0.000653958532943809,1.06995230898495e-07,0.999999919962044
6.2057288067765e-05,0.000322589728182627,0.999354924617441,0.000644971308752705,1.0407380627458e-07,0.999999919962566
6.29214610961035e-05,0.000318155067698526,0.999363791096791,0.000636107671021684,1.01232187683649e-07,0.999999919963081
6.37976680860628e-05,0.00031378142727886,0.999372535613636,0.00062736591817065,9.84681935346397e-08,0.999999919963589
6.46860766154632e-05,0.000309467965754362,0.999381159848193,0.000618744372104873,9.57797019259399e-08,0.99999991996409
6.55868565957144e-05,0.000305213853593592,0.999389665457462,0.00061024137788927,9.31646489564161e-08,0.999999919964583
6.65001803043112e-05,0.000301018272740989,0.999398054075545,0.000601855303427255,9.06210273613796e-08,0.999999919965071
6.74262224177835e-05,0.000296880416456471,0.999406327313971,0.000593584539144061,8.81468844403507e-08,0.999999919965551
6.83651600451024e-05,0.000292799489158457,0.999414486762004,0.000585427497674519,8.57403211971782e-08,0.999999919966025
6.9317172761554e-05,0.000288774706268275,0.999422533986954,0.000577382613555186,8.33994906822939e-08,0.999999919966492
7.02824426430835e-05,0.000284805294056632,0.999430470534483,0.00056944834292079,8.11225962365223e-08,0.999999919966953
7.12611543011175e-05,0.000280890489492834,0.999438297928905,0.000561623163204919,7.89078903744604e-08,0.999999919967408
7.22534949178722e-05,0.000277029540096045,0.999446017673482,0.000553905572844884,7.67536736031313e-08,0.999999919967856
7.32596542821523e-05,0.000273221703788236,0.999453631250716,0.000546294090990726,7.4658292873093e-08,0.999999919968298
7.42798248256491e-05,0.000269466248749111,0.999461140122642,0.000538787257218267,7.26201399772882e-08,0.999999919968734
7.53142016597438e-05,0.000265762453274464,0.999468545731102,0.000531383631246187,7.06376513705254e-08,0.999999919969164
7.63629826128224e-05,0.000262109605634115,0.999475849498037,0.000524081792657049,6.87093055904862e-08,0.999999919969588
7.74263682681128e-05,0.000258507003934338,0.999483052825755,0.000516880340622206,6.68336232349581e-08,0.999999919970006
7.85045620020451e-05,0.000254953955980589,0.999490157097204,0.000509777893630574,6.50091653020286e-08,0.999999919970419
7.95977700231498e-05,0.000251449779142561,0.999497163676247,0.000502773089221163,6.3234531979357e-08,0.999999919970826
8.07062014114951e-05,0.000247993800221589,0.999504073907919,0.000495864583719356,6.15083619104947e-08,0.999999919971227
8.18300681586739e-05,0.000244585355319215,0.999510889118692,0.000489051051976875,5.98293307781583e-08,0.999999919971623
8.29695852083492e-05,0.000241223789708385,0.999517610616734,0.000482331187115345,5.81961507126888e-08,0.999999919972013
8.41249704973612e-05,0.000237908457705508,0.999524239692158,0.00047570370027347,5.66075687733012e-08,0.999999919972398
8.52964449974102e-05,0.000234638722545546,0.999530777617276,0.000469167320357705,5.50623666936223e-08,0.999999919972777
8.64842327573173e-05,0.000231413956257239,0.999537225646845,0.00046272079379642,5.35593590286808e-08,0.999999919973152
8.76885609458743e-05,0.000228233539541725,0.99954358501831,0.000456362884297484,5.20973929833864e-08,0.999999919973521
8.89096598952917e-05,0.00022509686165215,0.999549856952043,0.000450092372609227,5.06753475370365e-08,0.999999919973885
9.01477631452492e-05,0.000222003320274256,0.999556042651583,0.000443908056284736,4.92921318879743e-08,0.999999919974244
9.14031074875622e-05,0.000218952321409895,0.999562143303865,0.000437808749449427,4.79466851816706e-08,0.999999919974598
9.26759330114688e-05,0.000215943279261697,0.999568160079452,0.00043179328257186,4.6637975767449e-08,0.999999919974948
9.39664831495469e-05,0.000212975616118913,0.999574094132762,0.000425860502237745,4.53650000409376e-08,0.999999919975292
9.5275004724273e-05,0.000210048762245244,0.999579946602291,0.000420009270927085,4.41267817011194e-08,0.999999919975632
9.66017479952265e-05,0.000207162155768664,0.999585718610834,0.000414238466794436,4.2922371446322e-08,0.999999919975967
9.79469667069539e-05,0.000204315242571727,0.999591411265702,0.00040854698345221,4.17508456227052e-08,0.999999919976297
9.9310918137498e-05,0.000201507476184457,0.999597025658937,0.000402933729756998,4.06113059577104e-08,0.999999919976623
0.000100693863147603,0.000198738317678313,0.999602562867522,0.000397397629598877,3.95028788746817e-08,0.999999919976945
0.000102096066230605,0.00019600723556136,0.999608023953592,0.000391937621693622,3.84247145496642e-08,0.999999919977262
0.000103517795563018,0.000193313705675093,0.999613409964636,0.000386552659377834,3.73759861755567e-08,0.999999919977574
0.000104959323055823,0.000190657211093281,0.999618721933703,0.000381241710406899,3.635588983141e-08,0.999999919977883
0.000106420924406472,0.000188037242021415,0.999623960879601,0.000376003756755763,3.53636435332632e-08,0.999999919978187
0.000107902879151618,0.000185453295697751,0.999629127807091,0.000370837794422475,3.43984865141243e-08,0.999999919978487
0.000109405470720574,0.000182904876296228,0.999634223707087,0.000365742833234454,3.34596790011669e-08,0.999999919978783
0.000110928986489522,0.000180391494829909,0.999639249556841,0.000360717896657465,3.25465011769021e-08,0.999999919979074
0.000112473717836475,0.000177912669056884,0.99964420632014,0.000355762021607222,3.16582532726905e-08,0.999999919979362
0.000114039960197003,0.000175467923386075,0.999649094947482,0.000350874258263632,3.07942542594601e-08,0.999999919979646
0.000115628013120738,0.00017305678878576,0.99965391637627,0.00034605366988761,2.99538419554213e-08,0.999999919979926
0.00011723818032866,0.000170678802692477,0.999658671530987,0.000341299332640429,2.9136372262518e-08,0.999999919980202
0.00011887076977119,0.000168333508921236,0.999663361323376,0.000336610335405597,2.83412184379521e-08,0.999999919980474
0.000120526093687084,0.000166020457577826,0.999667986652616,0.000331985779613185,2.75677712339908e-08,0.999999919980742
0.000122204468663149,0.000163739204971008,0.999672548405496,0.00032742477906661,2.68154377030139e-08,0.999999919981007
0.000123906215694792,0.000161489313527282,0.999677047456587,0.000322926459771817,2.6083641373588e-08,0.999999919981268
0.000125631660247412,0.000159270351705807,0.99968148466841,0.000318489959768824,2.53718213952476e-08,0.999999919981526
0.000127381132318648,0.00015708189391503,0.999685860891602,0.000314114428965615,2.46794322225044e-08,0.99999991998178
0.000129154966501488,0.000154923520430391,0.999690176965082,0.00030979902897433,2.40059432257277e-08,0.99999991998203
0.000130953502048267,0.000152794817313219,0.999694433716212,0.000305542932949729,2.33508383541735e-08,0.999999919982277
0.000132777082935543,0.000150695376330619,0.999698631960954,0.000301345325429899,2.2713615669182e-08,0.999999919982521
0.000134626057929891,0.000148624794876365,0.999702772504034,0.000297205402179163,2.20937867830484e-08,0.999999919982761
0.000136500780654601,0.000146582675893363,0.99970685613909,0.000293122370033174,2.14908767766234e-08,0.999999919982998
0.000138401609657313,0.000144568627796718,0.99971088364883,0.000289095446746151,2.09044236430095e-08,0.999999919983232
0.000140328908478587,0.000142582264398169,0.999714855805182,0.000285123860840237,2.03339780508252e-08,0.999999919983462
0.000142283045721435,0.000140623204831378,0.99971877336944,0.000281206851456943,1.97791029068919e-08,0.99999991998369
0.000144264395121816,0.00013869107347841,0.999722637092416,0.000277343668210647,1.92393730864848e-08,0.999999919983914
0.000146273335620113,0.000136785499897078,0.999726447714581,0.00027353357104413,1.87143750131498e-08,0.999999919984135
0.00014831025143361,0.000134906118749628,0.999730205966207,0.000269775830086105,1.82037065760338e-08,0.999999919984353
0.000150375532129974,0.000133052569731765,0.999733912567513,0.000266069725510726,1.77069764015171e-08,0.999999919984568
0.000152469572701757,0.000131224497503587,0.999737568228797,0.000262414547399044,1.7223804064687e-08,0.999999919984781
0.000154592773641948,0.000129421551620462,0.999741173650578,0.000258809595602372,1.67538192760242e-08,0.99999991998499
0.00015674554102056,0.000127643386465721,0.999744729523731,0.000255254179607554,1.62966619435267e-08,0.999999919985196
0.000158928286562298,0.000125889661184089,0.999748236529614,0.000251747618404092,1.58519820429317e-08,0.9999999199854
0.000161141427725302,0.00012416003961542,0.999751695340208,0.000248289240353112,1.54194388639773e-08,0.9999999199856
0.000163385387780986,0.000122454190230072,0.999755106618241,0.000244878383058152,1.49987009962545e-08,0.999999919985798
0.000165660595894992,0.00012077178606495,0.999758471017316,0.000241514393237727,1.45894460868063e-08,0.999999919985994
0.000167967487209265,0.000119112504660659,0.99976178918204,0.00023819662659967,1.41913608235936e-08,0.999999919986186
0.000170306502925284,0.000117476027998676,0.999765061748143,0.000234924447717198,1.38041400769969e-08,0.999999919986376
0.000172678090388436,0.000115862042440782,0.999768289342606,0.000231697229906706,1.34274874292052e-08,0.999999919986563
0.000175082703173572,0.000114270238667858,0.999771472583779,0.000228514355107245,1.30611142354863e-08,0.999999919986748
0.000177520801171764,0.000112700311620741,0.999774612081498,0.000225375213761665,1.27047399089259e-08,0.99999991998693
0.000179992850678248,0.00011115196044126,0.999777708437209,0.000222279204699412,1.23580915536959e-08,0.99999991998711
0.000182499324481615,0.000109624888414117,0.999780762244075,0.000219225735020934,1.20209036497956e-08,0.999999919987287
0.00018504070195423,0.000108118802909644,0.999783774087099,0.000216214219983694,1.16929177969088e-08,0.999999919987462
0.000187617469143912,0.000106633415327876,0.999786744543227,0.000213244082889755,1.13738829986547e-08,0.999999919987634
0.000190230118866895,0.000105168441042293,0.99978967418147,0.000210314754974924,1.10635548314386e-08,0.999999919987804
0.000192879150802078,0.000103723599345235,0.999792563563005,0.000207425675299422,1.07616955236794e-08,0.999999919987972
0.000195565071586595,0.000102298613394118,0.999795413241286,0.000204576290640072,1.04680740817948e-08,0.999999919988137
0.000198288394912707,0.000100893210157462,0.999798223762151,0.000201766055383975,1.01824654746363e-08,0.9999999199883
0.00020104964162605,9.9507120362845e-05,0.999800995663925,0.000198994431423651,9.9046510192765e-09,0.999999919988461
0.000203849339825246,9.81400784447996e-05,0.999803729477528,0.000196260888053641,9.6344179792299e-09,0.99999991998862
0.000206688024962908,9.67918224937711e-05,0.999806425726572,0.000193564901868522,9.37155951016215e-09,0.999999919988776
0.000209566239948044,9.54620942052619e-05,0.999809084927464,0.000190905956662346,9.11587408875913e-09,0.999999919988931
0.000212484535249888,9.415063883083e-05,0.999811707589504,0.000188283543329462,8.86716609914493e-09,0.999999919989083
0.000215443469003188,9.28572051284068e-05,0.999814294214988,0.000185697159766703,8.62524505534619e-09,0.999999919989233
0.000218443607114943,9.15815453141571e-05,0.999816845299297,0.000183146310776937,8.38992568851621e-09,0.999999919989381
0.000221485523372636,9.03234150147831e-05,0.999819361330998,0.000180630507973941,8.16102781257518e-09,0.999999919989527
0.000224569799553978,8.90825732205056e-05,0.999821842791935,0.000178149269688588,7.93837621150735e-09,0.999999919989671
0.000227697025538168,8.7858782238394e-05,0.999824290157323,0.000175702120876339,7.72180022446398e-09,0.999999919989813
0.000230867799418717,8.66518076471692e-05,0.99982670389584,0.000173288593026001,7.51113416854799e-09,0.999999919989953
0.000234082727617829,8.54614182515973e-05,0.999829084469714,0.000170908224069756,7.30621671954476e-09,0.999999919990091
0.000237342425002387,8.42873860381488e-05,0.999831432334815,0.000168560558294422,7.10689093791589e-09,0.999999919990227
0.000240647515001543,8.31294861311575e-05,0.999833747940742,0.000166245146253949,6.91300418320141e-09,0.999999919990362
0.000243998629725955,8.19874967497053e-05,0.999836031730909,0.000163961544683117,6.72440814708801e-09,0.999999919990494
0.000247396410088681,8.08611991644684e-05,0.999838284142629,0.000161709316412426,6.540958255607e-09,0.999999919990625
0.000250841505927754,7.97503776561946e-05,0.999840505607202,0.000159488030284163,6.36251411314224e-09,0.999999919990754
0.000254334576130465,7.86548194739356e-05,0.999842696549991,0.000157297261069629,6.18893912108912e-09,0.999999919990881
0.00025787628875938,7.75743147941511e-05,0.999844857390512,0.000155136589387501,6.02010040052386e-09,0.999999919991006
0.000261467321180109,7.65086566803592e-05,0.999846988542508,0.000153005601623331,5.85586869345975e-09,0.99999991999113
0.000265108360190854,7.54576410433427e-05,0.999849090414032,0.000150903889850149,5.69611826811505e-09,0.999999919991252
0.000268800102153761,7.44210666018054e-05,0.999851163407523,0.000148831051750162,5.54072672448837e-09,0.999999919991372
0.000272543253128103,7.33987348439319e-05,0.999853207919887,0.000146786690537538,5.38957516284374e-09,0.999999919991491
0.000276338529005317,7.23904499889705e-05,0.99985522434257,0.000144770414882251,5.24254784481609e-09,0.999999919991608
0.00028018665564592,7.13960189498439e-05,0.999857213061633,0.000142781838834981,5.09953235362922e-09,0.999999919991723
0.00028408836901833,7.04152512955758e-05,0.999859174457828,0.000140820581753041,4.9604190554913e-09,0.999999919991837
0.00028804441533963,6.94479592150937e-05,0.999861108906671,0.000138886268227339,4.8251014240152e-09,0.999999919991949
0.000292055551218275,6.84939574811934e-05,0.999863016778514,0.000136978528010342,4.69347602265451e-09,0.99999991999206
0.000296122543798804,6.7553063414452e-05,0.999864898438613,0.000135096995945023,4.56544194075569e-09,0.999999919992169
0.000300246170908555,6.66250968486478e-05,0.999866754247204,0.000133241311894808,4.44090124377306e-09,0.999999919992276
0.00030442722120643,6.57098800958096e-05,0.999868584559567,0.000131411120674475,4.31975857219532e-09,0.999999919992383
0.000308666494333727,6.48072379122319e-05,0.999870389726097,0.000129606071982007,4.2019212282275e-09,0.999999919992487
0.000312964801067075,6.39169974647971e-05,0.99987217009237,0.000127825820331395,4.08729909976129e-09,0.999999919992591
0.000317322963473498,6.30389882973907e-05,0.999873925999209,0.00012607002498635,3.97580421549978e-09,0.999999919992693
0.000321741815067637,6.21730422988559e-05,0.999875657782754,0.000124338349894951,3.86735138035413e-09,0.999999919992793
0.000326222200971167,6.13189936701673e-05,0.999877365774517,0.000122630463625173,3.76185758067739e-09,0.999999919992892
0.000330764978074424,6.04766788926007e-05,0.999879050301457,0.000120946039301319,3.65924194133008e-09,0.99999991999299
0.000335371015200293,5.96459366967983e-05,0.999880711686033,0.00011928475454132,3.55942613838173e-09,0.999999919993086
0.000340041193270371,5.88266080310693e-05,0.999882350246271,0.000117646291394904,3.46233361718431e-09,0.999999919993181
0.000344776405473446,5.80185360313717e-05,0.999883966295827,0.000116030336282617,3.36789006333607e-09,0.999999919993275
0.000349577557436327,5.72215659910979e-05,0.999885560144041,0.000114436579935677,3.27602325926872e-09,0.999999919993368
0.000354445567397044,5.64355453312222e-05,0.999887132096,0.000112864717336672,3.18666288608236e-09,0.999999919993459
0.000359381366380463,5.56603235709268e-05,0.999888682452599,0.000111314447661061,3.09974039636857e-09,0.999999919993549
0.000364385898376355,5.48957522992696e-05,0.999890211510591,0.000109785474219486,3.01518952641462e-09,0.999999919993637
0.00036946012051993,5.41416851457873e-05,0.999891719562654,0.000108277504400887,2.93294534366411e-09,0.999999919993725
0.000374605003274899,5.33979777531492e-05,0.999893206897439,0.000106790249616386,2.8529449560969e-09,0.999999919993811
0.000379821530619074,5.26644877492024e-05,0.999894673799629,0.000105323425243957,2.77512722403458e-09,0.999999919993896
0.000385110700232557,5.19410747194128e-05,0.999896120549994,0.000103876750573852,2.69943248673186e-09,0.99999991999398
0.000390473523688556,5.12276001802628e-05,0.999897547425442,0.000102449948754783,2.62580287123859e-09,0.999999919994063
0.000395911026646846,5.0523927552388e-05,0.999898954699077,0.000101042746740841,2.55418196753218e-09,0.999999919994145
0.000401424249049932,4.98299221346825e-05,0.999900342640246,9.96548752391492e-05,2.48451510791647e-09,0.999999919994225
0.000407014245321944,4.91454510778198e-05,0.999901711514593,9.8286068658238e-05,2.41674870082018e-09,0.999999919994305
0.000412682084570295,4.84703833597498e-05,0.999903061584112,9.69360650571297e-05,2.35083118490837e-09,0.999999919994383
0.000418428850790158,4.7804589759514e-05,0.999904393107193,9.56046060951247e-05,2.28671195164293e-09,0.99999991999446
0.000424255643071778,4.71479428331557e-05,0.999905706338676,9.42914369822809e-05,2.2243420153196e-09,0.999999919994536
0.000430163575810679,4.65003168888466e-05,0.999907001529896,9.29963064305729e-05,2.16367356014246e-09,0.999999919994611
0.000436153778920801,4.58615879630078e-05,0.999908278928734,9.17189666057267e-05,2.10466014448764e-09,0.999999919994686
0.00044222739805059,4.5231633796544e-05,0.999909538779664,9.04591730797158e-05,2.04725668610393e-09,0.999999919994759
0.000448385594802119,4.4610333811195e-05,0.999910781323797,8.92166847839122e-05,1.99141923888917e-09,0.999999919994831
0.00045462954695324,4.39975690864513e-05,0.999912006798932,8.79912639628833e-05,1.93710500969531e-09,0.999999919994902
0.000460960448682843,4.33932223370419e-05,0.999913215439599,8.6782676128824e-05,1.88427262988043e-09,0.999999919994972
0.000467379510799246,4.27971778896618e-05,0.999914407477102,8.55906900166171e-05,1.83288135327021e-09,0.999999919995041
0.000473887960971765,4.22093216619454e-05,0.999915583139568,8.44150775395131e-05,1.78289218883743e-09,0.999999919995109
0.000480487043965513,4.16295411393576e-05,0.999916742651988,8.32556137454185e-05,1.73426664838076e-09,0.999999919995177
0.000487178021879463,4.10577253544485e-05,0.999917886236259,8.21120767737885e-05,1.68696755422824e-09,0.999999919995243
0.000493962174387832,4.04937648653673e-05,0.999919014111228,8.0984247813111e-05,1.64095881185296e-09,0.999999919995308
0.000500840798984821,3.993755173475e-05,0.999920126492736,7.98719110589773e-05,1.59620526139163e-09,0.999999919995373
0.000507815211232767,3.93889795087615e-05,0.999921223593655,7.87748536727307e-05,1.55267239610433e-09,0.999999919995436
0.00051488674501375,3.88479431975194e-05,0.999922305623932,7.76928657406822e-05,1.510327178318e-09,0.999999919995499
0.000522056752784698,3.83143392540155e-05,0.999923372790629,7.66257402338906e-05,1.46913707020386e-09,0.999999919995561
0.000529326605836056,3.77880655548694e-05,0.999924425297961,7.55732729684935e-05,1.42907062268896e-09,0.999999919995622
0.000536697694554048,3.72690213803659e-05,0.999925463347336,7.45352625665868e-05,1.39009707248534e-09,0.999999919995682
0.000544171428686589,3.67571073955538e-05,0.999926487137396,7.35115104176417e-05,1.35218673293135e-09,0.999999919995742
0.000551749237612913,3.62522256307481e-05,0.999927496864049,7.25018206404522e-05,1.31531052205197e-09,0.9999999199958
0.000559432570616938,3.57542794629899e-05,0.999928492720514,7.15060000456083e-05,1.27944018576899e-09,0.999999919995858
0.000567222897164455,3.52631735975818e-05,0.999929474897353,7.05238580984832e-05,1.24454834019841e-09,0.999999919995915
0.000575121707184161,3.47788140497013e-05,0.999930443582509,6.95552068827331e-05,1.2106083347699e-09,0.999999919995971
0.000583130511352622,3.43011081262077e-05,0.999931398961342,6.8599861064296e-05,1.1775940597132e-09,0.999999919996027
0.000591250841383188,3.38299644084218e-05,0.999932341216664,6.76576378558889e-05,1.1454804773307e-09,0.999999919996081
0.000599484250318941,3.33652927337729e-05,0.999933270528775,6.67283569819922e-05,1.1142427768483e-09,0.999999919996135
0.000607832312829724,3.29070041793158e-05,0.999934187075499,6.58118406443159e-05,1.08385715785991e-09,0.999999919996189
0.000616296625513294,3.24550110443418e-05,0.999935091032212,6.49079134877426e-05,1.0543004704943e-09,0.999999919996241
0.000624878807200689,3.20092268333122e-05,0.999935982571883,6.40164025667367e-05,1.02554994386311e-09,0.999999919996293
0.000633580499265825,3.15695662397813e-05,0.999936861865104,6.31371373122181e-05,9.97583672244194e-10,0.999999919996344
0.000642403365939419,3.1135945129647e-05,0.999937729080121,6.22699494988915e-05,9.70380201228125e-10,0.999999919996394
0.000651349094627281,3.07082805252875e-05,0.999938584382868,6.14146732130234e-05,9.43918775810743e-10,0.999999919996444
0.000660419396233031,3.02864905894759e-05,0.999939427937,6.05711448206653e-05,9.18179143230991e-10,0.999999919996493
0.000669616005485322,2.98704946097423e-05,0.999940259903922,5.97392029363118e-05,8.93141586377896e-10,0.999999919996541
0.000678940681269611,2.94602129830756e-05,0.999941080442821,5.89186883919913e-05,8.68787079963114e-10,0.999999919996588
0.00068839520696455,2.90555672000792e-05,0.999941889710697,5.8109444206782e-05,8.4509668821952e-10,0.999999919996635
0.000697981390783067,2.86564798310269e-05,0.999942687862391,5.7311315556746e-05,8.22052653894198e-10,0.999999919996682
0.000707701066118189,2.8262874509713e-05,0.999943475050618,5.65241497452796e-05,7.99637073190754e-10,0.999999919996727
0.000717556091893692,2.78746759197634e-05,0.999944251425993,5.57477961738684e-05,7.77832829240287e-10,0.999999919996772
0.000727548352919623,2.74918097800796e-05,0.999945017137063,5.49821063132475e-05,7.56623455817169e-10,0.999999919996817
0.000737679760252773,2.71142028299718e-05,0.999945772330333,5.42269336749572e-05,7.3599249324842e-10,0.999999919996861
0.000747952251562183,2.67417828158753e-05,0.999946517150292,5.34821337832896e-05,7.15924230543317e-10,0.999999919996904
0.000758367791499719,2.63744784772051e-05,0.999947251739449,5.27475641476229e-05,6.96403393671719e-10,0.999999919996946
0.000768928372075831,2.6012219532577e-05,0.99994797623835,5.20230842351339e-05,6.77415010093003e-10,0.999999919996988
0.000779636013040524,2.56549366663958e-05,0.999948690785612,5.13085554438879e-05,6.58944451853102e-10,0.99999991999703
0.000790492762269642,2.53025615159238e-05,0.999949395517946,5.06038410762983e-05,6.40977774655181e-10,0.999999919997071
0.000801500696156541,2.49550266576128e-05,0.999950090570186,4.990880631295e-05,6.23501137811476e-10,0.999999919997111
0.000812661920009195,2.46122655944763e-05,0.999950776075312,4.92233181867853e-05,6.06501083669296e-10,0.999999919997151
0.000823978568452851,2.42742127435068e-05,0.999951452164478,4.85472455576422e-05,5.89964685713043e-10,0.99999991999719
0.000835452805838287,2.39408034229178e-05,0.999952118967034,4.7880459087145e-05,5.73879345242424e-10,0.999999919997229
0.00084708682665574,2.36119738397678e-05,0.999952776610553,4.72228312139399e-05,5.5823279791154e-10,0.999999919997267
0.000858882855954626,2.32876610775263e-05,0.999953425220858,4.65742361292696e-05,5.43012891548761e-10,0.999999919997304
0.000870843149769072,2.29678030845802e-05,0.999954064922039,4.59345497528866e-05,5.2820813685689e-10,0.999999919997342
0.000882969995549408,2.26523386617987e-05,0.999954695836484,4.53036497092953e-05,5.13807151061591e-10,0.999999919997378
0.00089526571259964,2.23412074510452e-05,0.999955318084897,4.46814153043222e-05,4.99798884062415e-10,0.999999919997414
0.000907732652521022,2.20343499237486e-05,0.999955931786325,4.40677275020084e-05,4.86172744423863e-10,0.99999991999745
0.000920373199661823,2.17317073690957e-05,0.99995653705818,4.34624689018186e-05,4.72918186375678e-10,0.999999919997485
0.000933189771573324,2.14332218831752e-05,0.999957134016259,4.28655237161659e-05,4.6002509229904e-10,0.99999991999752
0.000946184819472199,2.11388363577468e-05,0.999957722774768,4.22767777482428e-05,4.47483625349611e-10,0.999999919997554
0.000959360828709315,2.08484944693002e-05,0.999958303446346,4.16961183701597e-05,4.35284220417999e-10,0.999999919997587
0.000972720319245054,2.05621406682987e-05,0.999958876142081,4.11234345013823e-05,4.23417607528195e-10,0.999999919997621
0.000986265846131283,2.02797201682728e-05,0.999959440971538,4.05586165874665e-05,4.11874539567303e-10,0.999999919997653
0.001,2.00011789358791e-05,0.999959998042775,4.00015565790853e-05,4.00646336480494e-10,0.999999919997686
