-0.001,0.999919920325389,6.4127534864061e-09,8.00732618579421e-05,8.00732618578825e-05,0.999839847063531,1.00099991992033
-0.000986265846131283,0.999918806301834,6.59241582242587e-09,8.11871057503262e-05,8.11871057503355e-05,0.999837619196083,1.00098618576756
-0.000972720319245054,0.999917676765174,6.77711419276947e-09,8.23164577119652e-05,8.23164577119506e-05,0.999835360307462,1.00097264024176
-0.000959360828709315,0.999916531499386,6.96698979530852e-09,8.34615336244197e-05,8.34615336244848e-05,0.999833069965761,1.0009592807523
-0.000946184819472199,0.999915370285439,7.16218778722751e-09,8.46225523733969e-05,8.46225523734034e-05,0.999830747733065,1.00094610474412
-0.000933189771573324,0.999914192901252,7.36285739605221e-09,8.57997358905246e-05,8.57997358905127e-05,0.999828393165362,1.00093310969727
-0.000920373199661823,0.999912999121652,7.5691520337922e-09,8.69933091957076e-05,8.69933091957042e-05,0.999826005812457,1.00092029312639
-0.000907732652521022,0.999911788718331,7.78122941428392e-09,8.82035004400708e-05,8.82035004400317e-05,0.99982358521789,1.00090765258026
-0.00089526571259964,0.999910561459799,7.99925167382445e-09,8.94305409494982e-05,8.94305409495644e-05,0.999821130918849,1.00089518564134
-0.000882969995549408,0.999909317111346,8.22338549518842e-09,9.06746652687788e-05,9.06746652686863e-05,0.999818642446077,1.00088288992528
-0.000870843149769072,0.999908055434991,8.45380223512238e-09,9.19361112063619e-05,9.19361112063921e-05,0.999816119323785,1.00087076308047
-0.000858882855954626,0.999906776189442,8.69067805541484e-09,9.32151198797373e-05,9.32151198798081e-05,0.999813561069562,1.00085880278762
-0.00084708682665574,0.999905479130045,8.93419405764169e-09,9.45119357614426e-05,9.45119357613766e-05,0.999810967194283,1.00084700675927
-0.000835452805838287,0.999904164008738,9.18453642169019e-09,9.58268067257108e-05,9.58268067257073e-05,0.999808337202012,1.00083537273939
-0.000823978568452851,0.999902830574008,9.44189654816803e-09,9.71599840957654e-05,9.71599840957627e-05,0.999805670589912,1.00082389850293
-0.000812661920009195,0.999901478570837,9.70647120480527e-09,9.85117226917707e-05,9.85117226917076e-05,0.999802966848145,1.0008125818554
-0.000801500696156541,0.999900107740658,9.97846267696258e-09,9.98822808794495e-05,9.98822808794264e-05,0.999800225459778,1.00080142063244
-0.000790492762269642,0.999898717821302,1.02580789223596e-08,0.000101271920619374,0.000101271920619372,0.999797445900682,1.00079041269944
-0.000779636013040524,0.999897308546949,1.05455337301425e-08,0.000102680907516943,0.000102680907516861,0.999794627639432,1.00077955595109
-0.000768928372075831,0.99989587964808,1.08410468844125e-08,0.000104109510873047,0.00010410951087314,0.999791770137207,1.00076884831098
-0.000758367791499719,0.99989443085142,1.11448443323397e-08,0.000105558003735447,0.000105558003735351,0.999788872847685,1.00075828773126
-0.000747952251562183,0.999892961879891,1.14571583569921e-08,0.000107026662950853,0.000107026662950926,0.99978593521694,1.00074787219216
-0.000737679760252773,0.999891472452554,1.17782277550105e-08,0.000108515769217737,0.000108515769217776,0.999782956683337,1.00073759970168
-0.000727548352919623,0.999889962284562,1.21082980192659e-08,0.000110025607139872,0.000110025607139796,0.999779936677422,1.00072746829516
-0.000717556091893692,0.999888431087098,1.244762152664e-08,0.000111556465280617,0.000111556465280715,0.999776874621817,1.00071747603494
-0.000707701066118189,0.999886878567324,1.27964577310709e-08,0.000113108636217948,0.00011310863621794,0.999773769931106,1.00070762100996
-0.000697981390783067,0.999885304428326,1.31550733620123e-08,0.000114682416600268,0.000114682416600287,0.999770622011726,1.00069790133541
-0.00068839520696455,0.999883708369054,1.35237426284584e-08,0.000116278107202974,0.000116278107202938,0.999767430261851,1.00068831515236
-0.000678940681269611,0.999882090084267,1.39027474286903e-08,0.000117896012985817,0.000117896012985841,0.999764194071281,1.00067886062743
-0.000669616005485322,0.999880449264471,1.42923775659041e-08,0.000119536443151061,0.000119536443150992,0.99976091282132,1.0006695359524
-0.000660419396233031,0.999878785595867,1.46929309698853e-08,0.000121199711202441,0.000121199711202502,0.999757585884664,1.00066033934389
-0.000651349094627281,0.999877098760281,1.5104713924901e-08,0.000122886135004942,0.000122886135004885,0.999754212625276,1.00065126904302
-0.000642403365939419,0.999875388435113,1.55280413039817e-08,0.00012459603684541,0.000124596036845337,0.999750792398268,1.00064232331505
-0.000633580499265825,0.999873654293269,1.59632368097727e-08,0.000126329743493998,0.000126329743493914,0.999747324549775,1.00063350044909
-0.000624878807200689,0.9998718960031,1.64106332221412e-08,0.00012808758626647,0.000128087586266479,0.999743808416834,1.00062479875773
-0.000616296625513294,0.99987011322834,1.68705726527253e-08,0.000129869901087362,0.000129869901087432,0.999740243327253,1.00061621657673
-0.000607832312829724,0.999868305628039,1.73434068066226e-08,0.000131677028554028,0.0001316770285541,0.999736628599485,1.00060775226474
-0.000599484250318941,0.999866472856501,1.78294972514166e-08,0.000133509314001562,0.000133509314001579,0.9997329635425,1.0005994042029
-0.000591250841383188,0.999864614563216,1.83292156937468e-08,0.000135367107568634,0.000135367107568563,0.999729247455647,1.00059117079463
-0.000583130511352622,0.999862730392791,1.88429442636363e-08,0.000137250764264225,0.000137250764264185,0.999725479628527,1.00058305046526
-0.000575121707184161,0.999860819984889,1.93710758067909e-08,0.000139160644035298,0.000139160644035297,0.999721659340854,1.00057504166174
-0.000567222897164455,0.99985888297415,1.99140141850962e-08,0.0001410971118354,0.000141097111835409,0.999717785862315,1.00056714285236
-0.000559432570616938,0.999856918990131,2.04721745855412e-08,0.000143060537694221,0.000143060537694195,0.999713858452437,1.00055935252644
-0.000551749237612913,0.999854927657228,2.10459838378044e-08,0.000145051296788106,0.000145051296788101,0.99970987636044,1.00055166919406
-0.000544171428686589,0.999852908594608,2.16358807407469e-08,0.000147069769511561,0.000147069769511621,0.999705838825096,1.00054409138575
-0.000536697694554048,0.999850861416134,2.22423163980602e-08,0.000149116341549734,0.000149116341549793,0.999701745074584,1.00053661765222
-0.000529326605836056,0.999848785730294,2.28657545633274e-08,0.000151191403951909,0.000151191403951922,0.999697594326342,1.0005292465641
-0.000522056752784698,0.999846681140122,2.35066719947598e-08,0.000153295353206018,0.000153295353205962,0.999693385786916,1.00052197671164
-0.00051488674501375,0.999844547243127,2.41655588198827e-08,0.00015542859131418,0.000155428591314122,0.999689118651813,1.00051480670445
-0.000507815211232767,0.999842383631212,2.48429189104464e-08,0.000157591525869292,0.00015759152586925,0.999684792105343,1.00050773517124
-0.000500840798984821,0.999840189890597,2.5539270267851e-08,0.000159784570132681,0.00015978457013277,0.999680405320464,1.00050076075956
-0.000493962174387832,0.999837965601742,2.62551454193814e-08,0.000162008143112826,0.000162008143112846,0.999675957458629,1.00049388213552
-0.000487178021879463,0.999835710339263,2.69910918255502e-08,0.000164262669645177,0.000164262669645199,0.999671447669618,1.00048709798357
-0.000480487043965513,0.999833423671855,2.77476722988673e-08,0.000166548580473076,0.000166548580473158,0.999666875091382,1.0004804070062
-0.000473887960971765,0.999831105162205,2.85254654343503e-08,0.000168866312329796,0.000168866312329818,0.999662238849875,1.00047380792374
-0.000467379510799246,0.999828754366912,2.93250660521082e-08,0.000171216308021726,0.000171216308021749,0.99965753805889,1.0004672994741
-0.000460960448682843,0.999826370836402,3.01470856523371e-08,0.000173599016512694,0.000173599016512704,0.999652771819889,1.00046088041251
-0.00045462954695324,0.999823954114838,3.09921528830733e-08,0.000176014893009469,0.000176014893009557,0.999647939221828,1.00045454951129
-0.000448385594802119,0.999821503740038,3.18609140210656e-08,0.00017846439904844,0.00017846439904845,0.999643039340989,1.00044830555965
-0.00044222739805059,0.999819019243383,3.27540334661306e-08,0.000180948002583501,0.000180948002583503,0.9996380712408,1.0004421473634
-0.000436153778920801,0.999816500149731,3.36721942493716e-08,0.000183466178075142,0.000183466178075076,0.999633033971655,1.00043607374477
-0.000430163575810679,0.999813945977321,3.46160985556497e-08,0.000186019406580787,0.000186019406580806,0.99962792657074,1.00043008354215
-0.000424255643071778,0.999811356237685,3.55864682607047e-08,0.000188608175846369,0.000188608175846428,0.999622748061839,1.00042417560989
-0.000418428850790158,0.999808730435555,3.65840454833405e-08,0.000191232980399182,0.000191232980399247,0.999617497455156,1.00041834881809
-0.000412682084570295,0.999806068068765,3.76095931530927e-08,0.000193894321642015,0.000193894321642074,0.999612173747123,1.00041260205234
-0.000407014245321944,0.999803368628156,3.86638955938161e-08,0.000196592707948584,0.000196592707948584,0.999606775920207,1.00040693421355
-0.000401424249049932,0.999800631597481,3.97477591236376e-08,0.000199328654760289,0.000199328654760356,0.99960130294272,1.00040134421774
-0.000395911026646846,0.999797856453303,4.08620126717322e-08,0.000202102684684309,0.000202102684684236,0.999595753768619,1.00039583099579
-0.000390473523688556,0.999795042664898,4.20075084123957e-08,0.000204915327593056,0.000204915327593147,0.999590127337305,1.00039039349328
-0.000385110700232557,0.999792189694153,4.31851224168977e-08,0.000207767120724995,0.000207767120725011,0.999584422573428,1.00038503067026
-0.000379821530619074,0.999789296995458,4.43957553236135e-08,0.00021065860878687,0.000210658608786884,0.999578638386671,1.00037974150108
-0.000374605003274899,0.99978636401561,4.56403330269498e-08,0.00021359034405734,0.000213590344057324,0.999572773671552,1.00037452497417
-0.00036946012051993,0.999783390193701,4.69198073855864e-08,0.000216562886492041,0.000216562886491967,0.999566827307209,1.00036938009183
-0.000364385898376355,0.999780374961013,4.8235156950582e-08,0.000219576803830109,0.000219576803830113,0.999560798157183,1.00036430587011
-0.000359381366380463,0.99977731774091,4.95873877138946e-08,0.000222632671702176,0.000222632671702083,0.999554685069208,1.00035930133853
-0.000354445567397044,0.999774217948726,5.0977533877893e-08,0.00022573107373985,0.00022573107373991,0.999548486874986,1.00035436553995
-0.000349577557436327,0.999771074991655,5.24066586464484e-08,0.000228872601686716,0.000228872601686692,0.999542202389968,1.00034949753039
-0.000344776405473446,0.999767888268634,5.38758550382069e-08,0.000232057855510869,0.000232057855510948,0.999535830413123,1.00034469637882
-0.000340041193270371,0.999764657170234,5.53862467226706e-08,0.000235287443519003,0.000235287443519083,0.999529369726715,1.00033996116701
-0.000335371015200293,0.999761381078539,5.69389888797225e-08,0.000238561982472072,0.000238561982472074,0.999522819096067,1.00033529098933
-0.000330764978074424,0.999758059367028,5.85352690832538e-08,0.000241882097702551,0.000241882097702484,0.999516177269326,1.00033068495259
-0.000326222200971167,0.999754691400458,6.01763082095716e-08,0.000245248423233325,0.000245248423233368,0.999509442977225,1.00032614217586
-0.000321741815067637,0.99975127653474,6.18633613712774e-08,0.000248661601898204,0.000248661601898292,0.999502614932842,1.00032166179033
-0.000317322963473498,0.999747814116817,6.35977188773361e-08,0.000252122285464115,0.000252122285464118,0.999495691831353,1.0003172429391
-0.000312964801067075,0.999744303484538,6.53807072200653e-08,0.000255631134754979,0.000255631134755019,0.999488672349783,1.00031288477706
-0.000308666494333727,0.999740743966533,6.72136900898005e-08,0.000259188819777295,0.000259188819777378,0.999481555146755,1.00030858647068
-0.00030442722120643,0.999737134882083,6.90980694180171e-08,0.00026279601984746,0.000262796019847467,0.999474338862236,1.00030434719791
-0.000300246170908555,0.999733475540993,7.10352864496983e-08,0.000266453423720844,0.000266453423720781,0.999467022117272,1.00030016614796
-0.000296122543798804,0.999729765243454,7.30268228457785e-08,0.000270161729722655,0.000270161729722718,0.999459603513732,1.0002960425212
-0.000292055551218275,0.999726003279918,7.50742018164982e-08,0.000273921645880599,0.000273921645880582,0.999452081634037,1.00029197552895
-0.00028804441533963,0.999722188930951,7.71789892865399e-08,0.000277733890059371,0.000277733890059362,0.999444455040892,1.00028796439341
-0.00028408836901833,0.999718321467108,7.93427950928389e-08,0.000281599190097019,0.000281599190096959,0.999436722277011,1.00028400834742
-0.00028018665564592,0.999714400148783,8.15672742159788e-08,0.00028551828394316,0.000285518283943076,0.999428881864839,1.00028010663438
-0.000276338529005317,0.999710424226073,8.38541280461207e-08,0.000289491919799132,0.000289491919799101,0.999420932306274,1.00027625850806
-0.000272543253128103,0.999706392938634,8.62051056844284e-08,0.000293520856260057,0.000293520856259999,0.999412872082374,1.0002724632325
-0.000268800102153761,0.999702305515536,8.86220052809873e-08,0.000297605862458876,0.000297605862458861,0.999404699653077,1.00026872008185
-0.000265108360190854,0.999698161175112,9.11066754102435e-08,0.000301747718212361,0.000301747718212342,0.9993964134569,1.00026502834019
-0.000261467321180109,0.999693959124814,9.36610164850068e-08,0.000305947214169148,0.000305947214169211,0.999388011910645,1.00026138730149
-0.00025787628875938,0.999689698561058,9.62869822101099e-08,0.000310205151959806,0.000310205151959897,0.999379493409098,1.00025779626938
-0.000254334576130465,0.99968537866907,9.8986581076826e-08,0.000314522344348973,0.000314522344349033,0.999370856324721,1.00025425455705
-0.000250841505927754,0.999680998622733,1.01761877899191e-07,0.000318899615389591,0.000318899615389556,0.999362099007343,1.00025076148714
-0.000247396410088681,0.999676557584425,1.04614995393413e-07,0.000323337800579267,0.000323337800579249,0.999353219783846,1.0002473163916
-0.000243998629725955,0.999672054704865,1.07548115801557e-07,0.000327837747018782,0.000327837747018833,0.999344216957847,1.00024391861152
-0.000240647515001543,0.999667489122945,1.10563482560776e-07,0.000332400313572794,0.000332400313572734,0.999335088809372,1.00024056749709
-0.000237342425002387,0.999662859965565,1.13663402019333e-07,0.000337026371032742,0.000337026371032723,0.999325833594533,1.00023726240737
-0.000234082727617829,0.999658166347473,1.16850245200754e-07,0.000341716802282,0.000341716802282011,0.999316449545191,1.00023400271026
-0.000230867799418717,0.999653407371087,1.20126449617445e-07,0.000346472502463304,0.000346472502463335,0.999306934868624,1.00023078778234
-0.000227697025538168,0.99964858212633,1.23494521135158e-07,0.000351294379148484,0.000351294379148492,0.999297287747182,1.00022761700873
-0.000224569799553978,0.999643689690454,1.26957035889753e-07,0.000356183352510528,0.000356183352510531,0.999287506337943,1.00022448978302
-0.000221485523372636,0.99963872912786,1.30516642257693e-07,0.000361140355498021,0.000361140355497946,0.999277588772362,1.0002214055071
-0.000218443607114943,0.999633699489925,1.341760628818e-07,0.000366166334011971,0.000366166334011875,0.999267533155913,1.00021836359111
-0.000215443469003188,0.999628599814818,1.37938096753816e-07,0.000371262247085088,0.000371262247085169,0.999257337567733,1.00021536345326
-0.000212484535249888,0.999623429127315,1.41805621355354e-07,0.000376429067063505,0.000376429067063477,0.999247000060252,1.00021240451976
-0.000209566239948044,0.999618186438614,1.4578159485889e-07,0.000381667779791015,0.000381667779790984,0.999236518658823,1.00020948622472
-0.000206688024962908,0.999612870746146,1.49869058390464e-07,0.000386979384795837,0.000386979384795816,0.99922589136135,1.00020660800998
-0.000203849339825246,0.999607481033382,1.54071138355837e-07,0.000392364895479942,0.000392364895479891,0.999215116137902,1.00020376932509
-0.00020104964162605,0.99960201626964,1.58391048831867e-07,0.000397825339310989,0.000397825339310987,0.999204190930329,1.00020096962714
-0.000198288394912707,0.999596475409889,1.62832094024943e-07,0.000403361758016896,0.000403361758016918,0.999193113651872,1.00019820838067
-0.000195565071586595,0.999590857394546,1.67397670798357e-07,0.000408975207783084,0.000408975207783047,0.999181882186763,1.00019548505758
-0.000192879150802078,0.999585161149276,1.72091271270536e-07,0.000414666759452431,0.000414666759452453,0.999170494389824,1.00019279913704
-0.000190230118866895,0.999579385584787,1.76916485486137e-07,0.000420437498727967,0.000420437498727999,0.999158948086059,1.00019015010534
-0.000187617469143912,0.999573529596617,1.81877004162041e-07,0.000426288526378359,0.000426288526378382,0.999147241070239,1.00018753745585
-0.00018504070195423,0.999567592064932,1.86976621510333e-07,0.000432220958446213,0.000432220958446194,0.999135371106486,1.00018496068889
-0.000182499324481615,0.999561571854303,1.92219238140449e-07,0.000438235926459236,0.000438235926459196,0.999123335927843,1.00018241931164
-0.000179992850678248,0.999555467813492,1.97608864042703e-07,0.000444334577644296,0.000444334577644367,0.999111133235847,1.00017991283806
-0.000177520801171764,0.999549278775234,2.03149621655452e-07,0.000450518075144413,0.000450518075144402,0.99909876070009,1.00017744078878
-0.000175082703173572,0.999543003556012,2.0884574901829e-07,0.000456787598238736,0.00045678759823875,0.999086215957773,1.000175002691
-0.000172678090388436,0.999536640955832,2.14701603013633e-07,0.000463144342565529,0.000463144342565447,0.999073496613266,1.00017259807843
-0.000170306502925284,0.999530189757989,2.20721662699214e-07,0.000469589520348219,0.000469589520348146,0.999060600237641,1.00017022649119
-0.000167967487209265,0.999523648728843,2.26910532734012e-07,0.000476124360624533,0.000476124360624608,0.999047524368218,1.00016788747568
-0.000165660595894992,0.999517016617574,2.3327294690024e-07,0.000482750109478792,0.000482750109478736,0.999034266508096,1.00016558058458
-0.000163385387780986,0.999510292155951,2.39813771724101e-07,0.000489468030277372,0.000489468030277385,0.999020824125674,1.00016330537667
-0.000161141427725302,0.999503474058082,2.46538010198047e-07,0.000496279403907391,0.000496279403907396,0.999007194654175,1.00016106141683
-0.000158928286562298,0.999496561020176,2.53450805607428e-07,0.00050318552901868,0.000503185529018624,0.998993375491157,1.00015884827587
-0.00015674554102056,0.999489551720286,2.60557445464425e-07,0.000510187722269047,0.000510187722268962,0.998979363998016,1.00015666553053
-0.000154592773641948,0.999482444818062,2.67863365552291e-07,0.000517287318572915,0.000517287318572812,0.998965157499489,1.00015451276335
-0.000152469572701757,0.999475238954493,2.75374154082993e-07,0.000524485671353347,0.000524485671353436,0.998950753283139,1.00015238956261
-0.000150375532129974,0.999467932751646,2.8309555597142e-07,0.00053178415279753,0.000531784152797532,0.998936148598849,1.00015029552223
-0.00014831025143361,0.999460524812407,2.9103347722945e-07,0.000539184154115754,0.000539184154115691,0.998921340658291,1.00014823024173
-0.000146273335620113,0.999453013720207,2.99193989483204e-07,0.00054668708580392,0.000546687085803854,0.998906326634403,1.00014619332611
-0.000144264395121816,0.999445398038756,3.07583334616978e-07,0.000554294377909651,0.000554294377909659,0.998891103660846,1.00014418438581
-0.000142283045721435,0.999437676311768,3.1620792954737e-07,0.000562007480302034,0.000562007480302107,0.998875668831466,1.00014220303659
-0.000140328908478587,0.999429847062684,3.25074371131272e-07,0.00056982786294504,0.000569827862945127,0.998860019199739,1.00014024889954
-0.000138401609657313,0.999421908794384,3.3418944121148e-07,0.000577757016174696,0.000577757016174685,0.998844151778209,1.0001383216009
-0.000136500780654601,0.999413859988908,3.43560111803764e-07,0.000585796450980021,0.000585796450980003,0.998828063537928,1.00013642077209
-0.000134626057929891,0.999405699107162,3.53193550429391e-07,0.000593947699287819,0.000593947699287889,0.998811751407874,1.00013454604954
-0.000132777082935543,0.999397424588623,3.63097125597149e-07,0.000602212314251339,0.000602212314251283,0.998795212274372,1.00013269707473
-0.000130953502048267,0.999389034851045,3.7327841243908e-07,0.000610591870542885,0.000610591870542909,0.998778442980502,1.00013087349402
-0.000129154966501488,0.999380528290151,3.8374519850424e-07,0.000619087964650419,0.000619087964650489,0.998761440325501,1.00012907495865
-0.000127381132318648,0.999371903279332,3.94505489714886e-07,0.000627702215178193,0.000627702215178272,0.998744201064154,1.00012730112465
-0.000125631660247412,0.999363158169332,4.05567516489682e-07,0.000636436263151504,0.000636436263151574,0.998726721906181,1.00012555165275
-0.000123906215694792,0.999354291287934,4.16939740038573e-07,0.000645291772325579,0.00064529177232564,0.998708999515609,1.00012382620837
-0.000122204468663149,0.999345300939643,4.28630858834153e-07,0.000654270429498674,0.000654270429498616,0.998691030510144,1.00012212446151
-0.000120526093687084,0.999336185405355,4.40649815264493e-07,0.000663373944829452,0.000663373944829515,0.998672811460526,1.00012044608671
-0.00011887076977119,0.999326942942039,4.5300580247247e-07,0.000672604052158657,0.000672604052158743,0.99865433888988,1.00011879076296
-0.00011723818032866,0.999317571782393,4.65708271386883e-07,0.00068196250933519,0.000681962509335166,0.998635609273058,1.00011715817369
-0.000115628013120738,0.999308070134516,4.78766937950684e-07,0.000691451098546605,0.000691451098546514,0.998616619035969,1.00011554800665
-0.000114039960197003,0.999298436181555,4.9219179055187e-07,0.000701071626654104,0.000701071626654115,0.998597364554901,1.00011395995389
-0.000112473717836475,0.99928866808137,5.05993097662734e-07,0.000710825925532097,0.000710825925532177,0.998577842155838,1.00011239371169
-0.000110928986489522,0.999278763966172,5.20181415693269e-07,0.000720715852412355,0.00072071585241229,0.99855804811376,1.00011084898051
-0.000109405470720574,0.99926872194217,5.34767597064792e-07,0.000730743290232869,0.000730743290232927,0.998537978651937,1.0001093254649
-0.000107902879151618,0.99925854008921,5.49762798509902e-07,0.000740910147991422,0.000740910147991491,0.998517629941219,1.00010782287349
-0.000106420924406472,0.999248216460406,5.65178489605147e-07,0.000751218361103968,0.000751218361104034,0.998496998099302,1.00010634091891
-0.000104959323055823,0.999237749081771,5.81026461542932e-07,0.000761669891767887,0.000761669891767958,0.998476079190003,1.00010487931772
-0.000103517795563018,0.999227135951834,5.9731883614934e-07,0.000772266729330151,0.000772266729330062,0.998454869222504,1.00010343779038
-0.000102096066230605,0.999216375041264,6.14068075154806e-07,0.000783010890660496,0.000783010890660463,0.998433364150604,1.0001020160612
-0.000100693863147603,0.999205464292481,6.31286989724687e-07,0.000793904420529649,0.000793904420529734,0.998411559871951,1.00010061385828
-9.9310918137498e-05,0.999194401619257,6.48988750257028e-07,0.000804949391992676,0.000804949391992604,0.998389452227264,1.00009923091342
-9.79469667069539e-05,0.999183184906326,6.67186896455058e-07,0.000816147906777534,0.000816147906777531,0.998367036999548,1.00009786696215
-9.66017479952265e-05,0.999171812008973,6.85895347682021e-07,0.000827502095678867,0.000827502095678945,0.998344309913295,1.00009652174359
-9.5275004724273e-05,0.999160280752629,7.05128413606369e-07,0.000839014118957157,0.000839014118957149,0.998321266633672,1.00009519500047
-9.39664831495469e-05,0.999148588932452,7.24900805145369e-07,0.000850686166743252,0.00085068616674322,0.998297902765708,1.00009388647905
-9.26759330114688e-05,0.999136734312906,7.45227645715517e-07,0.000862520459448374,0.000862520459448457,0.998274213853457,1.00009259592906
-9.14031074875622e-05,0.999124714627338,7.66124482798395e-07,0.000874519248179677,0.000874519248179606,0.998250195379158,1.00009132310368
-9.01477631452492e-05,0.999112527577539,7.87607299830741e-07,0.000886684815161405,0.000886684815161409,0.998225842762377,1.00009006775949
-8.89096598952917e-05,0.99910017083331,8.09692528427898e-07,0.000899019474161756,0.000899019474161711,0.998201151359148,1.00008882965639
-8.76885609458743e-05,0.999087642032014,8.32397060949924e-07,0.000911525570925496,0.000911525570925553,0.998176116461088,1.00008760855759
-8.64842327573173e-05,0.999074938778124,8.5573826341999e-07,0.000924205483612409,0.000924205483612384,0.998150733294512,1.00008640422955
-8.52964449974102e-05,0.99906205864277,8.79733988804976e-07,0.000937061623241681,0.000937061623241697,0.998124997019528,1.00008521644193
-8.41249704973612e-05,0.999048999163267,9.04402590668336e-07,0.000950096434142247,0.000950096434142234,0.998098902729125,1.00008404496758
-8.29695852083492e-05,0.999035757842654,9.29762937205765e-07,0.000963312394409232,0.000963312394409166,0.998072445448244,1.00008288958244
-8.18300681586739e-05,0.999022332149208,9.55834425674317e-07,0.000976712016366528,0.00097671201636651,0.998045620132841,1.00008175006553
-8.07062014114951e-05,0.999008719515967,9.8263699722603e-07,0.00099029784703559,0.000990297847035526,0.998018421668932,1.00008062619893
-7.95977700231498e-05,0.998994917340237,1.01019115215743e-06,0.00100407246861057,0.00100407246861056,0.997990844871627,1.00007951776768
-7.85045620020451e-05,0.998980922983095,1.03851796558651e-06,0.00101803849893979,0.00101803849893978,0.997962884484155,1.00007842455981
-7.74263682681128e-05,0.998966733768883,1.0676391035692e-06,0.00103219859201377,0.00103219859201376,0.997934535176869,1.00007734636622
-7.63629826128224e-05,0.998952346984701,1.09757683966765e-06,0.0010465554384597,0.00104655543845977,0.997905791546241,1.0000762829807
-7.53142016597438e-05,0.998937759879885,1.12835407198301e-06,0.00106111176604267,0.00106111176604273,0.997876648113843,1.00007523419989
-7.42798248256491e-05,0.998922969665486,1.1599943406656e-06,0.00107587034017353,0.00107587034017353,0.997847099325312,1.0000741998232
-7.32596542821523e-05,0.998907973513731,1.19252184591607e-06,0.00109083396442363,0.00109083396442355,0.997817139549307,1.0000731796528
-7.22534949178722e-05,0.998892768557487,1.22596146649111e-06,0.00110600548104642,0.00110600548104645,0.997786763076441,1.00007217349358
-7.12611543011175e-05,0.998877351889715,1.26033877872795e-06,0.00112138777150607,0.00112138777150617,0.997755964118209,1.0000711811531
-7.02824426430835e-05,0.998861720562911,1.29568007610214e-06,0.00113698375701314,0.00113698375701321,0.997724736805898,1.00007020244158
-6.9317172761554e-05,0.998845871588543,1.33201238933369e-06,0.00115279639906743,0.0011527963990674,0.997693075189476,1.00006923717184
-6.83651600451024e-05,0.998829801936485,1.36936350705666e-06,0.00116882870000812,0.00116882870000812,0.997660973236477,1.00006828515927
-6.74262224177835e-05,0.998813508534432,1.40776199706835e-06,0.0011850837035712,0.00118508370357118,0.997628424830861,1.00006734622178
-6.65001803043112e-05,0.998796988267317,1.44723722817401e-06,0.00120156449545441,0.0012015644954545,0.997595423771863,1.00006642017981
-6.55868565957144e-05,0.998780237976718,1.48781939264396e-06,0.00121827420388972,0.00121827420388965,0.997561963772828,1.00006550685624
-6.46860766154632e-05,0.998763254460247,1.52953952930025e-06,0.00123521600022338,0.00123521600022347,0.997528038460024,1.0000646060764
-6.37976680860628e-05,0.998746034470949,1.57242954725035e-06,0.00125239309950378,0.00125239309950376,0.997493641371445,1.00006371766801
-6.29214610961035e-05,0.998728574716673,1.61652225028635e-06,0.00126980876107712,0.00126980876107718,0.997458765955595,1.00006284146116
-6.2057288067765e-05,0.998710871859447,1.66185136196782e-06,0.00128746628919103,0.00128746628919096,0.997423405570256,1.00006197728827
-6.1204983724767e-05,0.998692922514842,1.70845155140802e-06,0.00130536903360615,0.00130536903360612,0.997387553481236,1.00006112498407
-6.03643850607586e-05,0.998674723251324,1.75635845978276e-06,0.00132352039021595,0.00132352039021588,0.997351202861108,1.00006028438554
-5.95353313081437e-05,0.998656270589598,1.80560872758237e-06,0.00134192380167471,0.00134192380167475,0.997314346787923,1.00005945533193
-5.87176639073326e-05,0.998637561001943,1.85624002262755e-06,0.00136058275803389,0.00136058275803397,0.99727697824391,1.00005863766467
-5.79112264764176e-05,0.998618590911544,1.90829106887057e-06,0.00137950079738691,0.00137950079738691,0.997239090114157,1.00005783122738
-5.71158647812644e-05,0.998599356691801,1.9618016760036e-06,0.00139868150652249,0.00139868150652256,0.997200675185279,1.00005703586583
-5.63314267060135e-05,0.998579854665643,2.01681276989717e-06,0.00141812852158668,0.00141812852158663,0.997161726144057,1.00005625142789
-5.55577622239888e-05,0.998560081104822,2.07336642389165e-06,0.00143784552875361,0.0014378455287537,0.997122235576069,1.00005547776355
-5.47947233690028e-05,0.998540032229204,2.13150589096587e-06,0.00145783626490516,0.00145783626490514,0.997082195964299,1.00005471472484
-5.40421642070591e-05,0.998519704206044,2.1912756368074e-06,0.00147810451831955,0.00147810451831953,0.997041599687724,1.00005396216582
-5.32999408084409e-05,0.998499093149257,2.25272137380976e-06,0.00149865412936917,0.00149865412936911,0.997000439019888,1.00005321994256
-5.25679112201842e-05,0.998478195118677,2.31589009602248e-06,0.00151948899122744,0.00151948899122745,0.996958706127449,1.00005248791312
-5.18459354389291e-05,0.9984570061193,2.38083011508083e-06,0.00154061305058511,0.00154061305058517,0.996916393068715,1.00005176593748
-5.11338753841432e-05,0.998435522100527,2.44759109714255e-06,0.001562030308376,0.00156203030837598,0.996873491792151,1.00005105387757
-5.04315948717136e-05,0.998413738955387,2.51622410085983e-06,0.00158374482051227,0.00158374482051227,0.996829994134875,1.0000503515972
-4.97389595879007e-05,0.998391652519754,2.58678161641564e-06,0.00160576069862936,0.00160576069862928,0.996785891821125,1.00004965896206
-4.90558370636505e-05,0.998369258571554,2.65931760565407e-06,0.00162808211084072,0.00162808211084065,0.996741176460713,1.00004897583968
-4.83820966492596e-05,0.998346552829954,2.7338875433354e-06,0.00165071328250251,0.00165071328250244,0.996695839547452,1.00004830209941
-4.77176094893874e-05,0.998323530954552,2.8105484595476e-06,0.00167365849698829,0.00167365849698831,0.996649872457564,1.00004763761239
-4.70622484984128e-05,0.998300188544543,2.88935898330621e-06,0.00169692209647384,0.00169692209647387,0.996603266448069,1.00004698225155
-4.64158883361278e-05,0.99827652113788,2.97037938737646e-06,0.00172050848273236,0.00172050848273242,0.996556012655148,1.00004633589153
-4.57784053837662e-05,0.998252524210426,3.05367163435141e-06,0.00174442211793999,0.00174442211794001,0.996508102092486,1.00004569840873
-4.5149677720361e-05,0.998228193175084,3.13929942402147e-06,0.00176866752549186,0.00176866752549187,0.996459525649592,1.00004506968121
-4.45295850994265e-05,0.998203523380929,3.22732824207169e-06,0.0017932492908289,0.0017932492908288,0.9964102740901,1.00004444958874
-4.39180089259609e-05,0.998178510112315,3.3178254101435e-06,0.00181817206227533,0.0018181720622753,0.996360338050039,1.00004383801272
-4.3314832233764e-05,0.998153148587976,3.41086013729979e-06,0.00184344055188714,0.00184344055188712,0.996309708036088,1.00004323483617
-4.27199396630678e-05,0.998127433960115,3.50650357293202e-06,0.00186905953631161,0.00186905953631167,0.996258374423804,1.00004263994375
-4.21332174384729e-05,0.998101361313481,3.60482886115014e-06,0.00189503385765794,0.00189503385765788,0.996206327455823,1.00004205322168
-4.15545533471887e-05,0.998074925664424,3.70591119669685e-06,0.00192136842437936,0.00192136842437929,0.996153557240045,1.00004147455774
-4.09838367175726e-05,0.998048121959951,3.8098278824286e-06,0.00194806821216651,0.00194806821216653,0.996100053747785,1.00004090384127
-4.04209583979631e-05,0.998020945076759,3.91665838840766e-06,0.00197513826485256,0.00197513826485263,0.996045806811906,1.0000403409631
-3.98658107358044e-05,0.997993389820257,4.02648441265e-06,0.00200258369532995,0.00200258369533002,0.995990806124927,1.00003978581559
-3.93182875570577e-05,0.997965450923577,4.13938994357554e-06,0.00203040968647904,0.00203040968647905,0.995935041237098,1.00003923829257
-3.87782841458945e-05,0.997937123046567,4.25546132420857e-06,0.00205862149210881,0.00205862149210889,0.995878501554458,1.00003869828932
-3.824569722467e-05,0.997908400774772,4.37478731817699e-06,0.00208722443790961,0.00208722443790954,0.995821176336863,1.00003816570255
-3.772042493417e-05,0.997879278618404,4.49745917756132e-06,0.00211622392241827,0.00211622392241828,0.995763054695986,1.00003764043042
-3.72023668141307e-05,0.997849751011292,4.62357071264473e-06,0.00214562541799566,0.00214562541799568,0.995704125593296,1.00003712237246
-3.66914237840249e-05,0.99781981230982,4.75321836361759e-06,0.00217543447181673,0.00217543447181667,0.995644377838003,1.00003661142959
-3.61874981241128e-05,0.997789456791852,4.88650127429155e-06,0.00220565670687339,0.00220565670687345,0.995583800084979,1.0000361075041
-3.56904934567523e-05,0.997758678655642,5.02352136787874e-06,0.00223629782299017,0.00223629782299017,0.995522380832652,1.00003561049959
-3.52003147279668e-05,0.997727472018722,5.16438342489477e-06,0.00226736359785299,0.00226736359785307,0.995460108420869,1.00003512032103
-3.47168681892656e-05,0.997695830916786,5.30919516324434e-06,0.00229885988805102,0.00229885988805101,0.995396971028735,1.00003463687465
-3.42400613797143e-05,0.997663749302548,5.45806732055089e-06,0.00233079263013188,0.00233079263013181,0.995332956672416,1.00003416006801
-3.37698031082509e-05,0.997631221044591,5.61111373879327e-06,0.00236316784167036,0.00236316784167045,0.99526805320292,1.00003368980991
-3.33060034362459e-05,0.997598239926198,5.76845145131356e-06,0.00239599162235071,0.00239599162235071,0.995202248303847,1.00003322601041
-3.28485736603005e-05,0.997564799644165,5.93020077226311e-06,0.00242927015506276,0.00242927015506278,0.995135529489102,1.0000327685808
-3.2397426295282e-05,0.9975308938076,6.09648538855452e-06,0.00246300970701192,0.00246300970701185,0.995067884100588,1.00003231743361
-3.19524750575921e-05,0.997496515936702,6.26743245438985e-06,0.00249721663084332,0.00249721663084335,0.994999299305859,1.00003187248255
-3.15136348486648e-05,0.997461659461531,6.4431726884377e-06,0.00253189736578023,0.0025318973657803,0.994929762095751,1.00003143364251
-3.10808217386906e-05,0.99742631772075,6.62384047373246e-06,0.00256705843877678,0.00256705843877669,0.994859259281973,1.00003100082958
-3.06539529505653e-05,0.997390483960354,6.80957396037286e-06,0.00260270646568538,0.00260270646568539,0.994787777494669,1.00003057396097
-3.02329468440578e-05,0.99735415133239,7.00051517109754e-06,0.0026388481524388,0.00263884815243887,0.994715303179951,1.00003015295504
-2.98177229001967e-05,0.997317312893643,7.19681010981848e-06,0.00267549029624716,0.00267549029624714,0.994641822597396,1.00002973773128
-2.94082017058706e-05,0.997279961604317,7.39860887319529e-06,0.00271263978680998,0.00271263978680991,0.994567321817507,1.00002932821027
-2.90043049386399e-05,0.997242090326691,7.60606576533495e-06,0.00275030360754348,0.00275030360754347,0.994491786719148,1.00002892431369
-2.86059553517574e-05,0.997203691823761,7.81933941570532e-06,0.00278848883682321,0.00278848883682314,0.994415202986938,1.00002852596428
-2.82130767593947e-05,0.997164758757857,8.03859290035155e-06,0.00282720264924233,0.00282720264924241,0.994337556108615,1.00002813308588
-2.78255940220713e-05,0.997125283689248,8.26399386650841e-06,0.00286645231688549,0.00286645231688543,0.994258831372362,1.00002774560333
-2.74434330322836e-05,0.997085259074721,8.49571466070372e-06,0.00290624521061873,0.00290624521061877,0.994179013864102,1.00002736344253
-2.70665207003324e-05,0.997044677266144,8.73393246044985e-06,0.00294658880139534,0.00294658880139531,0.994098088464749,1.0000269865304
-2.66947849403432e-05,0.997003530509012,8.97882940962491e-06,0.00298749066157804,0.00298749066157811,0.994016039847434,1.00002661479483
-2.63281546564802e-05,0.996961810940965,9.23059275764587e-06,0.00302895846627748,0.00302895846627749,0.993932852474687,1.00002624816475
-2.59665597293487e-05,0.99691951059029,9.48941500254015e-06,0.00307099999470738,0.00307099999470739,0.993848510595583,1.00002588657002
-2.56099310025846e-05,0.996876621374406,9.75549403802536e-06,0.0031136231315564,0.00311362313155639,0.993762998242849,1.00002552994149
-2.52582002696278e-05,0.996833135098318,1.00290333047082e-05,0.0031568358683769,0.00315683586837689,0.993676299229941,1.00002517821096
-2.49113002606779e-05,0.996789043453064,1.03102419455191e-05,0.00320064630499088,0.00320064630499095,0.993588397148073,1.00002483131116
-2.45691646298279e-05,0.996744338014121,1.05993349655005e-05,0.00324506265091311,0.00324506265091318,0.993499275363208,1.00002448917573
-2.4231727942376e-05,0.996699010239812,1.08965333960701e-05,0.00329009322679171,0.00329009322679175,0.99340891701302,1.00002415173926
-2.38989256623105e-05,0.99665305146967,1.12020644638861e-05,0.00333574646586647,0.00333574646586643,0.993317305003803,1.00002381893719
-2.35706941399673e-05,0.996606452922791,1.15161617644411e-05,0.0033820309154448,0.00338203091544487,0.993224422007346,1.00002349070588
-2.32469705998565e-05,0.996559205696164,1.18390654405183e-05,0.00342895523839581,0.00342895523839581,0.993130250457768,1.00002316698256
-2.29276931286565e-05,0.996511300762972,1.21710223656466e-05,0.00347652821466249,0.00347652821466249,0.993034772548309,1.0000228477053
-2.26128006633728e-05,0.996462728970875,1.25122863326921e-05,0.00352475874279218,0.00352475874279212,0.992937970228083,1.00002253281306
-2.23022329796594e-05,0.996413481040267,1.28631182477331e-05,0.00357365584148566,0.00357365584148572,0.992839825198781,1.0000222222456
-2.19959306803007e-05,0.996363547562506,1.32237863293636e-05,0.00362322865116484,0.00362322865116482,0.992740318911341,1.00002191594352
-2.16938351838519e-05,0.996312918998127,1.35945663135788e-05,0.0036734864355594,0.00367348643555943,0.992639432562568,1.00002161384826
-2.13958887134342e-05,0.996261585675023,1.39757416643984e-05,0.00372443858331245,0.00372443858331239,0.992537147091711,1.00002131590202
-2.1102034285686e-05,0.996209537786604,1.43676037903878e-05,0.00377609460960542,0.00377609460960548,0.992433443176999,1.00002102204782
-2.08122156998634e-05,0.99615676538993,1.47704522672436e-05,0.00382846415780239,0.00382846415780236,0.992328301232128,1.00002073222947
-2.05263775270925e-05,0.996103258403819,1.51845950666108e-05,0.00388155700111401,0.00388155700111392,0.992221701402705,1.00002044639154
-2.02444650997681e-05,0.996049006606928,1.56103487913092e-05,0.00393538304428119,0.0039353830442812,0.992113623562646,1.00002016447935
-1.99664245010979e-05,0.995993999635804,1.60480389171446e-05,0.00398995232527878,0.00398995232527877,0.992004047310525,1.000019886439
-1.96922025547917e-05,0.995938226982919,1.64980000414925e-05,0.00404527501703931,0.00404527501703933,0.99189295196588,1.0000196122173
-1.94217468148902e-05,0.995881677994664,1.69605761388419e-05,0.00410136142919719,0.00410136142919715,0.991780316565467,1.00001934176181
-1.91550055557353e-05,0.995824341869323,1.74361208234937e-05,0.00415822200985323,0.00415822200985316,0.99166611985947,1.0000190750208
-1.88919277620767e-05,0.99576620765502,1.79249976196153e-05,0.00421586734736003,0.00421586734736001,0.99155034030766,1.00001881194326
-1.86324631193156e-05,0.995707264247633,1.84275802388562e-05,0.00427430817212804,0.00427430817212804,0.991432956075505,1.00001855247888
-1.83765620038817e-05,0.995647500388681,1.89442528657354e-05,0.00433355535845281,0.00433355535845281,0.991313945030229,1.00001829657802
-1.81241754737424e-05,0.995586904663186,1.94754104510203e-05,0.00439361992636336,0.00439361992636345,0.991193284736822,1.00001804419176
-1.78752552590424e-05,0.995525465497495,2.00214590133178e-05,0.00445451304349198,0.00445451304349198,0.991070952454003,1.00001779527181
-1.7629753752872e-05,0.995463171157085,2.05828159491104e-05,0.00451624602696559,0.00451624602696565,0.99094692513012,1.00001754977058
-1.73876240021625e-05,0.99540000974433,2.11599103514693e-05,0.00457883034531882,0.00457883034531881,0.990821179399011,1.0000173076411
-1.71488196987054e-05,0.995335969196233,2.1753183337693e-05,0.00464227762042906,0.00464227762042901,0.990693691575804,1.00001706883708
-1.69132951702965e-05,0.99527103728214,2.23630883861145e-05,0.00470659962947354,0.00470659962947362,0.990564437652667,1.00001683331283
-1.66810053720006e-05,0.995205201601409,2.2990091682339e-05,0.00477180830690867,0.0047718083069086,0.9904333932945,1.00001660102331
-1.64519058775366e-05,0.995138449581053,2.36346724751728e-05,0.00483791574647192,0.00483791574647197,0.990300533834581,1.00001637192411
-1.62259528707809e-05,0.995070768473351,2.42973234425147e-05,0.00490493420320608,0.00490493420320604,0.990165834270145,1.00001614597139
-1.6003103137387e-05,0.995002145353426,2.49785510674903e-05,0.00497287609550657,0.00497287609550656,0.990029269257919,1.00001592312195
-1.57833140565212e-05,0.994932567116783,2.56788760251129e-05,0.00504175400719144,0.00504175400719142,0.989890813109592,1.00001570333317
-1.55665435927106e-05,0.994862020476826,2.63988335797671e-05,0.00511158068959454,0.00511158068959461,0.989750439787231,1.00001548656301
-1.53527502878042e-05,0.994790491962324,2.71389739938184e-05,0.00518236906368207,0.00518236906368197,0.989608122898642,1.00001527277001
-1.51418932530435e-05,0.99471796791486,2.78998629476568e-05,0.0052541322221923,0.00525413222219229,0.989463835692668,1.00001506191329
-1.49339321612425e-05,0.994644434486229,2.8682081971498e-05,0.00532688343179911,0.0053268834317991,0.98931755105443,1.00001485395251
-1.4728827239075e-05,0.994569877635812,2.9486228889268e-05,0.00540063613529912,0.00540063613529906,0.989169241500512,1.0000146488479
-1.45265392594678e-05,0.994494283127902,3.03129182749092e-05,0.00547540395382267,0.00547540395382273,0.98901887917408,1.00001444656025
-1.43270295340983e-05,0.99441763652901,3.11627819214574e-05,0.00555120068906895,0.00555120068906889,0.988866435839941,1.00001424705085
-1.41302599059953e-05,0.994339923205112,3.20364693232437e-05,0.00562804032556516,0.00562804032556508,0.988711882879546,1.00001405028155
-1.39361927422414e-05,0.994261128318878,3.29346481715903e-05,0.00570593703295012,0.00570593703295019,0.988555191285928,1.00001385621472
-1.37447909267754e-05,0.994181236826853,3.38580048643767e-05,0.00578490516828221,0.00578490516828223,0.988396331658571,1.00001366481324
-1.35560178532937e-05,0.994100233476598,3.48072450298626e-05,0.00586495927837195,0.00586495927837194,0.988235274198226,1.00001347604051
-1.33698374182495e-05,0.994018102803796,3.57830940651696e-05,0.00594611410213935,0.00594611410213941,0.988071988701656,1.00001328986043
-1.31862140139475e-05,0.993934829129314,3.67862976898256e-05,0.00602838457299596,0.00602838457299604,0.987906444556318,1.00001310623737
-1.30051125217341e-05,0.993850396556233,3.78176225147994e-05,0.00611178582125205,0.00611178582125205,0.987738610734981,1.00001292513624
-1.28264983052806e-05,0.993764788966824,3.8877856627453e-05,0.00619633317654877,0.00619633317654877,0.987568455790275,1.00001274652238
-1.2650337203959e-05,0.993677990019492,3.99678101928581e-05,0.00628204217031552,0.00628204217031558,0.987395947849176,1.00001257036165
-1.24765955263087e-05,0.993589983145675,4.10883160719365e-05,0.00636892853825269,0.00636892853825266,0.987221054607423,1.00001239662034
-1.23052400435926e-05,0.993500751546703,4.22402304568888e-05,0.00645700822283969,0.00645700822283979,0.987043743323864,1.00001222526523
-1.21362379834424e-05,0.993410278190607,4.34244335244015e-05,0.00654629737586866,0.00654629737586865,0.986863980814738,1.00001205626355
-1.19695570235904e-05,0.993318545808889,4.46418301071222e-05,0.0066368123610036,0.00663681236100366,0.986681733447886,1.00001188958298
-1.18051652856881e-05,0.993225536893251,4.5893350383917e-05,0.00672856975636526,0.00672856975636515,0.986496967136886,1.00001172519163
-1.16430313292088e-05,0.993131233692269,4.71799505894364e-05,0.00682158635714188,0.00682158635714181,0.986309647335127,1.00001156305807
-1.14831241454351e-05,0.993035618208031,4.85026137435221e-05,0.00691587917822556,0.00691587917822556,0.986119739029805,1.00001140315128
-1.13254131515281e-05,0.992938672192724,4.9862350401018e-05,0.00701146545687476,0.0070114654568747,0.985927206735849,1.0000112454407
-1.11698681846782e-05,0.992840377145175,5.12601994225471e-05,0.00710836265540263,0.0071083626554026,0.985732014489772,1.00001108989614
-1.10164594963366e-05,0.992740714307342,5.26972287668435e-05,0.00720658846389131,0.00720658846389122,0.985534125843451,1.00001093648787
-1.08651577465254e-05,0.992639664660762,5.41745363052433e-05,0.00730616080293243,0.00730616080293234,0.98533350385783,1.00001078518654
-1.07159339982267e-05,0.992537208922948,5.56932506589471e-05,0.00740709782639357,0.00740709782639359,0.985130111096554,1.00001063596322
-1.05687597118481e-05,0.992433327543729,5.72545320596967e-05,0.00750941792421089,0.00750941792421089,0.984923909619518,1.00001048878937
-1.0423606739764e-05,0.992328000701558,5.88595732345142e-05,0.00761313972520793,0.00761313972520794,0.98471486097635,1.00001034363684
-1.02804473209331e-05,0.992221208299744,6.05096003151778e-05,0.00771828209994038,0.0077182820999403,0.984502926199804,1.00001020047786
-1.01392540755881e-05,0.99211292996266,6.22058737731255e-05,0.00782486416356725,0.00782486416356731,0.984288065799092,1.00001005928507
-1e-05,0.992003145031872,6.39496893804926e-05,0.00793290527874787,0.00793290527874779,0.984070239753124,1.00000992003145
-9.86265846131283e-06,0.991891832562237,6.5742379198018e-05,0.00804242505856525,0.00804242505856534,0.983849407503671,1.00000978269038
-9.72720319245054e-06,0.991778971317934,6.75853125905641e-05,0.00815344336947534,0.00815344336947543,0.983625527948459,1.00000964723558
-9.59360828709315e-06,0.991664539768447,6.94798972710214e-05,0.00826598033428233,0.00826598033428227,0.983398559434164,1.00000951364115
-9.46184819472199e-06,0.991548516084487,7.14275803733958e-05,0.00838005633514,0.00838005633513994,0.983168459749347,1.00000938188154
-9.33189771573324e-06,0.991430878133865,7.34298495558815e-05,0.00849569201657878,0.00849569201657885,0.982935186117287,1.00000925193155
-9.20373199661823e-06,0.991311603477306,7.5488234134769e-05,0.00861290828855885,0.00861290828855887,0.982698695188748,1.00000912376632
-9.07732652521022e-06,0.991190669364201,7.7604306250038e-05,0.00873172632954876,0.00873172632954877,0.982458943034652,1.00000899736135
-8.9526571259964e-06,0.991068052728307,7.97796820635224e-05,0.00885216758962967,0.0088521675896297,0.982215885138677,1.00000887269246
-8.82969995549408e-06,0.990943730183384,8.20160229905606e-05,0.00897425379362519,0.00897425379362526,0.981969476389759,1.00000874973581
-8.70843149769072e-06,0.990817678018778,8.4315036966055e-05,0.00909800694425632,0.00909800694425633,0.981719671074521,1.00000862846788
-8.58882855954626e-06,0.990689872194932,8.66784797459112e-05,0.00922344932532184,0.00922344932532193,0.98146642286961,1.00000850886547
-8.4708682665574e-06,0.990560288338852,8.91081562448342e-05,0.00935060350490342,0.00935060350490335,0.981209684833948,1.00000839090571
-8.35452805838287e-06,0.990428901739493,9.16059219115001e-05,0.00947949233859571,0.0094794923385958,0.980949409400897,1.00000827456605
-8.23978568452851e-06,0.990295687343097,9.4173684142147e-05,0.00961013897276101,0.00961013897276108,0.980685548370336,1.00000815982423
-8.12661920009195e-06,0.990160619748458,9.68134037336479e-05,0.00974256684780819,0.00974256684780817,0.98041805290065,1.0000080466583
-8.01500696156541e-06,0.990023673202127,9.95270963771773e-05,0.00987679970149591,0.00987679970149591,0.980146873500631,1.00000793504663
-7.90492762269642e-06,0.989884821593547,0.000102316834193594,0.0100128615722596,0.0100128615722596,0.979871960021287,1.00000782496787
-7.79636013040524e-06,0.989744038450126,0.000105184747311702,0.0101507768025619,0.0101507768025619,0.979593261647565,1.00000771640096
-7.68928372075831e-06,0.989601296932243,0.000108133025490601,0.0102905700422666,0.0102905700422665,0.979310726889976,1.00000760932514
-7.58367791499719e-06,0.989456569828177,0.000111163919787321,0.0104322662520355,0.0104322662520355,0.979024303576142,1.00000750371994
-7.47952251562183e-06,0.989309829548982,0.000114279744271047,0.0105758907067474,0.0105758907067475,0.978733938842234,1.00000739956515
-7.37679760252773e-06,0.989161048123275,0.000117482877785188,0.0107214689989402,0.0107214689989402,0.978439579124334,1.00000729684085
-7.27548352919622e-06,0.989010197191968,0.000120775765758655,0.0108690270422737,0.0108690270422737,0.978141170149694,1.0000071955274
-7.17556091893692e-06,0.988857248002918,0.000124160922067701,0.0110185910750146,0.0110185910750146,0.977838656927903,1.00000709560542
-7.07701066118189e-06,0.988702171405508,0.000127640930949742,0.0111701876635423,0.0111701876635423,0.977531983741966,1.00000699705581
-6.97981390783067e-06,0.988544937845155,0.000131218448970592,0.0113238437058749,0.0113238437058749,0.97722109413928,1.00000689985971
-6.8839520696455e-06,0.988385517357738,0.000134896207046616,0.011479586435215,0.011479586435215,0.976905930922523,1.00000680399853
-6.7894068126961e-06,0.988223879563961,0.00013867701252332,0.0116374434235159,0.0116374434235158,0.976586436140445,1.00000670945394
-6.69616005485322e-06,0.988059993663623,0.000142563751311944,0.0117974425850651,0.0117974425850651,0.976262551078558,1.00000661620786
-6.60419396233031e-06,0.987893828429827,0.000146559390085689,0.0119596121800875,0.0119596121800875,0.975934216249739,1.00000652424246
-6.51349094627281e-06,0.987725352203098,0.000150666978537221,0.0121239808183652,0.0121239808183651,0.975601371384732,1.00000643354014
-6.42403365939419e-06,0.987554532885426,0.000154889651699167,0.0122905774628749,0.0122905774628749,0.975263955422551,1.00000634408356
-6.33580499265824e-06,0.987381337934229,0.000159230632329341,0.0124594314334413,0.0124594314334414,0.974921906500788,1.00000625585561
-6.24878807200689e-06,0.987205734356232,0.000163693233362532,0.0126305724104058,0.0126305724104059,0.974575161945826,1.00000616883942
-6.16296625513294e-06,0.987027688701259,0.000168280860430665,0.0128040304383103,0.0128040304383104,0.974223658262949,1.00000608301834
-6.07832312829724e-06,0.986847167055952,0.000172997014453265,0.012979835929595,0.0129798359295951,0.973867331126357,1.00000599837596
-5.99484250318941e-06,0.986664135037391,0.000177845294300171,0.0131580196683091,0.013158019668309,0.973506115369082,1.00000591489609
-5.91250841383187e-06,0.986478557786638,0.000182829399528505,0.0133386128138333,0.0133386128138333,0.973139944972805,1.00000583256277
-5.83130511352622e-06,0.986290399962189,0.000187953133195961,0.0135216469046147,0.0135216469046148,0.972768753057575,1.00000575136025
-5.75121707184161e-06,0.986099625733337,0.000193220404752543,0.0137071538619109,0.0137071538619109,0.972392471871426,1.000005671273
-5.67222897164455e-06,0.985906198773443,0.000198635233012923,0.0138951659935441,0.0138951659935441,0.972011032779899,1.0000055922857
-5.59432570616938e-06,0.985710082253126,0.000204201749211661,0.0140857159976628,0.0140857159976627,0.971624366255463,1.00000551438325
-5.51749237612912e-06,0.985511238833345,0.000209924200143591,0.0142788369665113,0.0142788369665113,0.971232401866834,1.00000543755075
-5.44171428686589e-06,0.985309630658404,0.000215806951391741,0.0144745623902047,0.0144745623902046,0.970835068268199,1.00000536177349
-5.36697694554048e-06,0.985105219348846,0.000221854490645216,0.0146729261605088,0.0146729261605087,0.970432293188337,1.000005287037
-5.29326605836057e-06,0.984897965994267,0.000228071431109535,0.0148739625746233,0.0148739625746231,0.970024003419644,1.00000521332697
-5.22056752784698e-06,0.984687831146021,0.000234462515012001,0.0150777063389674,0.0150777063389674,0.969610124807053,1.00000514062932
-5.14886745013749e-06,0.984474774809829,0.000241032617204738,0.015284192572966,0.015284192572966,0.969190582236863,1.00000506893012
-5.07815211232767e-06,0.984258756438297,0.000247786748868095,0.0154934568128353,0.0154934568128353,0.968765299625461,1.00000499821568
-5.00840798984821e-06,0.984039734923316,0.000254730061317229,0.0157055350153662,0.0157055350153663,0.96833419990795,1.00000492847247
-4.93962174387833e-06,0.983817668588381,0.000261867849914692,0.0159204635617041,0.0159204635617042,0.967897205026677,1.00000485968715
-4.87178021879463e-06,0.983592515180785,0.000269205558091999,0.016138279261123,0.0161382792611231,0.967454235919662,1.00000479184656
-4.80487043965512e-06,0.983364231863724,0.000276748781483173,0.0163590193547931,0.0163590193547931,0.967005212508931,1.00000472493773
-4.73887960971765e-06,0.983132775208287,0.000284503272173393,0.0165827215195392,0.0165827215195392,0.966550053688748,1.00000465894786
-4.67379510799246e-06,0.982898101185345,0.000292474943065918,0.0168094238715888,0.0168094238715888,0.966088677313756,1.00000459386434
-4.60960448682844e-06,0.982660165157322,0.000300669872370575,0.0170391649703073,0.0170391649703073,0.965621000187015,1.00000452967471
-4.5462954695324e-06,0.982418921869864,0.000309094308217187,0.0172719838219191,0.0172719838219191,0.965146938047944,1.00000446636669
-4.48385594802118e-06,0.982174325443391,0.000317754673397382,0.017507919883212,0.0175079198832121,0.964666405560179,1.00000440392819
-4.4222739805059e-06,0.981926329364539,0.000326657570238361,0.0177470130652228,0.0177470130652229,0.964179316299316,1.00000434234726
-4.36153778920801e-06,0.981674886477485,0.000335809785612274,0.0179893037369022,0.0179893037369022,0.963685582740583,1.00000428161211
-4.3016357581068e-06,0.981419948975158,0.000345218296084953,0.0182348327287568,0.0182348327287567,0.963185116246402,1.00000422171115
-4.24255643071778e-06,0.981161468390328,0.000354890273207858,0.0184836413364646,0.0184836413364645,0.962677827053863,1.0000041626329
-4.18428850790158e-06,0.980899395586579,0.00036483308895722,0.0187357713244635,0.0187357713244636,0.962163624262116,1.00000410436607
-4.12682084570295e-06,0.980633680749167,0.000375054321324424,0.0189912649295087,0.0189912649295088,0.961642415819658,1.00000404689952
-4.07014245321944e-06,0.980364273375741,0.000385561760061855,0.0192501648641969,0.0192501648641968,0.961114108511544,1.00000399022225
-4.01424249049933e-06,0.980091122266957,0.000396363412588468,0.019512514320454,0.0195125143204541,0.960578607946504,1.00000393432343
-3.95911026646846e-06,0.979814175516955,0.000407467510059518,0.0197783569729851,0.0197783569729851,0.96003581854397,1.00000387919236
-3.90473523688556e-06,0.979533380503714,0.000418882513604995,0.0200477369826812,0.0200477369826811,0.959485643521033,1.00000382481851
-3.85110700232557e-06,0.979248683879277,0.000430617120741415,0.0203206989999816,0.0203206989999816,0.958927984879295,1.00000377119146
-3.79821530619074e-06,0.978960031559849,0.00044268027196177,0.0205972881681889,0.0205972881681888,0.95836274339166,1.00000371830098
-3.746050032749e-06,0.978667368715761,0.000455081157508534,0.0208775501267306,0.0208775501267305,0.95778981858903,1.00000366613693
-3.6946012051993e-06,0.978370639761297,0.000467829224334819,0.0211615310143681,0.021161531014368,0.957209108746929,1.00000361468934
-3.64385898376354e-06,0.978069788344396,0.000480934183258835,0.0214492774723454,0.0214492774723455,0.95662051087205,1.00000356394839
-3.59381366380463e-06,0.977764757336206,0.000494406016317027,0.0217408366474766,0.0217408366474767,0.95602392068873,1.00000351390435
-3.54445567397044e-06,0.977455488820511,0.000508254984321353,0.0220362561951679,0.0220362561951678,0.955419232625343,1.00000346454765
-3.49577557436328e-06,0.977141924083005,0.000522491634626328,0.0223355842823683,0.0223355842823684,0.954806339800637,1.00000341586887
-3.44776405473446e-06,0.97682400360044,0.000537126809111642,0.0226388695904481,0.022638869590448,0.954185134009992,1.00000336785869
-3.4004119327037e-06,0.976501667029616,0.000552171652386271,0.0229461613179977,0.0229461613179976,0.953555505711618,1.00000332050792
-3.35371015200293e-06,0.976174853196235,0.000567637620220208,0.0232575091835451,0.0232575091835452,0.95291734401269,1.00000327380752
-3.30764978074424e-06,0.975843500083604,0.000583536488210079,0.0235729634281859,0.0235729634281858,0.952270536655418,1.00000322774854
-3.26222200971167e-06,0.975507544821194,0.000599880360685081,0.0238925748181213,0.0238925748181213,0.951614970003072,1.00000318232218
-3.21741815067637e-06,0.97516692367304,0.000616681679859864,0.0242163946471002,0.0242163946471002,0.95095052902594,1.00000313751976
-3.17322963473497e-06,0.974821572026,0.000633953235241153,0.0245444747387589,0.0245444747387589,0.950277097287241,1.0000030933327
-3.12964801067075e-06,0.974471424377849,0.000651708173295106,0.0248768674488555,0.0248768674488555,0.949594556928994,1.00000304975255
-3.08666494333727e-06,0.974116414325227,0.000669960007382571,0.0252136256673907,0.0252136256673906,0.948902788657836,1.00000300677099
-3.04427221206431e-06,0.973756474551418,0.000688722627969599,0.0255548028206121,0.0255548028206122,0.948201671730806,1.00000296437978
-3.00246170908555e-06,0.973391536813984,0.000708010313120804,0.025900452872895,0.025900452872895,0.947491083941089,1.00000292257082
-2.96122543798803e-06,0.973021531932223,0.000727837739283315,0.0262506303284938,0.0262506303284938,0.946770901603729,1.00000288133611
-2.92055551218274e-06,0.972646389774472,0.000748219992369334,0.0266053902331583,0.0266053902331583,0.946040999541314,1.00000284066778
-2.8804441533963e-06,0.972266039245246,0.000769172579145489,0.0269647881756087,0.0269647881756087,0.945301251069637,1.00000280055803
-2.84088369018331e-06,0.971880408272201,0.000790711438937376,0.0273288802888621,0.027328880288862,0.944551527983338,1.0000027609992
-2.8018665564592e-06,0.971489423792937,0.000812852955657987,0.0276977232514049,0.0276977232514048,0.943791700541532,1.00000272198373
-2.76338529005317e-06,0.971093011741629,0.000835613970168859,0.0280713742882023,0.0280713742882023,0.943021637453426,1.00000268350414
-2.72543253128103e-06,0.970691097035477,0.000859011792983107,0.0284498911715405,0.0284498911715404,0.942241205863936,1.00000264555309
-2.68800102153761e-06,0.970283603560989,0.000883064217319703,0.0288333322216911,0.0288333322216912,0.941450271339298,1.00000260812332
-2.65108360190854e-06,0.969870454160088,0.000907789532518578,0.0292217563073929,0.029221756307393,0.940648697852696,1.00000257120766
-2.61467321180109e-06,0.969451570616032,0.000933206537826501,0.029615222846141,0.029615222846141,0.939836347769891,1.00000253479905
-2.5787628875938e-06,0.96902687363916,0.000959334556563802,0.030013791804276,0.030013791804276,0.939013081834884,1.00000249889054
-2.54334576130465e-06,0.968596282852452,0.000986193450682439,0.0304175236968654,0.0304175236968653,0.938178759155587,1.00000246347525
-2.50841505927754e-06,0.968159716776907,0.00101380363572605,0.0308264795873673,0.0308264795873673,0.937333237189539,1.00000242854641
-2.47396410088682e-06,0.967717092816728,0.001042186096203,0.0312407210870688,0.0312407210870688,0.936476371729659,1.00000239409735
-2.43998629725955e-06,0.967268327244328,0.00107136240138367,0.0316603103542886,0.0316603103542885,0.935608016890039,1.00000236012146
-2.40647515001542e-06,0.966813335185132,0.00110135472153366,0.0320853100933345,0.0320853100933345,0.934728025091797,1.00000232661227
-2.37342425002387e-06,0.966352030602198,0.00113218584459468,0.0325157835532073,0.0325157835532074,0.933836247048991,1.00000229356334
-2.34082727617829e-06,0.965884326280635,0.00116387919332543,0.0329517945260396,0.0329517945260396,0.932932531754595,1.00000226096838
-2.30867799418717e-06,0.965410133811827,0.00119645884291499,0.0333934073452583,0.0333934073452582,0.932016726466569,1.00000222882113
-2.27697025538168e-06,0.964929363577456,0.00122994953908154,0.0338406868834627,0.0338406868834628,0.931088676693993,1.00000219711546
-2.24569799553977e-06,0.964441924733326,0.00126437671666969,0.034293698550004,0.034293698550004,0.930148226183322,1.0000021658453
-2.21485523372636e-06,0.963947725192983,0.00129976651875994,0.0347525082882572,0.0347525082882573,0.929195216904726,1.00000213500466
-2.18443607114943e-06,0.963446671611124,0.00133614581630426,0.0352171825725716,0.0352171825725717,0.928229489038552,1.00000210458766
-2.15443469003189e-06,0.962938669366809,0.00137354222830199,0.0356877884048894,0.0356877884048894,0.927250880961919,1.00000207458847
-2.12484535249888e-06,0.962423622546451,0.00141198414253083,0.0361643933110179,0.0361643933110178,0.926259229235433,1.00000204500136
-2.09566239948043e-06,0.961901433926607,0.00145150073684792,0.0366470653365446,0.0366470653365446,0.925254368590063,1.00000201582067
-2.06688024962908e-06,0.961372004956544,0.00149212200107652,0.0371358730423795,0.0371358730423795,0.924236131914165,1.00000198704081
-2.03849339825246e-06,0.960835235740593,0.00153387875949416,0.0376308854999125,0.0376308854999126,0.923204350240681,1.00000195865628
-2.0104964162605e-06,0.96029102502029,0.00157680269393847,0.0381321722857712,0.0381321722857713,0.922158852734519,1.00000193066166
-1.98288394912707e-06,0.959739270156289,0.00162092636754756,0.0386398034761636,0.0386398034761637,0.921099466680125,1.00000190305159
-1.95565071586595e-06,0.959179867110056,0.00166628324915193,0.0391538496407918,0.0391538496407917,0.920026017469264,1.00000187582079
-1.92879150802078e-06,0.958612710425344,0.00171290773833571,0.0396743818363204,0.0396743818363204,0.918938328589023,1.00000184896406
-1.90230118866895e-06,0.95803769320943,0.00176083519118516,0.0402014715993845,0.0402014715993845,0.917836221610046,1.00000182247624
-1.87617469143912e-06,0.957454707114138,0.00181010194674301,0.0407351909391185,0.0407351909391186,0.91671951617502,1.00000179635229
-1.8504070195423e-06,0.95686364231662,0.00186074535418775,0.0412756123291921,0.0412756123291921,0.915588029987428,1.0000017705872
-1.82499324481615e-06,0.956264387499911,0.00191280380075725,0.0418228086993322,0.0418228086993322,0.914441578800578,1.00000174517605
-1.79992850678248e-06,0.955656829833247,0.00196631674043687,0.0423768534263159,0.0423768534263159,0.913279976406931,1.00000172011397
-1.77520801171764e-06,0.955040854952153,0.00202132472343264,0.0429378203244146,0.0429378203244146,0.912103034627738,1.00000169539618
-1.75082703173573e-06,0.954416346938281,0.00207786942645043,0.0435057836352685,0.0435057836352686,0.910910563303013,1.00000167101794
-1.72678090388436e-06,0.953783188299022,0.00213599368380293,0.0440808180171751,0.0440808180171751,0.909702370281847,1.0000016469746
-1.70306502925284e-06,0.953141259946865,0.00219574151936653,0.0446629985337682,0.0446629985337681,0.908478261413097,1.00000162326155
-1.67967487209265e-06,0.952490441178521,0.00225715817941088,0.0452524006420684,0.0452524006420684,0.907238040536452,1.00000159987426
-1.65660595894992e-06,0.951830609653792,0.00232029016632464,0.0458491001798834,0.0458491001798834,0.905981509473909,1.00000157680826
-1.63385387780986e-06,0.951161641374205,0.00238518527326105,0.046453173352534,0.0464531733525341,0.904708468021671,1.00000155405914
-1.61141427725302e-06,0.950483410661386,0.00245189261972824,0.0470646967188859,0.047064696718886,0.9034187139425,1.00000153162254
-1.58928286562298e-06,0.94979579013519,0.00252046268814921,0.0476837471766612,0.0476837471766612,0.902112042958528,1.00000150949417
-1.5674554102056e-06,0.949098650691576,0.0025909473614175,0.0483104019470067,0.0483104019470068,0.900788248744569,1.00000148766981
-1.54592773641948e-06,0.94839186148023,0.002663399961475,0.0489447385582945,0.0489447385582945,0.899447122921936,1.00000146614528
-1.52469572701758e-06,0.947675289881933,0.00273787528893899,0.0495868348291276,0.0495868348291276,0.898088455052806,1.00000144491646
-1.50375532129974e-06,0.946948801485669,0.0028144296638063,0.0502367688505253,0.0502367688505252,0.896712032635143,1.0000014239793
-1.4831025143361e-06,0.946212260065476,0.0028931209672633,0.0508946189672609,0.0508946189672609,0.895317641098215,1.00000140332978
-1.46273335620113e-06,0.945465527557045,0.00297400868463073,0.0515604637583245,0.0515604637583245,0.89390506379872,1.00000138296396
-1.44264395121816e-06,0.944708464034046,0.0030571539494737,0.0522343820164805,0.0522343820164806,0.892474082017565,1.00000136287795
-1.42283045721435e-06,0.943940927684201,0.00314261958890728,0.0529164527268918,0.0529164527268918,0.891024474957309,1.0000013430679
-1.40328908478587e-06,0.943162774785092,0.0032304701701295,0.0536067550447788,0.0536067550447789,0.889556019740313,1.00000132353003
-1.38401609657313e-06,0.942373859679702,0.00332077204821392,0.0543053682720836,0.0543053682720837,0.888068491407619,1.00000130426059
-1.36500780654601e-06,0.941574034751699,0.00341359341519493,0.0550123718331057,0.0550123718331057,0.886561662918594,1.00000128525591
-1.34626057929891e-06,0.940763150400444,0.00350900435047976,0.0557278452490766,0.0557278452490767,0.885035305151367,1.00000126651234
-1.32777082935543e-06,0.939941055015739,0.00360707687262184,0.0564518681116396,0.0564518681116395,0.883489186904099,1.00000124802631
-1.30953502048267e-06,0.939107594952311,0.00370788499249115,0.0571845200551981,0.057184520055198,0.881923074897113,1.00000122979428
-1.29154966501488e-06,0.938262614504022,0.00381150476787831,0.0579258807280998,0.0579258807280998,0.880336733775922,1.00000121181277
-1.27381132318648e-06,0.937405955877816,0.00391801435956927,0.0586760297626151,0.0586760297626151,0.878729926115201,1.00000119407832
-1.25631660247412e-06,0.936537459167395,0.00402749408892942,0.0594350467436761,0.0594350467436761,0.877102412423718,1.00000117658756
-1.23906215694792e-06,0.935656962326631,0.00414002649703594,0.0602030111763335,0.0602030111763335,0.875453951150297,1.00000115933713
-1.22204468663149e-06,0.934764301142709,0.00425569640539852,0.0609800024518929,0.0609800024518929,0.873784298690816,1.00000114232375
-1.20526093687084e-06,0.933859309209,0.00437459097830996,0.0617660998126899,0.0617660998126899,0.87209320939631,1.00000112554415
-1.1887076977119e-06,0.932941817897674,0.00449679978686806,0.0625613823154582,0.0625613823154583,0.870380435582216,1.00000110899512
-1.1723818032866e-06,0.932011656332036,0.00462241487471246,0.0633659287932513,0.0633659287932513,0.868645727538785,1.00000109267351
-1.15628013120738e-06,0.93106865135861,0.00475153082552012,0.0641798178158695,0.0641798178158695,0.866888833542741,1.00000107657618
-1.14039960197003e-06,0.930112627518949,0.00488424483230448,0.0650031276487466,0.0650031276487466,0.865109499870202,1.00000106070007
-1.12473717836475e-06,0.929143407021184,0.00502065676856495,0.0658359362102513,0.0658359362102513,0.863307470810932,1.00000104504213
-1.10928986489522e-06,0.928160809711316,0.00516086926133308,0.066678321027351,0.0666783210273509,0.861482488683965,1.00000102959938
-1.09405470720574e-06,0.927164653044245,0.00530498776616453,0.0675303591895905,0.0675303591895906,0.859634293854654,1.00000101436885
-1.07902879151618e-06,0.926154752054541,0.00545312064412562,0.0683921273013333,0.0683921273013334,0.857762624753208,1.00000099934764
-1.06420924406472e-06,0.925130919326963,0.00560537924082502,0.0692637014322118,0.0692637014322118,0.855867217894751,1.00000098453288
-1.04959323055823e-06,0.924092964966722,0.00576187796754257,0.0701451570657351,0.0701451570657352,0.853947807900987,1.00000096992172
-1.03517795563018e-06,0.923040696569499,0.00592273438450729,0.071036569045994,0.071036569045994,0.852004127523505,1.00000095551138
-1.02096066230605e-06,0.92197391919121,0.00608806928637918,0.071938011522411,0.0719380115224111,0.850035907668799,1.0000009412991
-1.00693863147603e-06,0.920892435317537,0.00625800678998936,0.0728495578924734,0.0728495578924734,0.848042877425064,1.00000092728217
-9.9310918137498e-07,0.919796044833216,0.00643267442439488,0.0737712807423895,0.0737712807423895,0.846024764090826,1.0000009134579
-9.79469667069539e-07,0.918684544991086,0.00661220322330604,0.0747032517856079,0.074703251785608,0.843981293205478,1.00000089982365
-9.66017479952265e-07,0.917557730380921,0.00679672781994418,0.0756455417991344,0.0756455417991344,0.841912188581787,1.00000088637681
-9.5275004724273e-07,0.916415392898027,0.00698638654439055,0.0765982205575826,0.0765982205575826,0.839817172340444,1.00000087311481
-9.39664831495469e-07,0.915257321711622,0.00718132152348681,0.0775613567648908,0.0775613567648907,0.837695964946732,1.00000086003512
-9.26759330114688e-07,0.914083303233014,0.00738167878334957,0.0785350179836365,0.0785350179836365,0.835548285249377,1.00000084713523
-9.14031074875622e-07,0.912893121083557,0.00758760835456314,0.0795192705618795,0.0795192705618796,0.833373850521678,1.00000083441268
-9.01477631452492e-07,0.911686556062427,0.00779926438011426,0.0805141795574591,0.0805141795574592,0.831172376504967,1.00000082186504
-8.89096598952917e-07,0.91046338611419,0.00801680522613605,0.0815198086596744,0.0815198086596745,0.828943577454515,1.0000008094899
-8.76885609458743e-07,0.909223386296203,0.00824039359552772,0.0825362201082692,0.0825362201082691,0.826687166187934,1.0000007972849
-8.64842327573173e-07,0.907966328745836,0.00847019664451881,0.0835634746096448,0.0835634746096448,0.824402854136192,1.00000078524771
-8.52964449974102e-07,0.906691982647529,0.00870638610224845,0.084601631250223,0.0846016312502229,0.822090351397306,1.00000077337603
-8.41249704973612e-07,0.905400114199698,0.0089491383934296,0.0856507474068728,0.0856507474068728,0.819749366792825,1.00000076166758
-8.29695852083491e-07,0.904090486581504,0.00919863476417192,0.0867108786543236,0.0867108786543236,0.817379607927181,1.00000075012013
-8.18300681586739e-07,0.902762859919491,0.00945506141103596,0.0877820786694734,0.0877820786694735,0.814980781250017,1.00000073873146
-8.07062014114951e-07,0.901416991254099,0.00971860961339377,0.0888643991325073,0.0888643991325073,0.812552592121592,1.00000072749941
-7.95977700231498e-07,0.900052634506091,0.00998947586917242,0.0899578896247367,0.0899578896247367,0.810094744881354,1.00000071642183
-7.85045620020451e-07,0.898669540442878,0.0102678620340568,0.0910625975230649,0.0910625975230648,0.807606942919813,1.00000070549659
-7.74263682681128e-07,0.897267456644781,0.0105539754642313,0.0921785678909876,0.0921785678909877,0.805088888753793,1.00000069472161
-7.63629826128224e-07,0.895846127471231,0.0108480291627384,0.0933058433660306,0.0933058433660306,0.8025402841052,1.00000068409482
-7.53142016597438e-07,0.894405294026939,0.0111502419295367,0.0944444640435248,0.0944444640435247,0.799960829983414,1.00000067361421
-7.42798248256491e-07,0.892944694128041,0.0114608385153381,0.095594467356621,0.095594467356621,0.79735022677142,1.00000066327775
-7.32596542821523e-07,0.891464062268253,0.011780049779309,0.0967558879524378,0.0967558879524378,0.794708174315815,1.00000065308349
-7.22534949178722e-07,0.889963129585042,0.0121081128507176,0.0979287575642403,0.0979287575642404,0.792034372020802,1.00000064302946
-7.12611543011174e-07,0.888441623825848,0.012445271294613,0.099113104879539,0.0991131048795391,0.789328518946309,1.00000063311376
-7.02824426430834e-07,0.886899269314379,0.0127917752816207,0.100308955404,0.100308955404,0.786590313910379,1.00000062333447
-6.9317172761554e-07,0.885335786917001,0.0131478817619428,0.101516331321056,0.101516331321056,0.783819455595945,1.00000061368974
-6.83651600451024e-07,0.883750894009253,0.0135138546436472,0.102735251347099,0.102735251347099,0.781015642662154,1.00000060417771
-6.74262224177835e-07,0.882144304442521,0.0138899649753365,0.103965730582142,0.103965730582142,0.778178573860379,1.00000059479658
-6.65001803043112e-07,0.880515728510892,0.0142764911332822,0.105207780355825,0.105207780355825,0.775307948155067,1.00000058554455
-6.55868565957142e-07,0.878864872918234,0.0146737190131151,0.106461408068651,0.106461408068651,0.772403464849582,1.00000057641984
-6.46860766154632e-07,0.877191440745524,0.0150819422261595,0.107726617028316,0.107726617028316,0.769464823717208,1.00000056742073
-6.37976680860628e-07,0.875495131418477,0.0155014623005016,0.109003406281021,0.109003406281021,0.766491725137456,1.00000055854548
-6.29214610961035e-07,0.873775640675499,0.0159325888868802,0.110291770437621,0.110291770437621,0.763483870237878,1.0000005497924
-6.2057288067765e-07,0.872032660536017,0.0163756399694897,0.111591699494493,0.111591699494493,0.760440961041523,1.00000054115982
-6.12049837247669e-07,0.870265879269233,0.0168309420817846,0.112903178648982,0.112903178648982,0.757362700620251,1.00000053264609
-6.03643850607586e-07,0.868474981363341,0.0172988305273729,0.114226188109286,0.114226188109286,0.754248793254055,1.00000052424958
-5.95353313081437e-07,0.866659647495259,0.017779649606088,0.115560702898653,0.115560702898653,0.751098944596606,1.00000051596869
-5.87176639073326e-07,0.86481955450094,0.0182737528453239,0.116906692653737,0.116906692653737,0.747912861847203,1.00000050780184
-5.79112264764176e-07,0.862954375346303,0.0187815032367215,0.118264121416976,0.118264121416976,0.744690253929327,1.00000049974746
-5.71158647812642e-07,0.861063779098862,0.0193032734782892,0.119632947422849,0.119632947422849,0.741430831676013,1.00000049180402
-5.63314267060135e-07,0.8591474309001,0.0198394462220416,0.121013122877859,0.121013122877859,0.738134308022241,1.00000048397001
-5.55577622239888e-07,0.857204991938664,0.0203904143272364,0.122404593734099,0.122404593734099,0.734800398204565,1.00000047624391
-5.47947233690029e-07,0.855236119424462,0.020956581119288,0.12380729945625,0.12380729945625,0.731428819968213,1.00000046862427
-5.40421642070592e-07,0.853240466563718,0.0215383606544347,0.125221172781848,0.125221172781848,0.72801929378187,1.00000046110961
-5.32999408084408e-07,0.851217682535083,0.0221361779902308,0.126646139474686,0.126646139474686,0.724571543060396,1.00000045369852
-5.25679112201842e-07,0.849167412466887,0.0227504694619335,0.128082118071179,0.128082118071179,0.721085294395708,1.00000044638957
-5.18459354389291e-07,0.847089297415612,0.0233816829648505,0.129529019619537,0.129529019619537,0.717560277796075,1.00000043918137
-5.11338753841433e-07,0.844982974345692,0.0240302782427078,0.1309867474116,0.1309867474116,0.713996226934092,1.00000043207254
-5.04315948717136e-07,0.842848076110744,0.024696727182094,0.132455196707162,0.132455196707162,0.710392879403582,1.00000042506173
-4.97389595879006e-07,0.840684231436335,0.0253815141130309,0.133934254450635,0.133934254450635,0.7067499769857,1.00000041814759
-4.90558370636505e-07,0.8384910649044,0.0260851361157143,0.135423798979886,0.135423798979886,0.703067265924514,1.00000041132881
-4.83820966492596e-07,0.836268196939439,0.026808103333462,0.1369236997271,0.1369236997271,0.699344497212339,1.00000040460409
-4.77176094893875e-07,0.834015243796618,0.0275509392918958,0.138433816911487,0.138433816911487,0.695581426885131,1.00000039797214
-4.70622484984128e-07,0.831731817551916,0.028314181224381,0.139954001223703,0.139954001223702,0.691777816328214,1.00000039143169
-4.64158883361277e-07,0.82941752609447,0.0290983804037302,0.141484093501799,0.1414840935018,0.687933432592671,1.00000038498151
-4.57784053837662e-07,0.827071973121255,0.0299041024801752,0.143023924398569,0.143023924398569,0.684048048722686,1.00000037862036
-4.5149677720361e-07,0.824694758134293,0.0307319278255936,0.144573314040114,0.144573314040114,0.680121444094179,1.00000037234703
-4.45295850994266e-07,0.82228547644054,0.0315824518839653,0.146132071675495,0.146132071675495,0.676153404765046,1.00000036616031
-4.39180089259609e-07,0.819843719154665,0.0324562855280225,0.147699995317312,0.147699995317312,0.672143723837353,1.00000036005904
-4.33148322337639e-07,0.817369073204892,0.0333540554220395,0.149276871373068,0.149276871373068,0.668092201831824,1.00000035404204
-4.27199396630678e-07,0.814861121342136,0.0342764043906909,0.150862474267173,0.150862474267173,0.663998647074962,1.00000034810818
-4.21332174384729e-07,0.81231944215265,0.0352239917938919,0.152456566053458,0.152456566053458,0.659862876099192,1.00000034225632
-4.15545533471888e-07,0.809743610074429,0.0361974939075104,0.154058896018061,0.154058896018061,0.655684714056369,1.00000033648534
-4.09838367175726e-07,0.807133195417608,0.0371976043098222,0.15566920027257,0.15566920027257,0.651463995145037,1.00000033079415
-4.0420958397963e-07,0.804487764389144,0.0382250342735544,0.157287201337302,0.157287201337302,0.647200563051842,1.00000032518166
-3.98658107358044e-07,0.801806879122059,0.0392805131633376,0.158912607714603,0.158912607714603,0.642894271407456,1.00000031964681
-3.93182875570577e-07,0.799090097709545,0.0403647888383598,0.160545113452095,0.160545113452095,0.638544984257449,1.00000031418854
-3.87782841458946e-07,0.796336974244265,0.0414786280599805,0.162184397695754,0.162184397695754,0.634152576548511,1.00000030880581
-3.824569722467e-07,0.793547058863196,0.042622816904036,0.163830124232768,0.163830124232768,0.629716934630429,1.00000030349761
-3.77204249341699e-07,0.790719897798371,0.0437981611775239,0.165481941024105,0.165481941024105,0.625237956774266,1.00000029826291
-3.72023668141307e-07,0.787855033433922,0.0450054868393218,0.167139479726756,0.167139479726756,0.620715553707166,1.00000029310072
-3.66914237840249e-07,0.784952004369843,0.0462456404245476,0.168802355205609,0.168802355205609,0.616149649164233,1.00000028801007
-3.61874981241128e-07,0.782010345492905,0.047519489472122,0.170470165034973,0.170470165034973,0.611540180457933,1.00000028298998
-3.56904934567523e-07,0.779029588055214,0.0488279229550478,0.172142488989738,0.172142488989738,0.606887099065476,1.0000002780395
-3.52003147279668e-07,0.776009259760902,0.0501718517128588,0.17381888852624,0.17381888852624,0.602190371234662,1.0000002731577
-3.47168681892656e-07,0.772948884861494,0.0515522088856388,0.175498906252868,0.175498906252867,0.597449978608626,1.00000026834365
-3.42400613797143e-07,0.769847984260532,0.0529699503489397,0.177182065390528,0.177182065390528,0.592665918870005,1.00000026359642
-3.37698031082509e-07,0.766706075628059,0.0544260551488607,0.178867869223081,0.178867869223081,0.587838206404978,1.00000025891513
-3.33060034362459e-07,0.763522673525609,0.0559215259364752,0.180555800537916,0.180555800537916,0.582966872987693,1.00000025429889
-3.28485736603004e-07,0.760297289542429,0.0574573894007055,0.182245321056865,0.182245321056865,0.578051968485564,1.00000024974682
-3.2397426295282e-07,0.757029432443637,0.059034696698661,0.183935870857703,0.183935870857702,0.573093561585934,1.00000024525805
-3.19524750575921e-07,0.753718608331132,0.0606545238823541,0.185626867786514,0.185626867786514,0.568091740544617,1.00000024083175
-3.15136348486648e-07,0.75036432081811,0.0623179723206031,0.187317706861287,0.187317706861287,0.563046613956823,1.00000023646707
-3.10808217386906e-07,0.746966071218068,0.0640261691148193,0.189007759667113,0.189007759667112,0.557958311550956,1.00000023216319
-3.06539529505652e-07,0.74352335874928,0.0657802675072501,0.19069637374347,0.19069637374347,0.55282698500581,1.0000002279193
-3.02329468440578e-07,0.740035680755769,0.0675814472801162,0.192382871964115,0.192382871964115,0.547652808791654,1.00000022373459
-2.98177229001967e-07,0.736502532945881,0.069430915143936,0.194066551910183,0.194066551910183,0.542435981035698,1.00000021960828
-2.94082017058707e-07,0.732923409649647,0.07132990511317,0.195746685237183,0.195746685237183,0.537176724412464,1.00000021553959
-2.90043049386399e-07,0.729297804096175,0.0732796788671524,0.197422517036673,0.197422517036672,0.531875287059502,1.00000021152776
-2.86059553517574e-07,0.725625208712449,0.0752815260940869,0.199093265193464,0.199093265193464,0.526531943518984,1.00000020757202
-2.82130767593947e-07,0.721905115444947,0.0773367648156879,0.200758119739365,0.200758119739365,0.521146995705582,1.00000020367164
-2.78255940220713e-07,0.718137016105645,0.0794467416898288,0.202416242204526,0.202416242204526,0.51572077390112,1.00000019982589
-2.74434330322837e-07,0.714320402744048,0.0816128322883228,0.20406676496763,0.20406676496763,0.510253637776418,1.00000019603404
-2.70665207003324e-07,0.710454768047008,0.0838364413467118,0.205708790606281,0.205708790606281,0.504745977440727,1.00000019229539
-2.66947849403432e-07,0.706539605768243,0.0861190029826579,0.207341391249099,0.207341391249099,0.499198214519144,1.00000018860923
-2.63281546564802e-07,0.702574411189556,0.088461980879239,0.208963607931205,0.208963607931205,0.493610803258351,1.00000018497488
-2.59665597293487e-07,0.698558681615932,0.0908668684291245,0.210574449954943,0.210574449954943,0.487984231660989,1.00000018139166
-2.56099310025846e-07,0.694491916906845,0.0933351888352537,0.212172894257901,0.212172894257901,0.482319022648944,1.0000001778589
-2.52582002696278e-07,0.690373620046239,0.0958684951632706,0.213757884790491,0.213757884790491,0.476615735255748,1.00000017437595
-2.49113002606779e-07,0.686203297753865,0.098468370340549,0.215328331905586,0.215328331905586,0.470874965848279,1.00000017094216
-2.45691646298279e-07,0.681980461140814,0.101136427096209,0.216883111762977,0.216883111762977,0.465097349377837,1.0000001675569
-2.4231727942376e-07,0.677704626412292,0.10387430783604,0.218421065751668,0.218421065751668,0.459283560660623,1.00000016421954
-2.38989256623105e-07,0.673375315620926,0.106683684445729,0.219940999933345,0.219940999933345,0.453434315687582,1.00000016092947
-2.35706941399673e-07,0.668992057474086,0.109566258015238,0.221441684510675,0.221441684510675,0.447550372963411,1.00000015768607
-2.32469705998565e-07,0.664554388198975,0.112523758476564,0.222921853324461,0.222921853324462,0.441632534874513,1.00000015448876
-2.29276931286565e-07,0.660061852469497,0.11555794414647,0.224380203384033,0.224380203384033,0.435681649085463,1.00000015133696
-2.26128006633728e-07,0.655514004399209,0.118670601165068,0.225815394435723,0.225815394435723,0.429698609963486,1.00000014823008
-2.23022329796594e-07,0.650910408604942,0.121863542820368,0.22722604857469,0.22722604857469,0.423684360030253,1.00000014516756
-2.19959306803007e-07,0.646250641346009,0.12513860874811,0.228610749905881,0.228610749905882,0.417639891440127,1.00000014214884
-2.16938351838518e-07,0.641534291744262,0.128497663995288,0.22996804426045,0.229968044260451,0.411566247483812,1.00000013917339
-2.13958887134342e-07,0.636760963090619,0.131942597934854,0.231296438974527,0.231296438974526,0.405464524116093,1.00000013624067
-2.1102034285686e-07,0.631930274244048,0.135475323018061,0.232594402737891,0.23259440273789,0.399335871506158,1.00000013335014
-2.08122156998634e-07,0.627041861129439,0.139097773349792,0.233860365520769,0.233860365520769,0.39318149560867,1.0000001305013
-2.05263775270925e-07,0.622095378341179,0.142811903071097,0.235092718587725,0.235092718587725,0.387002659753454,1.00000012769365
-2.0244465099768e-07,0.61709050085973,0.146619684531852,0.236289814608418,0.236289814608418,0.380800686251312,1.00000012492667
-1.99664245010979e-07,0.612026925888956,0.150523106235173,0.237449967875871,0.237449967875871,0.374576958013085,1.00000012219989
-1.96922025547917e-07,0.606904374822448,0.15452417053373,0.238571454643822,0.238571454643822,0.368332920178626,1.00000011951284
-1.94217468148903e-07,0.601722595347613,0.158624891056641,0.239652513595746,0.239652513595746,0.362070081751867,1.00000011686504
-1.91550055557353e-07,0.596481363696803,0.162827289843991,0.240691346459205,0.240691346459206,0.355790017237598,1.00000011425604
-1.88919277620766e-07,0.591180487055326,0.16713339416432,0.241686118780354,0.241686118780354,0.349494368274972,1.00000011168539
-1.86324631193156e-07,0.585819806136699,0.171545232988641,0.24263496087466,0.24263496087466,0.34318484526204,1.00000010915266
-1.83765620038817e-07,0.580399197936096,0.176064833092671,0.243535968971233,0.243535968971233,0.336863228964863,1.00000010665742
-1.81241754737424e-07,0.574918578673468,0.180694214756984,0.244387206569548,0.244387206569548,0.330531372103921,1.00000010419925
-1.78752552590424e-07,0.569377906938367,0.185435387032782,0.245186706028852,0.245186706028852,0.324191200909515,1.00000010177775
-1.7629753752872e-07,0.563777187049018,0.190290342538868,0.245932470412115,0.245932470412115,0.317844716636903,1.00000009939253
-1.73876240021625e-07,0.558116472638666,0.195261051753295,0.246622475608039,0.246622475608039,0.311493997030627,1.00000009704319
-1.71488196987054e-07,0.55239587048265,0.200349456760984,0.247254672756366,0.247254672756365,0.305141197726285,1.00000009472937
-1.69132951702965e-07,0.546615544580015,0.205557464416476,0.247826991003509,0.247826991003509,0.298788553576506,1.0000000924507
-1.66810053720006e-07,0.54077572050371,0.210886938878886,0.248337340617404,0.248337340617403,0.292438379886307,1.00000009020683
-1.64519058775366e-07,0.534876690033573,0.216339693474125,0.248783616492302,0.248783616492302,0.28609307354127,1.00000008799741
-1.62259528707809e-07,0.528918816086211,0.221917481837617,0.249163702076172,0.249163702076172,0.279755114010039,1.00000008582212
-1.6003103137387e-07,0.522902537955685,0.227621988289126,0.249475473755189,0.249475473755189,0.273427064200496,1.00000008368063
-1.57833140565212e-07,0.516828376878357,0.233454817390003,0.24971680573164,0.24971680573164,0.267111571146717,1.00000008157265
-1.55665435927106e-07,0.510696941934432,0.239417482632316,0.249885575433252,0.249885575433252,0.260811366501181,1.00000007949786
-1.53527502878042e-07,0.50450893629752,0.245511394209015,0.249979669493465,0.249979669493465,0.254529266804055,1.000000077456
-1.51418932530435e-07,0.49826516384181,0.251737845814686,0.249996990343504,0.249996990343504,0.248268173498306,1.00000007544678
-1.49339321612425e-07,0.491966536114232,0.258098000427772,0.249935463457996,0.249935463457996,0.242031072656235,1.00000007346995
-1.4728827239075e-07,0.485614079676013,0.264592875027555,0.249793045296432,0.249793045296432,0.235821034379581,1.00000007152526
-1.45265392594678e-07,0.479208943814333,0.271223324202983,0.249567731982685,0.249567731982685,0.229641211831648,1.00000006961248
-1.43270295340983e-07,0.472752408620102,0.277990022615904,0.249257568763994,0.249257568763994,0.223494839856108,1.00000006773138
-1.41302599059953e-07,0.466245893422186,0.28489344628868,0.248860660289134,0.248860660289134,0.217385233133052,1.00000006588176
-1.39361927422414e-07,0.459690965561382,0.291933852695991,0.248375181742626,0.248375181742627,0.211315783818756,1.00000006406342
-1.37447909267754e-07,0.453089349479086,0.299111259653209,0.247799390867705,0.247799390867705,0.205289958611382,1.00000006227618
-1.35560178532937e-07,0.446442936085553,0.306425423009583,0.247131640904864,0.247131640904864,0.199311295180689,1.00000006051988
-1.33698374182495e-07,0.439753792360853,0.313875813174046,0.246370394465101,0.246370394465101,0.193383397895752,1.00000005879437
-1.31862140139475e-07,0.433024171127835,0.321461590525279,0.245514238346887,0.245514238346886,0.187509932780948,1.00000005709949
-1.30051125217341e-07,0.426256520920404,0.329181579786358,0.244561899293237,0.244561899293237,0.181694621627167,1.00000005543514
-1.28264983052806e-07,0.419453495852204,0.337034243478227,0.243512260669569,0.243512260669569,0.175941235182635,1.0000000538012
-1.2650337203959e-07,0.412617965370001,0.345017654606077,0.242364380023922,0.242364380023922,0.17025358534608,1.00000005219756
-1.24765955263087e-07,0.405753023752944,0.353129468778769,0.241117507468287,0.241117507468287,0.164635516284657,1.00000005062416
-1.23052400435926e-07,0.398861999193257,0.361366896013927,0.239771104792815,0.239771104792815,0.159090894400442,1.00000004908093
-1.21362379834424e-07,0.39194846226605,0.369726672540621,0.238324865193329,0.238324865193329,0.153623597072721,1.0000000475678
-1.19695570235904e-07,0.385016233566214,0.378205032977086,0.236778733456701,0.236778733456701,0.148237500109513,1.00000004608474
-1.18051652856881e-07,0.378069390259215,0.386797683332545,0.23513292640824,0.23513292640824,0.142936463850974,1.00000004463172
-1.16430313292088e-07,0.371112271260922,0.395499775358597,0.233387953380482,0.233387953380482,0.13772431788044,1.00000004320872
-1.14831241454351e-07,0.364149480730461,0.404305882855342,0.231544636414197,0.231544636414197,0.132604844316265,1.00000004181574
-1.13254131515281e-07,0.357185889530857,0.413209980618236,0.229604129850908,0.229604129850907,0.127581759679949,1.00000004045278
-1.11698681846782e-07,0.350226634286828,0.422205426790223,0.227567938922949,0.227567938922949,0.12265869536388,1.00000003911985
-1.10164594963366e-07,0.343277113649634,0.431284949456355,0.22543793689401,0.22543793689401,0.117839176755624,1.00000003781698
-1.08651577465254e-07,0.336342981367916,0.440440638379626,0.223216380252458,0.223216380252458,0.113126601115458,1.0000000365442
-1.07159339982267e-07,0.329430135764017,0.449663942821464,0.220905921414518,0.220905921414518,0.108524214349499,1.00000003530152
-1.05687597118481e-07,0.322544705230251,0.458945676411568,0.218509618358182,0.218509618358182,0.104035086872069,1.00000003408897
-1.0423606739764e-07,0.315693029392366,0.468276030022197,0.216030940585437,0.216030940585437,0.0996620888069294,1.0000000329066
-1.02804473209331e-07,0.308881635640897,0.477644593554402,0.213473770804701,0.213473770804701,0.0954078648361956,1.00000003175441
-1.01392540755881e-07,0.30211721080778,0.487040387450712,0.210842401741508,0.210842401741508,0.0912748090662727,1.00000003063243
-1e-07,0.295406567867349,0.496451904604469,0.208141527528182,0.208141527528182,0.0872650403391665,1.00000002954066
-9.86265846131283e-08,0.288756607667837,0.505867163136163,0.205376229196,0.205376229196,0.0833803784718369,1.00000002847908
-9.72720319245054e-08,0.282174275851001,0.515273770250034,0.202551953898964,0.202551953898964,0.0796223219520369,1.00000002744767
-9.59360828709315e-08,0.275666515289885,0.524658997072298,0.199674487637817,0.199674487637817,0.0759920276520685,1.00000002644637
-9.46184819472199e-08,0.269240214562855,0.534009864012143,0.196749921425003,0.196749921425003,0.0724902931378519,1.0000000254751
-9.33189771573324e-08,0.262902153177946,0.543313235789708,0.193784611032346,0.193784611032346,0.0691175421456001,1.00000002453376
-9.20373199661823e-08,0.256658944455075,0.552555924858644,0.190785130686282,0.190785130686282,0.065873813768793,1.0000000236222
-9.07732652521022e-08,0.250516977153048,0.561724801535804,0.187758221311147,0.187758221311147,0.0627587558419009,1.00000002274024
-8.9526571259964e-08,0.244482357080499,0.570806908762639,0.184710734156862,0.184710734156862,0.0597716229236365,1.00000002188767
-8.82969995549408e-08,0.238560850041889,0.57978957908893,0.181649570869181,0.18164957086918,0.0569112791727088,1.00000002106421
-8.70843149769072e-08,0.232757827529942,0.588660551216575,0.178581621253484,0.178581621253484,0.0541762062764581,1.00000002026956
-8.58882855954626e-08,0.22707821657481,0.597408083293177,0.175513700132014,0.175513700132014,0.0515645164427962,1.00000001950336
-8.4708682665574e-08,0.221526455092853,0.606021060120299,0.172452484786847,0.172452484786847,0.049073970306006,1.00000001876521
-8.35452805838287e-08,0.216106453943066,0.614489091549715,0.169404454507219,0.169404454507219,0.0467019994358464,1.00000001805467
-8.23978568452851e-08,0.210821566701713,0.622802599583139,0.166375833715148,0.166375833715148,0.0444457329865647,1.00000001737125
-8.12661920009195e-08,0.205674567915285,0.63095289205657,0.163372540028146,0.163372540028146,0.042302027887139,1.00000001671439
-8.01500696156541e-08,0.200667640302542,0.638932221259506,0.160400138437952,0.160400138437952,0.0402675018645904,1.00000001608353
-7.90492762269642e-08,0.195802371065892,0.646733826383241,0.157463802550867,0.157463802550867,0.0383385685150253,1.00000001547804
-7.79636013040524e-08,0.191079757159523,0.654351959277096,0.154568283563381,0.154568283563381,0.0365114735961424,1.00000001489727
-7.68928372075831e-08,0.186500219065663,0.661781893580215,0.151717887354123,0.151717887354123,0.0347823317115402,1.00000001434053
