-0.001,0.999919920325389,6.41275368608993e-09,0.000160146523715073,0.999839847063531,1.00099991992033
-0.000986265846131283,0.999918806301834,6.59241602211216e-09,0.00016237421149984,0.999837619196084,1.00098618576756
-0.000972720319245054,0.999917676765174,6.77711439245816e-09,0.000164632915423118,0.999835360307462,1.00097264024176
-0.000959360828709315,0.999916531499386,6.96698999499956e-09,0.000166923067248027,0.999833069965762,1.0009592807523
-0.000946184819472199,0.999915370285439,7.16218798692083e-09,0.000169245104745981,0.999830747733066,1.00094610474412
-0.000933189771573324,0.999914192901252,7.36285759574775e-09,0.000171599471780236,0.999828393165362,1.00093310969727
-0.000920373199661823,0.999912999121653,7.5691522334899e-09,0.000173986618390601,0.999826005812457,1.00092029312639
-0.000907732652521022,0.999911788718331,7.78122961398373e-09,0.000176407000879327,0.999823585217891,1.00090765258026
-0.00089526571259964,0.999910561459799,7.9992518735263e-09,0.000178861081898182,0.99982113091885,1.00089518564134
-0.000882969995549408,0.999909317111346,8.22338569489225e-09,0.000181349330536742,0.999818642446078,1.00088288992528
-0.000870843149769072,0.999908055434992,8.45380243482814e-09,0.000183872222411908,0.999816119323786,1.00087076308047
-0.000858882855954626,0.999906776189442,8.69067825512247e-09,0.000186430239758658,0.999813561069563,1.00085880278762
-0.00084708682665574,0.999905479130045,8.93419425735112e-09,0.000189023871522068,0.999810967194284,1.00084700675927
-0.000835452805838287,0.999904164008738,9.18453662140138e-09,0.000191653613450604,0.999808337202013,1.00083537273939
-0.000823978568452851,0.999902830574008,9.44189674788091e-09,0.000194319968190713,0.999805670589913,1.00082389850293
-0.000812661920009195,0.999901478570837,9.70647140451979e-09,0.000197023445382723,0.999802966848146,1.0008125818554
-0.000801500696156541,0.999900107740658,9.97846287667867e-09,0.00019976456175808,0.999800225459779,1.00080142063244
-0.000790492762269642,0.999898717821302,1.02580791220772e-08,0.000202543841237929,0.999797445900683,1.00079041269944
-0.000779636013040524,0.99989730854695,1.05455339298616e-08,0.000205361815033066,0.999794627639433,1.00077955595109
-0.000768928372075831,0.99989587964808,1.08410470841329e-08,0.000208219021745274,0.999791770137208,1.00076884831098
-0.000758367791499719,0.99989443085142,1.11448445320615e-08,0.000211116007470072,0.999788872847685,1.00075828773126
-0.000747952251562183,0.999892961879891,1.14571585567153e-08,0.000214053325900883,0.999785935216941,1.00074787219216
-0.000737679760252773,0.999891472452555,1.17782279547349e-08,0.000217031538434652,0.999782956683337,1.00073759970168
-0.000727548352919623,0.999889962284562,1.21082982189914e-08,0.000220051214278921,0.999779936677423,1.00072746829516
-0.000717556091893692,0.999888431087098,1.24476217263667e-08,0.000223112930560409,0.999776874621818,1.00071747603494
-0.000707701066118189,0.999886878567325,1.27964579307987e-08,0.000226217272435071,0.999773769931107,1.00070762100996
-0.000697981390783067,0.999885304428327,1.3155073561741e-08,0.00022936483319971,0.999770622011727,1.00069790133541
-0.00068839520696455,0.999883708369055,1.35237428281881e-08,0.000232556214405121,0.999767430261852,1.00068831515236
-0.000678940681269611,0.999882090084267,1.39027476284209e-08,0.000235792025970807,0.999764194071282,1.00067886062743
-0.000669616005485322,0.999880449264472,1.42923777656355e-08,0.000239072886301295,0.999760912821321,1.0006695359524
-0.000660419396233031,0.999878785595867,1.46929311696175e-08,0.000242399422404053,0.999757585884665,1.00066033934389
-0.000651349094627281,0.999877098760281,1.5104714124634e-08,0.000245772270009055,0.999754212625277,1.00065126904302
-0.000642403365939419,0.999875388435113,1.55280415037153e-08,0.00024919207368999,0.999750792398268,1.00064232331505
-0.000633580499265825,0.999873654293269,1.59632370095069e-08,0.000252659486987165,0.999747324549776,1.00063350044909
-0.000624878807200689,0.999871896003101,1.6410633421876e-08,0.000256175172532108,0.999743808416835,1.00062479875773
-0.000616296625513294,0.99987011322834,1.68705728524606e-08,0.000259739802173892,0.999740243327253,1.00061621657673
-0.000607832312829724,0.999868305628039,1.73434070063584e-08,0.000263354057107222,0.999736628599486,1.00060775226474
-0.000599484250318941,0.999866472856501,1.78294974511527e-08,0.00026701862800229,0.9997329635425,1.0005994042029
-0.000591250841383188,0.999864614563216,1.83292158934832e-08,0.000270734215136432,0.999729247455648,1.00059117079463
-0.000583130511352622,0.999862730392792,1.8842944463373e-08,0.000274501528527613,0.999725479628528,1.00058305046526
-0.000575121707184161,0.999860819984889,1.93710760065278e-08,0.000278321288069758,0.999721659340854,1.00057504166174
-0.000567222897164455,0.999858882974151,1.99140143848333e-08,0.000282194223669962,0.999717785862316,1.00056714285236
-0.000559432570616938,0.999856918990132,2.04721747852784e-08,0.000286121075387601,0.999713858452438,1.00055935252644
-0.000551749237612913,0.999854927657228,2.10459840375417e-08,0.00029010259357537,0.999709876360441,1.00055166919406
-0.000544171428686589,0.999852908594608,2.16358809404841e-08,0.00029413953902228,0.999705838825097,1.00054409138575
-0.000536697694554048,0.999850861416134,2.22423165977973e-08,0.000298232683098624,0.999701745074585,1.00053661765222
-0.000529326605836056,0.999848785730294,2.28657547630644e-08,0.000302382807902974,0.999697594326342,1.0005292465641
-0.000522056752784698,0.999846681140122,2.35066721944966e-08,0.00030659070641119,0.999693385786917,1.00052197671164
-0.00051488674501375,0.999844547243127,2.41655590196193e-08,0.000310857182627512,0.999689118651814,1.00051480670445
-0.000507815211232767,0.999842383631212,2.48429191101826e-08,0.000315183051737736,0.999684792105343,1.00050773517124
-0.000500840798984821,0.999840189890597,2.55392704675869e-08,0.000319569140264512,0.999680405320465,1.00050076075956
-0.000493962174387832,0.999837965601742,2.62551456191167e-08,0.000324016286224801,0.99967595745863,1.00049388213552
-0.000487178021879463,0.999835710339263,2.6991092025285e-08,0.000328525339289502,0.999671447669618,1.00048709798357
-0.000480487043965513,0.999833423671855,2.77476724986015e-08,0.000333097160945297,0.999666875091382,1.0004804070062
-0.000473887960971765,0.999831105162205,2.85254656340839e-08,0.000337732624658736,0.999662238849876,1.00047380792374
-0.000467379510799246,0.999828754366912,2.93250662518411e-08,0.000342432616042594,0.999657538058891,1.0004672994741
-0.000460960448682843,0.999826370836402,3.01470858520692e-08,0.000347198033024528,0.99965277181989,1.00046088041251
-0.00045462954695324,0.999823954114838,3.09921530828046e-08,0.000352029786018076,0.999647939221829,1.00045454951129
-0.000448385594802119,0.999821503740038,3.18609142207959e-08,0.000356928798096018,0.99964303934099,1.00044830555965
-0.00044222739805059,0.999819019243383,3.275403366586e-08,0.000361896005166138,0.9996380712408,1.0004421473634
-0.000436153778920801,0.999816500149731,3.36721944491e-08,0.000366932356149418,0.999633033971656,1.00043607374477
-0.000430163575810679,0.999813945977321,3.46160987553769e-08,0.000372038813160705,0.999627926570741,1.00043008354215
-0.000424255643071778,0.999811356237686,3.55864684604308e-08,0.000377216351691867,0.99962274806184,1.00042417560989
-0.000418428850790158,0.999808730435556,3.65840456830652e-08,0.000382465960797492,0.999617497455157,1.00041834881809
-0.000412682084570295,0.999806068068765,3.76095933528161e-08,0.000387788643283156,0.999612173747124,1.00041260205234
-0.000407014245321944,0.999803368628156,3.86638957935381e-08,0.000393185415896291,0.999606775920208,1.00040693421355
-0.000401424249049932,0.999800631597481,3.97477593233582e-08,0.000398657309519699,0.999601302942721,1.00040134421774
-0.000395911026646846,0.999797856453303,4.08620128714512e-08,0.000404205369367737,0.999595753768619,1.00039583099579
-0.000390473523688556,0.999795042664899,4.2007508612113e-08,0.000409830655185228,0.999590127337306,1.00039039349328
-0.000385110700232557,0.999792189694153,4.31851226166133e-08,0.000415534241449104,0.999584422573428,1.00038503067026
-0.000379821530619074,0.999789296995458,4.43957555233273e-08,0.000421317217572853,0.999578638386672,1.00037974150108
-0.000374605003274899,0.99978636401561,4.56403332266616e-08,0.00042718068811379,0.999572773671553,1.00037452497417
-0.00036946012051993,0.999783390193701,4.69198075852963e-08,0.000433125772983188,0.999566827307209,1.00036938009183
-0.000364385898376355,0.999780374961013,4.82351571502898e-08,0.000439153607659323,0.999560798157183,1.00036430587011
-0.000359381366380463,0.99977731774091,4.95873879136003e-08,0.000445265343403454,0.999554685069209,1.00035930133853
-0.000354445567397044,0.999774217948727,5.09775340775964e-08,0.000451462147478798,0.999548486874987,1.00035436553995
-0.000349577557436327,0.999771074991655,5.24066588461495e-08,0.000457745203372528,0.999542202389969,1.00034949753039
-0.000344776405473446,0.999767888268634,5.38758552379055e-08,0.000464115711020832,0.999535830413124,1.00034469637882
-0.000340041193270371,0.999764657170235,5.53862469223667e-08,0.000470574887037096,0.999529369726716,1.00033996116701
-0.000335371015200293,0.999761381078539,5.6938989079416e-08,0.00047712396494323,0.999522819096068,1.00033529098933
-0.000330764978074424,0.999758059367029,5.85352692829446e-08,0.000483764195404187,0.999516177269327,1.00033068495259
-0.000326222200971167,0.999754691400459,6.01763084092596e-08,0.000490496846465731,0.999509442977226,1.00032614217586
-0.000321741815067637,0.999751276534741,6.18633615709624e-08,0.000497323203795485,0.999502614932843,1.00032166179033
-0.000317322963473498,0.999747814116817,6.35977190770181e-08,0.000504244570927303,0.999495691831354,1.0003172429391
-0.000312964801067075,0.999744303484538,6.53807074197441e-08,0.000511262269509029,0.999488672349784,1.00031288477706
-0.000308666494333727,0.999740743966533,6.72136902894761e-08,0.000518377639553656,0.999481555146756,1.00030858647068
-0.00030442722120643,0.999737134882083,6.90980696176893e-08,0.000525592039693982,0.999474338862236,1.00030434719791
-0.000300246170908555,0.999733475540993,7.1035286649367e-08,0.000532906847440747,0.999467022117273,1.00030016614796
-0.000296122543798804,0.999729765243455,7.30268230454436e-08,0.000540323459444366,0.999459603513733,1.0002960425212
-0.000292055551218275,0.999726003279918,7.50742020161596e-08,0.000547843291760248,0.999452081634038,1.00029197552896
-0.00028804441533963,0.999722188930952,7.71789894861974e-08,0.000555467780117789,0.999444455040893,1.00028796439341
-0.00028408836901833,0.999718321467108,7.93427952924924e-08,0.000563198380193079,0.999436722277012,1.00028400834742
-0.00028018665564592,0.999714400148783,8.15672744156282e-08,0.000571036567885357,0.99942888186484,1.00028010663438
-0.000276338529005317,0.999710424226073,8.38541282457658e-08,0.000578983839597296,0.999420932306274,1.00027625850806
-0.000272543253128103,0.999706392938635,8.62051058840691e-08,0.000587041712519143,0.999412872082375,1.0002724632325
-0.000268800102153761,0.999702305515536,8.86220054806235e-08,0.000595211724916775,0.999404699653078,1.00026872008185
-0.000265108360190854,0.999698161175112,9.11066756098749e-08,0.000603495436423741,0.999396413456901,1.00026502834019
-0.000261467321180109,0.999693959124815,9.36610166846334e-08,0.00061189442833731,0.999388011910646,1.00026138730149
-0.00025787628875938,0.999689698561058,9.62869824097314e-08,0.00062041030391862,0.999379493409099,1.00025779626938
-0.000254334576130465,0.99968537866907,9.89865812764424e-08,0.000629044688696949,0.999370856324722,1.00025425455705
-0.000250841505927754,0.999680998622733,1.01761878098802e-07,0.000637799230778179,0.999362099007344,1.00025076148714
-0.000247396410088681,0.999676557584426,1.04614995593019e-07,0.000646675601157525,0.999353219783847,1.0002473163916
-0.000243998629725955,0.999672054704866,1.07548116001157e-07,0.00065567549403655,0.999344216957847,1.00024391861152
-0.000240647515001543,0.999667489122945,1.1056348276037e-07,0.000664800627144568,0.999335088809373,1.00024056749709
-0.000237342425002387,0.999662859965565,1.13663402218921e-07,0.000674052742064458,0.999325833594533,1.00023726240737
-0.000234082727617829,0.999658166347473,1.16850245400336e-07,0.000683433604562967,0.999316449545192,1.00023400271026
-0.000230867799418717,0.999653407371087,1.2012644981702e-07,0.00069294500492557,0.999306934868625,1.00023078778234
-0.000227697025538168,0.999648582126331,1.23494521334726e-07,0.000702588758295923,0.999297287747183,1.00022761700873
-0.000224569799553978,0.999643689690454,1.26957036089314e-07,0.000712366705020004,0.999287506337944,1.00022448978302
-0.000221485523372636,0.99963872912786,1.30516642457247e-07,0.000722280710994982,0.999277588772363,1.0002214055071
-0.000218443607114943,0.999633699489926,1.34176063081347e-07,0.000732332668022875,0.999267533155914,1.00021836359111
-0.000215443469003188,0.999628599814819,1.37938096953356e-07,0.000742524494169101,0.999257337567734,1.00021536345326
-0.000212484535249888,0.999623429127315,1.41805621554886e-07,0.000752858134125927,0.999247000060252,1.00021240451976
-0.000209566239948044,0.999618186438615,1.45781595058413e-07,0.00076333555958094,0.999236518658824,1.00020948622472
-0.000206688024962908,0.999612870746146,1.49869058589979e-07,0.000773958769590576,0.999225891361351,1.00020660800998
-0.000203849339825246,0.999607481033382,1.54071138555343e-07,0.000784729790958776,0.999215116137903,1.00020376932509
-0.00020104964162605,0.999602016269641,1.58391049031365e-07,0.000795650678620862,0.99920419093033,1.00020096962714
-0.000198288394912707,0.999596475409889,1.62832094224432e-07,0.000806723516032667,0.999193113651873,1.00019820838067
-0.000195565071586595,0.999590857394547,1.67397670997835e-07,0.000817950415565035,0.999181882186764,1.00019548505758
-0.000192879150802078,0.999585161149277,1.72091271470005e-07,0.00082933351890372,0.999170494389825,1.00019279913704
-0.000190230118866895,0.999579385584787,1.76916485685596e-07,0.000840874997454781,0.99915894808606,1.00019015010534
-0.000187617469143912,0.999573529596618,1.8187700436149e-07,0.000852577052755556,0.99914724107024,1.00018753745585
-0.00018504070195423,0.999567592064933,1.8697662170977e-07,0.000864441916891253,0.999135371106487,1.00018496068889
-0.000182499324481615,0.999561571854303,1.92219238339876e-07,0.000876471852917289,0.999123335927844,1.00018241931164
-0.000179992850678248,0.999555467813492,1.97608864242118e-07,0.000888669155287399,0.999111133235848,1.00017991283806
-0.000177520801171764,0.999549278775234,2.03149621854856e-07,0.00090103615028762,0.999098760700091,1.00017744078878
-0.000175082703173572,0.999543003556013,2.08845749217681e-07,0.000913575196476256,0.999086215957774,1.000175002691
-0.000172678090388436,0.999536640955832,2.14701603213011e-07,0.000926288685129831,0.999073496613267,1.00017259807843
-0.000170306502925284,0.999530189757989,2.2072166289858e-07,0.000939179040695198,0.999060600237642,1.00017022649119
-0.000167967487209265,0.999523648728843,2.26910532933363e-07,0.000952248721247814,0.999047524368219,1.00016788747568
-0.000165660595894992,0.999517016617575,2.33272947099578e-07,0.00096550021895632,0.999034266508097,1.00016558058458
-0.000163385387780986,0.999510292155951,2.39813771923424e-07,0.000978936060553466,0.999020824125675,1.00016330537668
-0.000161141427725302,0.999503474058083,2.46538010397355e-07,0.00099255880781349,0.999007194654176,1.00016106141683
-0.000158928286562298,0.999496561020176,2.53450805806721e-07,0.00100637105803605,0.998993375491158,1.00015884827587
-0.00015674554102056,0.999489551720286,2.60557445663701e-07,0.00102037544453678,0.998979363998018,1.00015666553053
-0.000154592773641948,0.999482444818062,2.67863365751551e-07,0.0010345746371445,0.99896515749949,1.00015451276335
-0.000152469572701757,0.999475238954493,2.75374154282236e-07,0.00104897134270534,0.99895075328314,1.00015238956261
-0.000150375532129974,0.999467932751647,2.83095556170645e-07,0.0010635683055937,0.99893614859885,1.00015029552223
-0.00014831025143361,0.999460524812408,2.91033477428657e-07,0.00107836830823013,0.998921340658292,1.00014823024173
-0.000146273335620113,0.999453013720207,2.99193989682392e-07,0.00109337417160644,0.998906326634404,1.00014619332611
-0.000144264395121816,0.999445398038756,3.07583334816146e-07,0.00110858875581789,0.998891103660847,1.00014418438581
-0.000142283045721435,0.999437676311769,3.16207929746518e-07,0.00112401496060264,0.998875668831468,1.00014220303659
-0.000140328908478587,0.999429847062684,3.25074371330399e-07,0.00113965572588863,0.99886001919974,1.00014024889954
-0.000138401609657313,0.999421908794385,3.34189441410585e-07,0.00115551403234793,0.998844151778211,1.0001383216009
-0.000136500780654601,0.999413859988909,3.43560112002847e-07,0.00117159290195856,0.998828063537929,1.00013642077209
-0.000134626057929891,0.999405699107162,3.5319355062845e-07,0.00118789539857413,0.998811751407875,1.00013454604954
-0.000132777082935543,0.999397424588624,3.63097125796184e-07,0.00120442462850115,0.998795212274373,1.00013269707473
-0.000130953502048267,0.999389034851045,3.7327841263809e-07,0.00122118374108423,0.998778442980503,1.00013087349402
-0.000129154966501488,0.999380528290152,3.83745198703225e-07,0.00123817592929927,0.998761440325502,1.00012907495865
-0.000127381132318648,0.999371903279333,3.94505489913844e-07,0.0012554044303548,0.998744201064155,1.00012730112465
-0.000125631660247412,0.999363158169333,4.05567516688612e-07,0.0012728725263014,0.998726721906182,1.00012555165275
-0.000123906215694792,0.999354291287935,4.16939740237474e-07,0.00129058354464953,0.99870899951561,1.00012382620837
-0.000122204468663149,0.999345300939643,4.28630859033024e-07,0.00130854085899569,0.998691030510145,1.00012212446151
-0.000120526093687084,0.999336185405356,4.40649815463334e-07,0.00132674788965723,0.998672811460527,1.00012044608671
-0.00011887076977119,0.999326942942039,4.53005802671279e-07,0.00134520810431561,0.998654338889882,1.00011879076296
-0.00011723818032866,0.999317571782394,4.65708271585659e-07,0.00136392501866865,0.99863560927306,1.00011715817369
-0.000115628013120738,0.999308070134516,4.78766938149426e-07,0.00138290219709146,0.99861661903597,1.00011554800665
-0.000114039960197003,0.999298436181556,4.92191790750576e-07,0.00140214325330643,0.998597364554903,1.00011395995389
-0.000112473717836475,0.999288668081371,5.05993097861403e-07,0.00142165185106238,0.99857784215584,1.00011239371169
-0.000110928986489522,0.999278763966173,5.201814158919e-07,0.00144143170482287,0.998558048113761,1.00011084898051
-0.000109405470720574,0.999268721942171,5.34767597263383e-07,0.00146148658046387,0.998537978651939,1.0001093254649
-0.000107902879151618,0.999258540089211,5.49762798708453e-07,0.00148182029598095,0.99851762994122,1.00010782287349
-0.000106420924406472,0.999248216460407,5.65178489803654e-07,0.00150243672220601,0.998496998099304,1.00010634091891
-0.000104959323055823,0.999237749081771,5.81026461741395e-07,0.00152333978353382,0.998476079190004,1.00010487931772
-0.000103517795563018,0.999227135951834,5.97318836347758e-07,0.00154453345865831,0.998454869222505,1.00010343779038
-0.000102096066230605,0.999216375041265,6.14068075353177e-07,0.00156602178131897,0.998433364150606,1.0001020160612
-0.000100693863147603,0.999205464292481,6.31286989923007e-07,0.00158780884105724,0.998411559871953,1.00010061385828
-9.9310918137498e-05,0.999194401619258,6.48988750455298e-07,0.00160989878398326,0.998389452227266,1.00009923091342
-9.79469667069539e-05,0.999183184906327,6.67186896653274e-07,0.00163229581355294,0.99836703699955,1.00009786696215
-9.66017479952265e-05,0.999171812008974,6.85895347880182e-07,0.00165500419135557,0.998344309913297,1.00009652174359
-9.5275004724273e-05,0.99916028075263,7.05128413804473e-07,0.00167802823791211,0.998321266633674,1.00009519500047
-9.39664831495469e-05,0.999148588932453,7.24900805343414e-07,0.00170137233348426,0.99829790276571,1.00009388647905
-9.26759330114688e-05,0.999136734312907,7.452276459135e-07,0.00172504091889446,0.99827421385346,1.00009259592906
-9.14031074875622e-05,0.999124714627339,7.66124482996314e-07,0.00174903849635703,0.99825019537916,1.00009132310368
-9.01477631452492e-05,0.99911252757754,7.87607300028594e-07,0.00177336963032044,0.998225842762379,1.00009006775949
-8.89096598952917e-05,0.999100170833311,8.09692528625681e-07,0.0017980389483211,0.99820115135915,1.00008882965639
-8.76885609458743e-05,0.999087642032015,8.32397061147636e-07,0.00182305114184853,0.99817611646109,1.00008760855759
-8.64842327573173e-05,0.999074938778125,8.55738263617628e-07,0.00184841096722231,0.998150733294514,1.00008640422955
-8.52964449974102e-05,0.999062058642771,8.79733989002536e-07,0.00187412324648081,0.99812499701953,1.00008521644193
-8.41249704973612e-05,0.999048999163268,9.04402590865815e-07,0.00190019286828189,0.998098902729127,1.00008404496758
-8.29695852083492e-05,0.999035757842655,9.29762937403161e-07,0.00192662478881581,0.998072445448247,1.00008288958244
-8.18300681586739e-05,0.999022332149209,9.55834425871627e-07,0.00195342403273035,0.998045620132844,1.00008175006553
-8.07062014114951e-05,0.999008719515968,9.8263699742325e-07,0.00198059569406842,0.998018421668934,1.00008062619893
-7.95977700231498e-05,0.998994917340238,1.01019115235456e-06,0.00200814493721832,0.997990844871629,1.00007951776768
-7.85045620020451e-05,0.998980922983096,1.03851796578354e-06,0.00203607699787671,0.997962884484158,1.00007842455981
-7.74263682681128e-05,0.998966733768884,1.06763910376612e-06,0.00206439718402461,0.997934535176872,1.00007734636622
-7.63629826128224e-05,0.998952346984702,1.09757683986448e-06,0.00209311087691642,0.997905791546244,1.0000762829807
-7.53142016597438e-05,0.998937759879887,1.12835407217972e-06,0.00212222353208229,0.997876648113846,1.00007523419989
-7.42798248256491e-05,0.998922969665487,1.1599943408622e-06,0.00215174068034395,0.997847099325315,1.0000741998232
-7.32596542821523e-05,0.998907973513732,1.19252184611256e-06,0.00218166792884408,0.99781713954931,1.0000731796528
-7.22534949178722e-05,0.998892768557489,1.22596146668747e-06,0.0022120109620896,0.997786763076444,1.00007217349358
-7.12611543011175e-05,0.998877351889717,1.26033877892418e-06,0.00224277554300883,0.997755964118212,1.0000711811531
-7.02824426430835e-05,0.998861720562912,1.29568007629824e-06,0.0022739675140229,0.997724736805901,1.00007020244158
-6.9317172761554e-05,0.998845871588545,1.33201238952965e-06,0.00230559279813141,0.997693075189479,1.00006923717184
-6.83651600451024e-05,0.998829801936486,1.36936350725248e-06,0.00233765740001271,0.99766097323648,1.00006828515927
-6.74262224177835e-05,0.998813508534433,1.40776199726402e-06,0.00237016740713879,0.997628424830864,1.00006734622178
-6.65001803043112e-05,0.998796988267319,1.44723722836953e-06,0.00240312899090514,0.997595423771866,1.00006642017981
-6.55868565957144e-05,0.998780237976719,1.48781939283932e-06,0.00243654840777568,0.997561963772832,1.00006550685624
-6.46860766154632e-05,0.998763254460249,1.52953952949543e-06,0.00247043200044291,0.997528038460028,1.0000646060764
-6.37976680860628e-05,0.998746034470951,1.57242954744537e-06,0.00250478619900362,0.997493641371449,1.00006371766801
-6.29214610961035e-05,0.998728574716674,1.61652225048118e-06,0.00253961752215023,0.997458765955599,1.00006284146116
-6.2057288067765e-05,0.998710871859449,1.66185136216247e-06,0.00257493257837795,0.99742340557026,1.00006197728827
-6.1204983724767e-05,0.998692922514844,1.70845155160247e-06,0.00261073806720809,0.99738755348124,1.00006112498407
-6.03643850607586e-05,0.998674723251326,1.75635845997701e-06,0.00264704078042759,0.997351202861112,1.00006028438554
-5.95353313081437e-05,0.9986562705896,1.8056087277764e-06,0.00268384760334502,0.997314346787927,1.00005945533193
-5.87176639073326e-05,0.998637561001946,1.85624002282137e-06,0.00272116551606328,0.997276978243914,1.00005863766467
-5.79112264764176e-05,0.998618590911546,1.90829106906415e-06,0.00275900159476921,0.997239090114162,1.00005783122738
-5.71158647812644e-05,0.998599356691804,1.96180167619694e-06,0.00279736301304027,0.997200675185284,1.00005703586583
-5.63314267060135e-05,0.998579854665646,2.01681277009027e-06,0.00283625704316855,0.997161726144061,1.00005625142789
-5.55577622239888e-05,0.998560081104825,2.07336642408448e-06,0.00287569105750229,0.997122235576074,1.00005547776355
-5.47947233690028e-05,0.998540032229206,2.13150589115844e-06,0.00291567252980526,0.997082195964304,1.00005471472484
-5.40421642070591e-05,0.998519704206046,2.19127563699969e-06,0.00295620903663394,0.997041599687729,1.00005396216582
-5.32999408084409e-05,0.998499093149259,2.25272137400175e-06,0.00299730825873306,0.997000439019893,1.00005321994256
-5.25679112201842e-05,0.998478195118679,2.31589009621418e-06,0.00303897798244946,0.996958706127454,1.00005248791312
-5.18459354389291e-05,0.998457006119302,2.38083011527221e-06,0.00308122610116467,0.99691639306872,1.00005176593748
-5.11338753841432e-05,0.998435522100529,2.4475910973336e-06,0.00312406061674633,0.996873491792156,1.00005105387757
-5.04315948717136e-05,0.99841373895539,2.51622410105054e-06,0.00316748964101873,0.99682999413488,1.0000503515972
-4.97389595879007e-05,0.998391652519757,2.58678161660599e-06,0.00321152139725276,0.996785891821131,1.00004965896206
-4.90558370636505e-05,0.998369258571557,2.65931760584405e-06,0.00325616422167534,0.996741176460719,1.00004897583968
-4.83820966492596e-05,0.998346552829957,2.733887543525e-06,0.00330142656499877,0.996695839547458,1.00004830209941
-4.77176094893874e-05,0.998323530954555,2.81054845973679e-06,0.00334731699397017,0.99664987245757,1.00004763761239
-4.70622484984128e-05,0.998300188544546,2.88935898349499e-06,0.00339384419294112,0.996603266448075,1.00004698225155
-4.64158883361278e-05,0.998276521137883,2.9703793875648e-06,0.00344101696545801,0.996556012655154,1.00004633589153
-4.57784053837662e-05,0.998252524210429,3.05367163453929e-06,0.00348884423587309,0.996508102092492,1.00004569840873
-4.5149677720361e-05,0.998228193175087,3.13929942420889e-06,0.00353733505097666,0.996459525649599,1.00004506968121
-4.45295850994265e-05,0.998203523380933,3.22732824225861e-06,0.00358649858165056,0.996410274090107,1.00004444958874
-4.39180089259609e-05,0.998178510112318,3.31782541032991e-06,0.00363634412454325,0.996360338050046,1.00004383801272
-4.3314832233764e-05,0.998153148587979,3.41086013748567e-06,0.00368688110376669,0.996309708036096,1.00004323483617
-4.27199396630678e-05,0.998127433960119,3.50650357311734e-06,0.00373811907261543,0.996258374423811,1.00004263994375
-4.21332174384729e-05,0.998101361313485,3.60482886133488e-06,0.0037900677153079,0.996206327455831,1.00004205322168
-4.15545533471887e-05,0.998074925664428,3.70591119688099e-06,0.00384273684875054,0.996153557240053,1.00004147455774
-4.09838367175726e-05,0.998048121959955,3.80982788261212e-06,0.00389613642432464,0.996100053747793,1.00004090384127
-4.04209583979631e-05,0.998020945076763,3.91665838859052e-06,0.00395027652969653,0.996045806811915,1.0000403409631
-3.98658107358044e-05,0.997993389820262,4.02648441283219e-06,0.00400516739065108,0.995990806124936,1.00003978581559
-3.93182875570577e-05,0.997965450923582,4.13938994375703e-06,0.00406081937294904,0.995935041237107,1.00003923829257
-3.87782841458945e-05,0.997937123046571,4.25546132438931e-06,0.00411724298420835,0.995878501554467,1.00003869828932
-3.824569722467e-05,0.997908400774777,4.37478731835697e-06,0.0041744488758097,0.995821176336872,1.00003816570255
-3.772042493417e-05,0.997879278618409,4.4974591777405e-06,0.00423244784482679,0.995763054695995,1.00003764043042
-3.72023668141307e-05,0.997849751011296,4.62357071282307e-06,0.00429125083598132,0.995704125593306,1.00003712237246
-3.66914237840249e-05,0.997819812309825,4.75321836379508e-06,0.0043508689436232,0.995644377838013,1.00003661142959
-3.61874981241128e-05,0.997789456791857,4.88650127446813e-06,0.00441131341373625,0.995583800084989,1.0000361075041
-3.56904934567523e-05,0.997758678655647,5.02352136805438e-06,0.00447259564596954,0.995522380832662,1.00003561049959
-3.52003147279668e-05,0.997727472018728,5.16438342506943e-06,0.0045347271956949,0.99546010842088,1.00003512032103
-3.47168681892656e-05,0.997695830916791,5.30919516341798e-06,0.00459771977609067,0.995396971028746,1.00003463687465
-3.42400613797143e-05,0.997663749302553,5.45806732072347e-06,0.00466158526025209,0.995332956672427,1.00003416006801
-3.37698031082509e-05,0.997631221044597,5.61111373896474e-06,0.00472633568332876,0.995268053202932,1.00003368980991
-3.33060034362459e-05,0.997598239926204,5.76845145148387e-06,0.00479198324468915,0.995202248303859,1.00003322601041
-3.28485736603005e-05,0.997564799644171,5.93020077243223e-06,0.00485854031011292,0.995135529489115,1.0000327685808
-3.2397426295282e-05,0.997530893807606,6.09648538872238e-06,0.00492601941401091,0.9950678841006,1.00003231743361
-3.19524750575921e-05,0.997496515936709,6.26743245455641e-06,0.00499443326167338,0.994999299305872,1.00003187248255
-3.15136348486648e-05,0.997461659461538,6.44317268860291e-06,0.00506379473154685,0.994929762095765,1.00003143364251
-3.10808217386906e-05,0.997426317720756,6.62384047389625e-06,0.00513411687753959,0.994859259281986,1.00003100082958
-3.06539529505653e-05,0.997390483960361,6.80957396053518e-06,0.00520541293135642,0.994787777494683,1.00003057396097
-3.02329468440578e-05,0.997354151332397,7.00051517125833e-06,0.00527769630486289,0.994715303179966,1.00003015295504
-2.98177229001967e-05,0.99731731289365,7.19681010997767e-06,0.00535098059247921,0.994641822597411,1.00002973773128
-2.94082017058706e-05,0.997279961604324,7.39860887335281e-06,0.00542527957360445,0.994567321817522,1.00002932821027
-2.90043049386399e-05,0.997242090326699,7.60606576549074e-06,0.00550060721507103,0.994491786719163,1.00002892431369
-2.86059553517574e-05,0.997203691823769,7.81933941585929e-06,0.00557697767363008,0.994415202986954,1.00002852596428
-2.82130767593947e-05,0.997164758757865,8.03859290050364e-06,0.00565440529846788,0.994337556108632,1.00002813308588
-2.78255940220713e-05,0.997125283689256,8.26399386665854e-06,0.00573290463375375,0.99425883137238,1.00002774560333
-2.74434330322836e-05,0.997085259074729,8.4957146608518e-06,0.00581249042121978,0.994179013864119,1.00002736344253
-2.70665207003324e-05,0.997044677266153,8.7339324605958e-06,0.00589317760277253,0.994098088464767,1.0000269865304
-2.66947849403432e-05,0.997003530509022,8.97882940976865e-06,0.00597498132313744,0.994016039847453,1.00002661479483
-2.63281546564802e-05,0.996961810940974,9.23059275778729e-06,0.00605791693253582,0.993932852474706,1.00002624816474
-2.59665597293487e-05,0.9969195105903,9.48941500267916e-06,0.00614199998939511,0.993848510595602,1.00002588657002
-2.56099310025846e-05,0.996876621374416,9.75549403816186e-06,0.00622724626309262,0.993762998242869,1.00002552994149
-2.52582002696278e-05,0.996833135098329,1.00290333048421e-05,0.00631367173673308,0.993676299229962,1.00002517821096
-2.49113002606779e-05,0.996789043453074,1.03102419456503e-05,0.00640129260996048,0.993588397148094,1.00002483131116
-2.45691646298279e-05,0.996744338014132,1.05993349656288e-05,0.00649012530180436,0.99349927536323,1.00002448917573
-2.4231727942376e-05,0.996699010239823,1.08965333961955e-05,0.00658018645356098,0.993408917013043,1.00002415173926
-2.38989256623105e-05,0.996653051469681,1.12020644640084e-05,0.00667149293170989,0.993317305003826,1.00002381893719
-2.35706941399673e-05,0.996606452922802,1.15161617645601e-05,0.00676406183086592,0.993224422007369,1.00002349070588
-2.32469705998565e-05,0.996559205696176,1.1839065440634e-05,0.00685791047676732,0.993130250457792,1.00002316698256
-2.29276931286565e-05,0.996511300762984,1.21710223657588e-05,0.00695305642930002,0.993034772548334,1.0000228477053
-2.26128006633728e-05,0.996462728970888,1.25122863328007e-05,0.00704951748555872,0.992937970228108,1.00002253281306
-2.23022329796594e-05,0.99641348104028,1.28631182478379e-05,0.00714731168294499,0.992839825198807,1.0000222222456
-2.19959306803007e-05,0.996363547562519,1.32237863294645e-05,0.00724645730230263,0.992740318911368,1.00002191594352
-2.16938351838519e-05,0.996312918998141,1.35945663136756e-05,0.00734697287109101,0.992639432562595,1.00002161384826
-2.13958887134342e-05,0.996261585675037,1.39757416644908e-05,0.00744887716659637,0.992537147091739,1.00002131590202
-2.1102034285686e-05,0.996209537786619,1.43676037904758e-05,0.00755218921918153,0.992433443177028,1.00002102204782
-2.08122156998634e-05,0.996156765389945,1.47704522673269e-05,0.00765692831557468,0.992328301232158,1.00002073222947
-2.05263775270925e-05,0.996103258403835,1.51845950666893e-05,0.0077631140021971,0.992221701402736,1.00002044639154
-2.02444650997681e-05,0.996049006606943,1.56103487913826e-05,0.00787076608853061,0.992113623562678,1.00002016447935
-1.99664245010979e-05,0.99599399963582,1.60480389172127e-05,0.00797990465052492,0.992004047310558,1.000019886439
-1.96922025547917e-05,0.995938226982936,1.64980000415551e-05,0.0080905500340451,0.991892951965913,1.0000196122173
-1.94217468148902e-05,0.995881677994681,1.69605761388988e-05,0.00820272285835994,0.991780316565501,1.00001934176181
-1.91550055557353e-05,0.995824341869341,1.74361208235446e-05,0.00831644401967109,0.991666119859505,1.0000190750208
-1.88919277620767e-05,0.995766207655039,1.79249976196601e-05,0.00843173469468371,0.991550340307697,1.00001881194326
-1.86324631193156e-05,0.995707264247652,1.84275802388945e-05,0.00854861634421875,0.991432956075542,1.00001855247888
-1.83765620038817e-05,0.995647500388701,1.89442528657669e-05,0.00866711071686727,0.991313945030267,1.00001829657803
-1.81241754737424e-05,0.995586904663205,1.94754104510447e-05,0.00878723985268733,0.991193284736862,1.00001804419176
-1.78752552590424e-05,0.995525465497515,2.0021459013335e-05,0.00890902608694348,0.991070952454043,1.00001779527181
-1.7629753752872e-05,0.995463171157106,2.05828159491199e-05,0.0090324920538896,0.990946925130161,1.00001754977058
-1.73876240021625e-05,0.995400009744351,2.11599103514709e-05,0.00915766069059492,0.990821179399054,1.0000173076411
-1.71488196987054e-05,0.995335969196255,2.17531833376862e-05,0.00928455524081423,0.990693691575848,1.00001706883708
-1.69132951702965e-05,0.995271037282163,2.23630883860991e-05,0.00941319925890199,0.990564437652712,1.00001683331283
-1.66810053720006e-05,0.995205201601432,2.29900916823146e-05,0.00954361661377102,0.990433393294547,1.00001660102331
-1.64519058775366e-05,0.995138449581077,2.3634672475139e-05,0.00967583149289624,0.990300533834629,1.00001637192411
-1.62259528707809e-05,0.995070768473376,2.42973234424712e-05,0.00980986840636326,0.990165834270194,1.00001614597139
-1.6003103137387e-05,0.995002145353451,2.49785510674366e-05,0.0099457521909629,0.99002926925797,1.00001592312195
-1.57833140565212e-05,0.994932567116809,2.56788760250485e-05,0.0100835080143313,0.989890813109644,1.00001570333317
-1.55665435927106e-05,0.994862020476852,2.63988335796917e-05,0.010223161379136,0.989750439787284,1.00001548656301
-1.53527502878042e-05,0.994790491962351,2.71389739937314e-05,0.0103647381273096,0.989608122898697,1.00001527277001
-1.51418932530435e-05,0.994717967914888,2.78998629475577e-05,0.0105082644443286,0.989463835692724,1.00001506191329
-1.49339321612425e-05,0.994644434486258,2.86820819713864e-05,0.0106537668635407,0.989317551054488,1.00001485395251
-1.4728827239075e-05,0.994569877635841,2.94862288891434e-05,0.0108012722705391,0.989169241500572,1.0000146488479
-1.45265392594678e-05,0.994494283127933,3.03129182747709e-05,0.0109508079075846,0.989018879174141,1.00001444656025
-1.43270295340983e-05,0.994417636529041,3.1162781921305e-05,0.0111024013780755,0.988866435840003,1.00001424705085
-1.41302599059953e-05,0.994339923205144,3.20364693230764e-05,0.0112560806510662,0.988711882879611,1.00001405028155
-1.39361927422414e-05,0.994261128318911,3.29346481714076e-05,0.0114118740658343,0.988555191285994,1.00001385621472
-1.37447909267754e-05,0.994181236826887,3.38580048641779e-05,0.0115698103364967,0.988396331658639,1.00001366481324
-1.35560178532937e-05,0.994100233476633,3.48072450296471e-05,0.0117299185566743,0.988235274198296,1.00001347604051
-1.33698374182495e-05,0.994018102803831,3.57830940649366e-05,0.0118922282042072,0.988071988701728,1.00001328986043
-1.31862140139475e-05,0.993934829129351,3.67862976895744e-05,0.0120567691459185,0.987906444556392,1.00001310623737
-1.30051125217341e-05,0.993850396556271,3.78176225145293e-05,0.0122235716424286,0.987738610735057,1.00001292513624
-1.28264983052806e-05,0.993764788966863,3.88778566271631e-05,0.01239266635302,0.987568455790353,1.00001274652238
-1.2650337203959e-05,0.993677990019532,3.99678101925476e-05,0.0125640843405513,0.987395947849256,1.00001257036165
-1.24765955263087e-05,0.993589983145717,4.10883160716045e-05,0.0127378570764235,0.987221054607505,1.00001239662034
-1.23052400435926e-05,0.993500751546746,4.22402304565345e-05,0.0129140164455952,0.987043743323948,1.00001222526523
-1.21362379834424e-05,0.993410278190651,4.34244335240239e-05,0.0130925947516508,0.986863980814825,1.00001205626355
-1.19695570235904e-05,0.993318545808934,4.46418301067202e-05,0.0132736247219183,0.986681733447975,1.00001188958298
-1.18051652856881e-05,0.993225536893297,4.58933503834897e-05,0.0134571395126392,0.986496967136977,1.00001172519163
-1.16430313292088e-05,0.993131233692316,4.71799505889826e-05,0.0136431727141899,0.986309647335221,1.00001156305807
-1.14831241454351e-05,0.99303561820808,4.85026137430409e-05,0.0138317583563547,0.986119739029902,1.00001140315128
-1.13254131515281e-05,0.992938672192774,4.98623504005081e-05,0.0140229309136504,0.985927206735949,1.0000112454407
-1.11698681846782e-05,0.992840377145226,5.12601994220072e-05,0.0142167253107034,0.985732014489875,1.00001108989614
-1.10164594963366e-05,0.992740714307395,5.26972287662725e-05,0.014413176927678,0.985534125843556,1.00001093648787
-1.08651577465254e-05,0.992639664660817,5.41745363046399e-05,0.0146123216057573,0.985333503857938,1.00001078518654
-1.07159339982267e-05,0.992537208923003,5.56932506583098e-05,0.0148141956526766,0.985130111096665,1.00001063596322
-1.05687597118481e-05,0.992433327543787,5.7254532059024e-05,0.0150188358483082,0.984923909619633,1.00001048878937
-1.0423606739764e-05,0.992328000701617,5.88595732338049e-05,0.0152262794502992,0.984714860976467,1.00001034363684
-1.02804473209331e-05,0.992221208299805,6.05096003144301e-05,0.0154365641997608,0.984502926199925,1.00001020047786
-1.01392540755881e-05,0.992112929962722,6.22058737723378e-05,0.0156497283270113,0.984288065799216,1.00001005928507
-1e-05,0.992003145031936,6.39496893796633e-05,0.0158658105573691,0.984070239753251,1.00000992003145
-9.86265846131283e-06,0.991891832562303,6.57423791971453e-05,0.0160848501170004,0.983849407503803,1.00000978269038
-9.72720319245054e-06,0.991778971318002,6.75853125896461e-05,0.016306886738817,0.983625527948593,1.00000964723558
-9.59360828709315e-06,0.991664539768516,6.94798972700564e-05,0.0165319606684272,0.983398559434303,1.00000951364115
-9.46184819472199e-06,0.991548516084558,7.14275803723815e-05,0.0167601126701388,0.983168459749489,1.00000938188154
-9.33189771573324e-06,0.991430878133939,7.3429849554816e-05,0.0169913840330124,0.982935186117433,1.00000925193155
-9.20373199661823e-06,0.991311603477382,7.54882341336502e-05,0.0172258165769686,0.982698695188898,1.00000912376632
-9.07732652521022e-06,0.991190669364279,7.76043062488635e-05,0.0174634526589443,0.982458943034807,1.00000899736135
-8.9526571259964e-06,0.991068052728387,7.977968206229e-05,0.0177043351791019,0.982215885138836,1.00000887269246
-8.82969995549408e-06,0.990943730183466,8.20160229892678e-05,0.0179485075870885,0.981969476389922,1.00000874973581
-8.70843149769072e-06,0.990817678018862,8.43150369646992e-05,0.0181960138883463,0.981719671074689,1.00000862846788
-8.58882855954626e-06,0.990689872195019,8.66784797444896e-05,0.0184468986504728,0.981466422869783,1.00000850886547
-8.4708682665574e-06,0.990560288338941,8.91081562433442e-05,0.0187012070096312,0.981209684834126,1.00000839090571
-8.35452805838287e-06,0.990428901739585,9.16059219099388e-05,0.0189589846770109,0.980949409401079,1.00000827456605
-8.23978568452851e-06,0.990295687343191,9.41736841405114e-05,0.0192202779453365,0.980685548370523,1.00000815982423
-8.12661920009195e-06,0.990160619748555,9.68134037319348e-05,0.0194851336954258,0.980418052900842,1.0000080466583
-8.01500696156541e-06,0.990023673202227,9.95270963753834e-05,0.019753599402796,0.980146873500829,1.00000793504663
-7.90492762269642e-06,0.989884821593649,0.000102316834191715,0.0200257231443179,0.97987196002149,1.00000782496787
-7.79636013040524e-06,0.989744038450232,0.000105184747309736,0.0203015536049169,0.979593261647773,1.00000771640096
-7.68928372075831e-06,0.989601296932351,0.000108133025488543,0.0205811400843207,0.979310726890191,1.00000760932514
-7.58367791499719e-06,0.989456569828289,0.000111163919785168,0.0208645325038525,0.979024303576362,1.00000750371994
-7.47952251562183e-06,0.989309829549096,0.000114279744268795,0.0211517814132704,0.978733938842461,1.00000739956514
-7.37679760252773e-06,0.989161048123392,0.000117482877782832,0.0214429379976498,0.978439579124567,1.00000729684085
-7.27548352919622e-06,0.989010197192089,0.000120775765756191,0.0217380540843104,0.978141170149933,1.0000071955274
-7.17556091893692e-06,0.988857248003042,0.000124160922065125,0.0220371821497857,0.977838656928149,1.00000709560542
-7.07701066118189e-06,0.988702171405636,0.000127640930947048,0.0223403753268344,0.977531983742219,1.00000699705581
-6.97981390783067e-06,0.988544937845286,0.000131218448967776,0.0226476874114925,0.97722109413954,1.00000689985971
-6.8839520696455e-06,0.988385517357873,0.000134896207043674,0.0229591728701658,0.976905930922791,1.00000680399853
-6.7894068126961e-06,0.9882238795641,0.000138677012520245,0.0232748868467602,0.97658643614072,1.00000670945394
-6.69616005485322e-06,0.988059993663766,0.00014256375130873,0.0235948851698511,0.97626255107884,1.00000661620786
-6.60419396233031e-06,0.987893828429974,0.000146559390082331,0.0239192243598881,0.97593421625003,1.00000652424246
-6.51349094627281e-06,0.987725352203248,0.000150666978533713,0.0242479616364356,0.975601371385031,1.00000643354014
-6.42403365939419e-06,0.987554532885581,0.000154889651695501,0.0245811549254471,0.975263955422857,1.00000634408356
-6.33580499265824e-06,0.987381337934389,0.000159230632325513,0.0249188628665715,0.974921906501103,1.00000625585561
-6.24878807200689e-06,0.987205734356396,0.000163693233358533,0.0252611448204918,0.97457516194615,1.00000616883942
-6.16296625513294e-06,0.987027688701427,0.000168280860426488,0.025608060876292,0.974223658263281,1.00000608301834
-6.07832312829724e-06,0.986847167056125,0.000172997014448903,0.0259596718588524,0.973867331126699,1.00000599837596
-5.99484250318941e-06,0.986664135037569,0.000177845294295617,0.0263160393362712,0.973506115369433,1.00000591489609
-5.91250841383187e-06,0.986478557786821,0.00018282939952375,0.0266772256273101,0.973139944973166,1.00000583256277
-5.83130511352622e-06,0.986290399962378,0.000187953133190997,0.0270432938088631,0.972768753057946,1.00000575136025
-5.75121707184161e-06,0.98609962573353,0.000193220404747361,0.0274143077234454,0.972392471871807,1.000005671273
-5.67222897164455e-06,0.985906198773642,0.000198635233007513,0.0277903319867013,0.972011032780291,1.0000055922857
-5.59432570616938e-06,0.98571008225333,0.000204201749206014,0.0281714319949281,0.971624366255866,1.00000551438325
-5.51749237612912e-06,0.985511238833555,0.000209924200137696,0.0285576739326142,0.971232401867248,1.00000543755075
-5.44171428686589e-06,0.98530963065862,0.000215806951385589,0.0289491247799897,0.970835068268625,1.00000536177349
-5.36697694554048e-06,0.985105219349068,0.000221854490638795,0.0293458523205863,0.970432293188775,1.000005287037
-5.29326605836057e-06,0.984897965994496,0.000228071431102834,0.0297479251488034,0.970024003420094,1.00000521332697
-5.22056752784698e-06,0.984687831146255,0.000234462515005009,0.0301554126774794,0.969610124807516,1.00000514062932
-5.14886745013749e-06,0.984474774810071,0.000241032617197441,0.0305683851454641,0.969190582237338,1.00000506893012
-5.07815211232767e-06,0.984258756438545,0.000247786748860482,0.0309869136251899,0.96876529962595,1.00000499821568
-5.00840798984821e-06,0.984039734923571,0.000254730061309285,0.0314110700302385,0.968334199908452,1.00000492847247
-4.93962174387833e-06,0.983817668588643,0.000261867849906403,0.0318409271229007,0.967897205027193,1.00000485968715
-4.87178021879463e-06,0.983592515181054,0.000269205558083351,0.0322765585217245,0.967454235920192,1.00000479184656
-4.80487043965512e-06,0.983364231864001,0.000276748781474152,0.0327180387090504,0.967005212509475,1.00000472493773
-4.73887960971765e-06,0.983132775208572,0.000284503272163982,0.0331654430385279,0.966550053689308,1.00000465894786
-4.67379510799246e-06,0.982898101185638,0.0002924749430561,0.033618847742612,0.966088677314332,1.00000459386434
-4.60960448682844e-06,0.982660165157623,0.000300669872360334,0.0340783299400334,0.965621000187606,1.00000452967471
-4.5462954695324e-06,0.982418921870173,0.000309094308206505,0.0345439676432411,0.965146938048552,1.00000446636669
-4.48385594802118e-06,0.982174325443709,0.000317754673386239,0.0350158397658105,0.964666405560803,1.00000440392819
-4.4222739805059e-06,0.981926329364866,0.000326657570226738,0.0354940261298151,0.964179316299958,1.00000434234726
-4.36153778920801e-06,0.981674886477822,0.000335809785600152,0.0359786074731567,0.963685582741243,1.00000428161211
-4.3016357581068e-06,0.981419948975504,0.000345218296072309,0.036469665456848,0.96318511624708,1.00000422171115
-4.24255643071778e-06,0.981161468390683,0.000354890273194672,0.0369672826722453,0.96267782705456,1.0000041626329
-4.18428850790158e-06,0.980899395586944,0.000364833088943467,0.0374715426482245,0.962163624262832,1.00000410436607
-4.12682084570295e-06,0.980633680749542,0.000375054321310081,0.0379825298582957,0.961642415820394,1.00000404689952
-4.07014245321944e-06,0.980364273376127,0.000385561760046898,0.0385003297276521,0.961114108512301,1.00000399022225
-4.01424249049933e-06,0.980091122267354,0.00039636341257287,0.0390250286401461,0.960578607947281,1.00000393432343
-3.95911026646846e-06,0.979814175517363,0.000407467510043252,0.0395567139451874,0.960035818544769,1.00000387919236
-3.90473523688556e-06,0.979533380504133,0.000418882513588032,0.0400954739645581,0.959485643521854,1.00000382481851
-3.85110700232557e-06,0.979248683879708,0.000430617120723727,0.0406413979991371,0.958927984880139,1.00000377119146
-3.79821530619074e-06,0.978960031560292,0.000442680271943326,0.0411945763355289,0.958362743392528,1.00000371830098
-3.746050032749e-06,0.978667368716216,0.000455081157489302,0.0417551002525892,0.957789818589922,1.00000366613693
-3.6946012051993e-06,0.978370639761765,0.000467829224314765,0.0423230620278403,0.957209108747845,1.00000361468934
-3.64385898376354e-06,0.978069788344877,0.000480934183237924,0.0428985549437703,0.956620510872992,1.00000356394838
-3.59381366380463e-06,0.977764757336701,0.000494406016295223,0.0434816732940077,0.956023920689697,1.00000351390434
-3.54445567397044e-06,0.977455488821019,0.000508254984298619,0.0440725123893644,0.955419232626337,1.00000346454765
-3.49577557436328e-06,0.977141924083528,0.000522491634602624,0.0446711685637387,0.954806339801659,1.00000341586887
-3.44776405473446e-06,0.976824003600978,0.000537126809086928,0.0452777391798709,0.954185134011042,1.00000336785869
-3.4004119327037e-06,0.976501667030168,0.000552171652360503,0.0458923226349422,0.953555505712697,1.00000332050792
-3.35371015200293e-06,0.976174853196803,0.000567637620193341,0.0465150183660083,0.952917344013798,1.00000327380752
-3.30764978074424e-06,0.975843500084188,0.000583536488182068,0.0471459268552604,0.952270536656557,1.00000322774854
-3.26222200971167e-06,0.975507544821794,0.000599880360655877,0.0477851496351009,0.951614970004243,1.00000318232218
-3.21741815067637e-06,0.975166923673657,0.000616681679829417,0.0484327892930275,0.950950529027143,1.00000313751976
-3.17322963473497e-06,0.974821572026634,0.00063395323520941,0.0490889494763131,0.950277097288477,1.0000030933327
-3.12964801067075e-06,0.974471424378501,0.000651708173262012,0.0497537348964735,0.949594556930265,1.00000304975255
-3.08666494333727e-06,0.974116414325897,0.000669960007348069,0.0504272513335101,0.948902788659142,1.00000300677099
-3.04427221206431e-06,0.973756474552107,0.000688722627933631,0.0511096056399184,0.948201671732148,1.00000296437978
-3.00246170908555e-06,0.973391536814692,0.000708010313083306,0.0518009057444487,0.947491083942468,1.00000292257082
-2.96122543798803e-06,0.973021531932951,0.000727837739244223,0.0525012606556098,0.946770901605146,1.00000288133611
-2.92055551218274e-06,0.972646389775221,0.000748219992328581,0.0532107804649013,0.94604099954277,1.00000284066778
-2.8804441533963e-06,0.972266039246015,0.000769172579103004,0.0539295763497636,0.945301251071133,1.00000280055803
-2.84088369018331e-06,0.971880408272991,0.000790711438893087,0.0546577605762311,0.944551527984876,1.0000027609992
-2.8018665564592e-06,0.97148942379375,0.000812852955611817,0.0553954465012761,0.943791700543112,1.00000272198373
-2.76338529005317e-06,0.971093011742465,0.000835613970120728,0.0561427485748294,0.94302163745505,1.00000268350414
-2.72543253128103e-06,0.970691097036336,0.000859011792932933,0.056899782341463,0.942241205865604,1.00000264555309
-2.68800102153761e-06,0.970283603561872,0.000883064217267399,0.0576666644417204,0.941450271341012,1.00000260812332
-2.65108360190854e-06,0.969870454160996,0.000907789532464055,0.058443512613079,0.940648697854457,1.00000257120766
-2.61467321180109e-06,0.969451570616966,0.000933206537769663,0.059230445690529,0.939836347771701,1.00000253479905
-2.5787628875938e-06,0.96902687364012,0.000959334556504553,0.0600275836067516,0.939013081836744,1.00000249889054
-2.54334576130465e-06,0.968596282853439,0.000986193450620677,0.0608350473918816,0.938178759157498,1.00000246347525
-2.50841505927754e-06,0.968159716777921,0.00101380363566167,0.0616529591728354,0.937333237191503,1.00000242854641
-2.47396410088682e-06,0.96771709281777,0.00104218609613589,0.0624814421721872,0.936476371731677,1.00000239409735
-2.43998629725955e-06,0.967268327245399,0.00107136240131371,0.063320620706574,0.935608016892112,1.00000236012146
-2.40647515001542e-06,0.966813335186233,0.00110135472146074,0.0641706201846118,0.934728025093927,1.00000232661227
-2.37342425002387e-06,0.96635203060333,0.00113218584451866,0.0650315671043021,0.933836247051179,1.00000229356334
-2.34082727617829e-06,0.965884326281799,0.00116387919324619,0.0659035890499096,0.932932531756844,1.00000226096838
-2.30867799418717e-06,0.965410133813023,0.0011964588428324,0.0667868146882886,0.932016726468879,1.00000222882113
-2.27697025538168e-06,0.964929363578686,0.00122994953899545,0.0676813737646374,0.931088676696367,1.00000219711546
-2.24569799553977e-06,0.964441924734591,0.00126437671657995,0.0685873970976586,0.930148226185761,1.0000021658453
-2.21485523372636e-06,0.963947725194283,0.0012997665186664,0.0695050165741018,0.929195216907232,1.00000213500466
-2.18443607114943e-06,0.96344667161246,0.00133614581620676,0.0704343651426658,0.928229489041127,1.00000210458766
-2.15443469003189e-06,0.962938669368182,0.00137354222820036,0.0713755768072348,0.927250880964565,1.00000207458847
-2.12484535249888e-06,0.962423622547863,0.00141198414242489,0.0723287866194236,0.926259229238152,1.00000204500136
-2.09566239948043e-06,0.961901433928059,0.0014515007367375,0.073294130670407,0.925254368592856,1.00000201582067
-2.06688024962908e-06,0.961372004958036,0.00149212200096143,0.0742717460820047,0.924236131917034,1.00000198704081
-2.03849339825246e-06,0.960835235742127,0.00153387875937419,0.075261770996997,0.923204350243629,1.00000195865628
-2.0104964162605e-06,0.960291025021867,0.00157680269381343,0.0762643445686387,0.922158852737548,1.00000193066166
-1.98288394912707e-06,0.95973927015791,0.00162092636741722,0.0772796069493459,0.921099466683237,1.00000190305159
-1.95565071586595e-06,0.959179867111723,0.00166628324901608,0.0783076992785226,0.920026017472461,1.00000187582079
-1.92879150802078e-06,0.958612710427057,0.0017129077381941,0.0793487636694982,0.918938328592308,1.00000184896406
-1.90230118866895e-06,0.958037693211191,0.00176083519103756,0.0804029431955425,0.91783622161342,1.00000182247624
-1.87617469143912e-06,0.957454707115949,0.00181010194658917,0.0814703818749245,0.916719516178486,1.00000179635229
-1.8504070195423e-06,0.956863642318481,0.0018607453540274,0.0825512246549834,0.915588029990989,1.0000017705872
-1.82499324481615e-06,0.956264387501823,0.00191280380059012,0.083645617395173,0.914441578804237,1.00000174517605
-1.79992850678248e-06,0.955656829835213,0.00196631674026267,0.0847537068490477,0.91327997641069,1.00000172011397
-1.77520801171764e-06,0.955040854954174,0.00202132472325107,0.0858756406451498,0.912103034631599,1.00000169539618
-1.75082703173573e-06,0.954416346940359,0.00207786942626118,0.0870115672667598,0.910910563306979,1.00000167101794
-1.72678090388436e-06,0.953783188301158,0.00213599368360568,0.0881616360304728,0.909702370285921,1.0000016469746
-1.70306502925284e-06,0.953141259949061,0.00219574151916093,0.0893259970635562,0.908478261417283,1.00000162326155
-1.67967487209265e-06,0.952490441180778,0.0022571581791966,0.0905048012800513,0.907238040540752,1.00000159987426
-1.65660595894992e-06,0.951830609656112,0.0023202901661013,0.0916982003555731,0.905981509478326,1.00000157680826
-1.63385387780986e-06,0.95116164137659,0.00238518527302827,0.0929063467007635,0.904708468026208,1.00000155405914
-1.61141427725302e-06,0.950483410663838,0.00245189261948562,0.0941293934333536,0.903418713947161,1.00000153162254
-1.58928286562298e-06,0.94979579013771,0.00252046268789633,0.0953674943487875,0.902112042963316,1.00000150949418
-1.5674554102056e-06,0.949098650694167,0.00259094736115393,0.096620803889359,0.900788248749487,1.00000148766981
-1.54592773641948e-06,0.948391861482894,0.0026633999612003,0.0978894771118121,0.899447122926988,1.00000146614528
-1.52469572701758e-06,0.947675289884671,0.00273787528865267,0.0991736696533525,0.898088455057995,1.00000144491647
-1.50375532129974e-06,0.946948801488483,0.00281442966350789,0.100473537696019,0.896712032640473,1.0000014239793
-1.4831025143361e-06,0.946212260068369,0.00289312096695228,0.101789237929358,0.895317641103689,1.00000140332978
-1.46273335620113e-06,0.945465527560018,0.00297400868430657,0.10312092751135,0.893905063804344,1.00000138296396
-1.44264395121816e-06,0.944708464037103,0.00305715394913585,0.104468764027523,0.892474082023341,1.00000136287795
-1.42283045721435e-06,0.943940927687343,0.00314261958855515,0.105832905448203,0.891024474963242,1.0000013430679
-1.40328908478587e-06,0.943162774788322,0.0032304701697625,0.107213510083831,0.889556019746406,1.00000132353003
-1.38401609657313e-06,0.942373859683023,0.00332077204783142,0.108610736538292,0.888068491413877,1.00000130426059
-1.36500780654601e-06,0.941574034755112,0.00341359341479628,0.110024743660182,0.886561662925021,1.00000128525591
-1.34626057929891e-06,0.940763150403952,0.00350900435006427,0.111455690491967,0.885035305157968,1.00000126651234
-1.32777082935543e-06,0.939941055019345,0.0036070768721888,0.112903736216932,0.883489186910879,1.00000124802631
-1.30953502048267e-06,0.939107594956018,0.00370788499203983,0.114369040103884,0.881923074904076,1.00000122979428
-1.29154966501488e-06,0.938262614507833,0.00381150476740794,0.115851761449519,0.880336733783074,1.00000121181277
-1.27381132318648e-06,0.937405955881733,0.00391801435907904,0.117352059518376,0.878729926122545,1.00000119407832
-1.25631660247412e-06,0.936537459171421,0.0040274940884185,0.11887009348032,0.877102412431261,1.00000117658756
-1.23906215694792e-06,0.93565696233077,0.00414002649650345,0.120406022345453,0.875453951158043,1.00000115933713
-1.22204468663149e-06,0.934764301146963,0.00425569640484356,0.121960004896386,0.87378429869877,1.00000114232375
-1.20526093687084e-06,0.933859309213374,0.00437459097773158,0.123532199617789,0.872093209404479,1.00000112554415
-1.1887076977119e-06,0.93294181790217,0.00449679978626527,0.12512276462313,0.870380435590604,1.00000110899512
-1.1723818032866e-06,0.932011656336658,0.00462241487408424,0.126731857578516,0.868645727547399,1.00000109267351
-1.15628013120738e-06,0.931068651363361,0.00475153082486538,0.128359635623548,0.866888833551587,1.00000107657618
-1.14039960197003e-06,0.930112627523832,0.00488424483162213,0.130006255289092,0.865109499879286,1.00000106070007
-1.12473717836475e-06,0.929143407026203,0.00502065676785381,0.131671872411886,0.86330747082026,1.00000104504213
-1.10928986489522e-06,0.928160809716476,0.00516086926059194,0.133356642045865,0.861482488693543,1.00000102959938
-1.09405470720574e-06,0.927164653049549,0.00530498776539214,0.135060718370119,0.859634293864489,1.00000101436885
-1.07902879151618e-06,0.926154752059993,0.00545312064332065,0.136784254593373,0.857762624763306,1.00000099934764
-1.06420924406472e-06,0.925130919332567,0.0056053792399861,0.138527402854894,0.85586721790512,1.00000098453288
-1.04959323055823e-06,0.924092964972482,0.00576187796666828,0.140290314121699,0.853947807911633,1.00000096992172
-1.03517795563018e-06,0.92304069657542,0.00592273438359613,0.142073138081969,0.852004127534435,1.00000095551138
-1.02096066230605e-06,0.921973919197296,0.00608806928542961,0.143876023034549,0.850035907680021,1.0000009412991
-1.00693863147603e-06,0.920892435323793,0.00625800678899976,0.145699115774414,0.848042877436586,1.00000092728217
-9.9310918137498e-07,0.919796044839646,0.00643267442336356,0.147542561473981,0.846024764102656,1.0000009134579
-9.79469667069539e-07,0.918684544997696,0.00661220322223126,0.149406503560146,0.843981293217623,1.00000089982365
-9.66017479952265e-07,0.917557730387716,0.0067967278188241,0.151291083586921,0.841912188594255,1.00000088637681
-9.5275004724273e-07,0.916415392905011,0.00698638654322327,0.153196441103532,0.839817172353244,1.00000087311481
-9.39664831495469e-07,0.915257321718801,0.00718132152227033,0.155122713517858,0.837695964959872,1.00000086003512
-9.26759330114688e-07,0.914083303240393,0.00738167878208185,0.157070035955051,0.835548285262867,1.00000084713523
-9.14031074875622e-07,0.912893121091142,0.00758760835324201,0.159038541111233,0.833373850535525,1.00000083441268
-9.01477631452492e-07,0.911686556070222,0.00779926437873748,0.16102835910208,0.831172376519182,1.00000082186504
-8.89096598952917e-07,0.910463386122203,0.00801680522470128,0.163039617306192,0.828943577469107,1.0000008094899
-8.76885609458743e-07,0.90922338630444,0.00824039359403252,0.165072440203056,0.826687166202912,1.0000007972849
-8.64842327573173e-07,0.907966328754302,0.00847019664296066,0.167126949205474,0.824402854151565,1.00000078524771
-8.52964449974102e-07,0.906691982656231,0.00870638610062469,0.16920326248629,0.822090351413086,1.00000077337603
-8.41249704973612e-07,0.905400114208642,0.00894913839173748,0.171301494799241,0.819749366809022,1.00000076166758
-8.29695852083491e-07,0.904090486590698,0.00919863476240857,0.173421757293787,0.817379607943805,1.00000075012013
-8.18300681586739e-07,0.90276285992894,0.00945506140919839,0.175564157323723,0.814980781267079,1.00000073873146
-8.07062014114951e-07,0.901416991263812,0.00971860961147886,0.177728798249419,0.812552592139103,1.00000072749941
-7.95977700231498e-07,0.900052634516074,0.00998947586717694,0.179915779233497,0.810094744899326,1.00000071642183
-7.85045620020451e-07,0.89866954045314,0.0102678620319774,0.182125195029766,0.807606942938257,1.00000070549659
-7.74263682681128e-07,0.897267456655328,0.0105539754620644,0.184357135765215,0.805088888772721,1.00000069472161
-7.63629826128224e-07,0.895846127482072,0.0108480291604804,0.186611686714896,0.802540284124624,1.00000068409482
-7.53142016597438e-07,0.894405294038081,0.0111502419271836,0.18888892806947,0.799960830003346,1.00000067361421
-7.42798248256491e-07,0.892944694139494,0.0114608385128861,0.19118893469524,0.797350226791874,1.00000066327775
-7.32596542821523e-07,0.891464062280025,0.0117800497767539,0.193511775886443,0.794708174336803,1.00000065308349
-7.22534949178722e-07,0.889963129597141,0.0121081128480551,0.195857515109608,0.792034372042337,1.00000064302946
-7.12611543011174e-07,0.888441623838284,0.0124452712918385,0.198226209739756,0.789328518968406,1.00000063311376
-7.02824426430834e-07,0.886899269327161,0.0127917752787297,0.200617910788219,0.786590313933051,1.00000062333447
-6.9317172761554e-07,0.885335786930138,0.0131478817589302,0.203032662621863,0.783819455619206,1.00000061368974
-6.83651600451024e-07,0.883750894022756,0.0135138546405081,0.205470502673472,0.78101564268602,1.00000060417771
-6.74262224177835e-07,0.882144304456399,0.0138899649720655,0.207931461143071,0.778178573884864,1.00000059479658
-6.65001803043112e-07,0.880515728525156,0.0142764911298738,0.210415560689941,0.775307948180185,1.00000058554455
-6.55868565957142e-07,0.878864872932894,0.0146737190095635,0.212922816115086,0.772403464875351,1.00000057641984
-6.46860766154632e-07,0.877191440760592,0.0150819422224588,0.215453234033899,0.769464823743642,1.00000056742073
-6.37976680860628e-07,0.875495131433963,0.0155014622966456,0.218006812538782,0.766491725164572,1.00000055854548
-6.29214610961035e-07,0.873775640691415,0.0159325888828623,0.220583540851445,0.763483870265692,1.0000005497924
-6.2057288067765e-07,0.872032660552375,0.0163756399653032,0.223183398964644,0.760440961070053,1.00000054115982
-6.12049837247669e-07,0.870265879286046,0.0168309420774224,0.225806357273064,0.757362700649514,1.00000053264609
-6.03643850607586e-07,0.86847498138062,0.0172988305228278,0.228452376193104,0.754248793284068,1.00000052424958
-5.95353313081437e-07,0.866659647513018,0.0177796496013522,0.23112140577126,0.751098944627388,1.00000051596869
-5.87176639073326e-07,0.864819554519191,0.0182737528403895,0.233813385280839,0.747912861878772,1.00000050780184
-5.79112264764176e-07,0.862954375365061,0.0187815032315802,0.236528242806718,0.744690253961702,1.00000049974746
-5.71158647812642e-07,0.86106377911814,0.0193032734729325,0.239265894817854,0.741430831709213,1.00000049180402
-5.63314267060135e-07,0.859147430919913,0.0198394462164604,0.242026245727254,0.738134308056286,1.00000048397001
-5.55577622239888e-07,0.857204991959027,0.0203904143214212,0.244809187439104,0.734800398239474,1.00000047624391
-5.47947233690029e-07,0.855236119445389,0.0209565811132292,0.247614598882763,0.731428820004007,1.00000046862427
-5.40421642070592e-07,0.853240466585224,0.0215383606481223,0.250442345533307,0.728019293818571,1.00000046110961
-5.32999408084408e-07,0.851217682557185,0.022136177983654,0.253292278918321,0.724571543098025,1.00000045369852
-5.25679112201842e-07,0.849167412489602,0.0227504694550814,0.256164236110633,0.721085294434286,1.00000044638957
-5.18459354389291e-07,0.847089297438956,0.0233816829577116,0.259058039206665,0.717560277835624,1.00000043918137
-5.11338753841433e-07,0.844982974369682,0.0240302782352702,0.261973494790095,0.713996226974634,1.00000043207254
-5.04315948717136e-07,0.842848076135398,0.0246967271743453,0.264910393380514,0.710392879445141,1.00000042506173
-4.97389595879006e-07,0.840684231461671,0.0253815141049581,0.267868508866742,0.706749977028299,1.00000041814759
-4.90558370636505e-07,0.838491064930437,0.026085136107304,0.270847597924519,0.703067265968177,1.00000041132881
-4.83820966492596e-07,0.836268196966195,0.0268081033247002,0.273847399418209,0.699344497257091,1.00000040460409
-4.77176094893875e-07,0.834015243824114,0.0275509392827679,0.276867633786236,0.695581426930996,1.00000039797214
-4.70622484984128e-07,0.831731817580173,0.0283141812148718,0.27990800240991,0.691777816375218,1.0000003914317
-4.64158883361277e-07,0.829417526123507,0.0290983803938239,0.282968186965337,0.687933432640839,1.00000038498151
-4.57784053837662e-07,0.827071973151094,0.0299041024698554,0.2860478487581,0.684048048772044,1.00000037862036
-4.5149677720361e-07,0.824694758164955,0.0307319278148431,0.289146628040403,0.680121444144754,1.00000037234703
-4.45295850994266e-07,0.822285476472049,0.0315824518727662,0.292264143310369,0.676153404816865,1.00000036616031
-4.39180089259609e-07,0.819843719187044,0.0324562855163564,0.2953999905932,0.672143723890444,1.00000036005904
-4.33148322337639e-07,0.817369073238163,0.033354055409887,0.2985537427039,0.668092201886213,1.00000035404204
-4.27199396630678e-07,0.814861121376324,0.0342764043780319,0.301724948491288,0.66399864713068,1.00000034810818
-4.21332174384729e-07,0.812319442187781,0.0352239917807054,0.304913132063028,0.659862876156267,1.00000034225632
-4.15545533471888e-07,0.809743610110527,0.0361974938937747,0.308117791991396,0.655684714114829,1.00000033648534
-4.09838367175726e-07,0.8071331954547,0.0371976042955148,0.311338400499571,0.651463995204914,1.00000033079415
-4.0420958397963e-07,0.804487764427257,0.0382250342586515,0.314574402628184,0.647200563113165,1.00000032518166
-3.98658107358044e-07,0.80180687916122,0.0392805131478148,0.31782521538193,0.642894271470255,1.00000031964681
-3.93182875570577e-07,0.799090097749783,0.0403647888221916,0.321090226856052,0.638544984321757,1.00000031418854
-3.87782841458946e-07,0.796336974285609,0.0414786280431403,0.324368795342501,0.634152576614358,1.00000030880581
-3.824569722467e-07,0.793547058905676,0.0426228168864962,0.327660248415656,0.629716934697848,1.00000030349761
-3.77204249341699e-07,0.790719897842016,0.0437981611592557,0.330963881997456,0.625237956843288,1.00000029826291
-3.72023668141307e-07,0.787855033478765,0.0450054868202954,0.334278959401879,0.620715553777826,1.00000029310072
-3.66914237840249e-07,0.784952004415916,0.0462456404047319,0.337604710358704,0.616149649236564,1.00000028801007
-3.61874981241128e-07,0.782010345540241,0.0475194894514847,0.340940330016548,0.611540180531967,1.00000028298998
-3.56904934567523e-07,0.779029588103847,0.0488279229335553,0.344284977925196,0.606887099141249,1.0000002780395
-3.52003147279668e-07,0.776009259810865,0.0501718516904761,0.347637776997317,0.602190371312207,1.0000002731577
-3.47168681892656e-07,0.772948884912825,0.0515522088623294,0.350997812449692,0.597449978687979,1.00000026834365
-3.42400613797143e-07,0.769847984313267,0.0529699503246659,0.354364130724134,0.5926659189512,1.00000026359642
-3.37698031082509e-07,0.766706075682234,0.0544260551235832,0.357735738388366,0.587838206488051,1.00000025891513
-3.33060034362459e-07,0.763522673581264,0.0559215259101532,0.361111601017166,0.582966873072681,1.00000025429889
-3.28485736603004e-07,0.760297289599603,0.0574573893732964,0.364490642054202,0.578051968572502,1.00000024974682
-3.2397426295282e-07,0.757029432502369,0.0590346966701206,0.367871741655021,0.573093561674858,1.00000024525805
-3.19524750575921e-07,0.753718608391464,0.0606545238526367,0.371253735511798,0.568091740635565,1.00000024083175
-3.15136348486648e-07,0.750364320880085,0.0623179722896608,0.374635413660508,0.563046614049831,1.00000023646707
-3.10808217386906e-07,0.746966071281729,0.0640261690826026,0.378015519271336,0.557958311646061,1.00000023216319
-3.06539529505652e-07,0.743523358814671,0.0657802674737075,0.381392747423242,0.55282698510305,1.0000002279193
-3.02329468440578e-07,0.740035680822936,0.0675814472451942,0.38476574386374,0.547652808891066,1.00000022373459
-2.98177229001967e-07,0.736502533014871,0.069430915107579,0.388133103755101,0.54243598113732,1.00000021960828
-2.94082017058707e-07,0.732923409720506,0.0713299050753202,0.391493370408347,0.537176724516333,1.00000021553959
-2.90043049386399e-07,0.729297804168953,0.07327967882775,0.394845034006593,0.531875287165657,1.00000021152776
-2.86059553517574e-07,0.725625208787196,0.0752815260530695,0.398186530319469,0.526531943627461,1.00000020757202
-2.82130767593947e-07,0.721905115521714,0.0773367647729909,0.40151623941059,0.521146995816419,1.00000020367164
-2.78255940220713e-07,0.718137016184485,0.079446741645385,0.40483248434026,0.515720774014355,1.00000019982589
-2.74434330322837e-07,0.714320402825013,0.0816128322420626,0.408133529865849,0.510253637892088,1.00000019603404
-2.70665207003324e-07,0.710454768130154,0.0838364412985628,0.411417581142567,0.50474597755887,1.00000019229539
-2.66947849403432e-07,0.706539605853626,0.0861190029325451,0.414682782427658,0.499198214639796,1.00000018860923
-2.63281546564802e-07,0.702574411277232,0.0884619808270846,0.417927215791366,0.493610803381549,1.00000018497488
-2.59665597293487e-07,0.698558681705961,0.0908668683748478,0.421148899838382,0.48798423178677,1.00000018139166
-2.56099310025846e-07,0.694491916999286,0.0933351887787709,0.424345788443886,0.482319022777343,1.0000001778589
-2.52582002696278e-07,0.690373620141153,0.0958684951044949,0.427515769508705,0.4766157353868,1.00000017437595
-2.49113002606779e-07,0.686203297851315,0.0984683702793904,0.43065666373859,0.47087496598202,1.00000017094216
-2.45691646298279e-07,0.681980461240863,0.101136427032574,0.433766223453126,0.465097349514299,1.0000001675569
-2.4231727942376e-07,0.677704626515004,0.103874307769832,0.436842131430326,0.459283560799841,1.00000016421954
-2.38989256623105e-07,0.673375315726369,0.106683684376849,0.439881999793564,0.453434315829587,1.00000016092947
-2.35706941399673e-07,0.668992057582328,0.109566257943581,0.442883368948183,0.447550373108236,1.00000015768607
-2.32469705998565e-07,0.664554388310083,0.112523758402022,0.445843706575789,0.441632535022188,1.00000015448876
-2.29276931286565e-07,0.660061852583542,0.115557944068933,0.448760406695049,0.435681649236018,1.00000015133696
-2.26128006633728e-07,0.655514004516264,0.118670601084421,0.451630788798632,0.429698610116948,1.00000014823008
-2.23022329796594e-07,0.650910408725078,0.121863542736492,0.45445209707686,0.423684360186648,1.00000014516756
-2.19959306803007e-07,0.6462506414693,0.125138608660881,0.457221499739637,0.417639891599482,1.00000014214884
-2.16938351838518e-07,0.641534291870785,0.12849766390458,0.459936088449272,0.411566247646149,1.00000013917339
-2.13958887134342e-07,0.63676096322045,0.131942597840535,0.46259287787803,0.405464524281434,1.00000013624067
-2.1102034285686e-07,0.631930274377264,0.135475322919996,0.46518880540548,0.399335871674524,1.00000013335014
-2.08122156998634e-07,0.627041861266119,0.139097773247841,0.467720730972081,0.393181495780079,1.0000001305013
-2.05263775270925e-07,0.622095378481403,0.142811902965114,0.470185437106966,0.38700265992792,1.00000012769365
-2.0244465099768e-07,0.61709050100358,0.146619684421689,0.472579629149462,0.380800686428849,1.00000012492667
-1.99664245010979e-07,0.612026926036514,0.150523106120676,0.474899935685619,0.374576958193705,1.00000012219989
-1.96922025547917e-07,0.606904374973798,0.154524170414741,0.477142909222924,0.368332920362336,1.00000011951284
-1.94217468148903e-07,0.601722595502838,0.158624890932996,0.479305027128333,0.362070081938671,1.00000011686504
-1.91550055557353e-07,0.596481363855988,0.162827289715523,0.481382692856977,0.355790017427499,1.00000011425604
-1.88919277620766e-07,0.591180487218556,0.167133394030857,0.483372237501174,0.349494368467969,1.00000011168539
-1.86324631193156e-07,0.585819806304062,0.171545232850005,0.485269921691867,0.343184845458128,1.00000010915266
-1.83765620038817e-07,0.580399198107677,0.17606483294868,0.487071937887285,0.336863229164035,1.00000010665742
-1.81241754737424e-07,0.574918578849355,0.180694214607452,0.488774413086386,0.330531372306162,1.00000010419925
-1.78752552590424e-07,0.569377907118646,0.185435386877517,0.490373412007673,0.32419120111481,1.00000010177775
-1.7629753752872e-07,0.563777187233777,0.190290342377675,0.491864940777096,0.317844716845229,1.00000009939253
-1.73876240021625e-07,0.558116472827993,0.195261051585974,0.493244951172067,0.31149399724196,1.00000009704319
-1.71488196987054e-07,0.552395870676632,0.20034945658733,0.494509345472076,0.305141197940594,1.00000009472937
-1.69132951702965e-07,0.546615544778737,0.205557464236281,0.495653981969963,0.298788553793755,1.0000000924507
-1.66810053720006e-07,0.540775720707258,0.210886938691938,0.496674681201608,0.292438380106454,1.00000009020683
-1.64519058775366e-07,0.534876690242031,0.216339693280208,0.497567232955523,0.286093073764269,1.00000008799741
-1.62259528707809e-07,0.528918816299662,0.221917481636511,0.498327404127653,0.279755114235836,1.00000008582212
-1.6003103137387e-07,0.522902538174211,0.22762198808061,0.498950947490358,0.273427064429032,1.00000008368063
-1.57833140565212e-07,0.516828377102037,0.233454817173851,0.499433611448224,0.267111571377925,1.00000008157265
-1.55665435927106e-07,0.510696942163343,0.239417482408302,0.499771150856708,0.260811366734989,1.00000007949786
-1.53527502878042e-07,0.504508936531735,0.245511393976912,0.499959338982706,0.254529267040383,1.000000077456
-1.51418932530435e-07,0.498265164081401,0.251737845574263,0.499993980688671,0.248268173737065,1.00000007544678
-1.49339321612425e-07,0.491966536359265,0.258098000178802,0.499870926923866,0.242031072897332,1.00000007346995
-1.4728827239075e-07,0.485614079926551,0.264592874769808,0.499586090607281,0.235821034622911,1.00000007152526
-1.45265392594678e-07,0.479208944070432,0.271223323936234,0.499135463986667,0.229641212077099,1.00000006961248
-1.43270295340983e-07,0.472752408881815,0.277990022339928,0.498515137556513,0.223494840103559,1.00000006773138
-1.41302599059953e-07,0.466245893689559,0.284893446003257,0.497721320614367,0.217385233382376,1.00000006588176
-1.39361927422414e-07,0.459690965834454,0.291933852400906,0.496750363529282,0.211315784069813,1.00000006406342
-1.37447909267754e-07,0.453089349757887,0.299111259348251,0.495598781787724,0.205289958864025,1.00000006227618
-1.35560178532937e-07,0.446442936370104,0.306425422694552,0.494263281870687,0.199311295434761,1.00000006051988
-1.33698374182495e-07,0.439753792651169,0.313875812848749,0.492740789000163,0.193383398151087,1.00000005879437
-1.31862140139475e-07,0.433024171423916,0.321461590189536,0.491028476773094,0.187509933037369,1.00000005709949
-1.30051125217341e-07,0.426256521222243,0.329181579440002,0.489123798675509,0.181694621884489,1.00000005543514
-1.28264983052806e-07,0.419453496159779,0.337034243121104,0.487024521438235,0.175941235440661,1.0000000538012
-1.2650337203959e-07,0.412617965683277,0.345017654238052,0.484728760157342,0.170253585604606,1.00000005219756
-1.24765955263087e-07,0.40575302407187,0.353129468399727,0.482235015056805,0.164635516543468,1.00000005062416
-1.23052400435926e-07,0.398861999517769,0.361366895623775,0.479542209716913,0.159090894659313,1.00000004908093
-1.21362379834424e-07,0.391948462596065,0.369726672139289,0.476649730529292,0.153623597331419,1.0000000475678
-1.19695570235904e-07,0.385016233901631,0.378205032564534,0.473557467067671,0.148237500367795,1.00000004608474
-1.18051652856881e-07,0.378069390599914,0.386797682908762,0.470265852982648,0.14293646410859,1.00000004463172
-1.16430313292088e-07,0.371112271606764,0.395499774923604,0.466775906939263,0.137724318137133,1.00000004320872
-1.14831241454351e-07,0.364149481081285,0.404305882409199,0.463089273019032,0.132604844571769,1.00000004181574
-1.13254131515281e-07,0.357185889886478,0.413209980161039,0.459208259904966,0.127581759933995,1.00000004045278
-1.11698681846782e-07,0.350226634647039,0.422205426322112,0.455135878061697,0.122658695616191,1.00000003911985
-1.10164594963366e-07,0.343277114014204,0.431284948977513,0.450875874016566,0.117839177005921,1.00000003781698
-1.08651577465254e-07,0.336342981736588,0.440440637890282,0.446432760746259,0.113126601363459,1.0000000365442
-1.07159339982267e-07,0.329430136136511,0.449663942321898,0.441811843083182,0.10852421459492,1.00000003530152
-1.05687597118481e-07,0.32254470560626,0.45894567590211,0.437019236983262,0.104035087114629,1.00000003408898
-1.0423606739764e-07,0.315693029771558,0.468276029503229,0.432061881450425,0.0996620890463459,1.0000000329066
-1.02804473209331e-07,0.308881636022916,0.477644593026362,0.426947541901445,0.0954078650721929,1.00000003175441
-1.01392540755881e-07,0.302117211192246,0.487040386914089,0.421684803787331,0.09127480929858,1.00000003063243
-1e-07,0.295406568253858,0.496451904059805,0.416283055372674,0.0872650405675213,1.00000002954066
-9.86265846131283e-08,0.288756608055965,0.505867162584056,0.410752458719958,0.0833803786959864,1.00000002847908
-9.72720319245054e-08,0.282174276240306,0.515273769691128,0.405103908137131,0.0796223221717405,1.00000002744767
-9.59360828709315e-08,0.275666515679906,0.524658996507287,0.399348975625613,0.0759920278671001,1.00000002644637
-9.46184819472199e-08,0.269240214953118,0.534009863441765,0.393499843210234,0.0724902933480012,1.0000000254751
-9.33189771573324e-08,0.262902153567967,0.543313235214741,0.387569222434584,0.0691175423506749,1.00000002453376
-9.20373199661823e-08,0.256658944844362,0.552555924279898,0.381570261751481,0.0658738139686211,1.0000000236222
-9.07732652521022e-08,0.250516977541107,0.561724800954118,0.375516443009551,0.0627587560363314,1.00000002274024
-8.9526571259964e-08,0.244482357466834,0.570806908178872,0.369421468708587,0.059771623112541,1.00000002188767
-8.82969995549408e-08,0.238560850426014,0.579789578503956,0.363299142140062,0.0569112793559828,1.00000002106421
-8.70843149769072e-08,0.232757827911376,0.58866055063127,0.357163242914708,0.0541762064540215,1.00000002026956
-8.58882855954626e-08,0.227078216953088,0.597408082708418,0.351027400676989,0.0515645166145938,1.00000001950336
-8.4708682665574e-08,0.221526455467529,0.606021059536949,0.344904969991044,0.049073970472007,1.00000001876521
-8.35452805838287e-08,0.216106454313713,0.614489090968619,0.338808909435336,0.0467019995960448,1.00000001805467
-8.23978568452851e-08,0.210821567067931,0.622802599005116,0.332751667853906,0.044445733140978,1.00000001737125
-8.12661920009195e-08,0.205674568276702,0.630952891482403,0.326745080481789,0.0423020280358079,1.00000001671439
-8.01500696156541e-08,0.200667640658819,0.638932220689939,0.320800277302484,0.0402675020075768,1.00000001608353
-7.90492762269642e-08,0.19580237141672,0.646733825818971,0.314927605528618,0.0383385686524111,1.00000001547804
-7.79636013040524e-08,0.191079757504629,0.654351958718769,0.309136567553203,0.0365114737280279,1.00000001489727
-7.68928372075831e-08,0.186500219404809,0.661781893028424,0.303435775133534,0.0347823318380417,1.00000001434053
