-0.001,0.999979978818704,4.0144742376829e-10,4.00415596974963e-05,0.999959958038855,1.00099991991768
-0.000986265846131283,0.999979700277439,4.12686815225499e-10,4.05986197493364e-05,0.999959400967564,1.00098618576488
-0.000972720319245054,0.999979417856905,4.24241165774515e-10,4.11634377073164e-05,0.999958836138051,1.00097264023904
-0.000959360828709315,0.99997913150307,4.36119305738592e-10,4.17361216207716e-05,0.99995826344226,1.00095928074954
-0.000946184819472199,0.999978841161148,4.4833031308306e-10,4.2316781044155e-05,0.999957682770626,1.00094610474133
-0.000933189771573324,0.999978546775587,4.60883520361796e-10,4.29055270580093e-05,0.999957094012058,1.00093310969443
-0.000920373199661823,0.999978248290066,4.73788521858625e-10,4.35024722902331e-05,0.999956497053921,1.00092029312351
-0.000907732652521022,0.999977945647476,4.8705518092906e-10,4.41077309376426e-05,0.999955891782007,1.00090765257735
-0.00089526571259964,0.999977638789913,5.00693637548031e-10,4.4721418787834e-05,0.999955278080519,1.00089518563839
-0.000882969995549408,0.999977327658665,5.14714316069402e-10,4.53436532413515e-05,0.999954655832044,1.00088288992229
-0.000870843149769072,0.999977012194205,5.29127933203171e-10,4.59745533341634e-05,0.999954024917538,1.00087076307744
-0.000858882855954626,0.999976692336174,5.43945506216514e-10,4.66142397604527e-05,0.999953385216294,1.00085880278454
-0.00084708682665574,0.999976368023374,5.59178361364924e-10,4.72628348957244e-05,0.999952736605926,1.00084700675615
-0.000835452805838287,0.999976039193752,5.748381425599e-10,4.79204628202358e-05,0.999952078962342,1.00083537273623
-0.000823978568452851,0.999975705784392,5.90936820279862e-10,4.8587249342754e-05,0.99995141215972,1.00082389849972
-0.000812661920009195,0.999975367731501,6.07486700731058e-10,4.92633220246427e-05,0.999950736070489,1.00081258185214
-0.000801500696156541,0.999975024970397,6.24500435265553e-10,4.99488102042879e-05,0.999950050565295,1.00080142062914
-0.000790492762269642,0.999974677435498,6.41991030063444e-10,5.06438450218615e-05,0.999949355512987,1.0007904126961
-0.000779636013040524,0.999974325060306,6.59971856086761e-10,5.13485594444318e-05,0.999948650780584,1.0007795559477
-0.000768928372075831,0.999973967777398,6.78456659312683e-10,5.20630882914244e-05,0.999947936233252,1.00076884830755
-0.000758367791499719,0.99997360551841,6.97459571253859e-10,5.27875682604366e-05,0.99994721173428,1.00075828772777
-0.000747952251562183,0.999973238214028,7.16995119773974e-10,5.35221379534138e-05,0.999946477145051,1.00074787218862
-0.000737679760252773,0.99997286579397,7.37078240206764e-10,5.42669379031903e-05,0.999945732325018,1.00073759969809
-0.000727548352919623,0.999972488186975,7.57724286787039e-10,5.5022110600399e-05,0.999944977131675,1.00072746829153
-0.000717556091893692,0.999972105320791,7.78949044402498e-10,5.57878005207591e-05,0.99994421142053,1.00071747603126
-0.000707701066118189,0.999971717122155,8.00768740675264e-10,5.65641541527416e-05,0.999943435045078,1.00070762100622
-0.000697981390783067,0.999971323516787,8.23200058382482e-10,5.73513200256232e-05,0.999942647856774,1.00069790133162
-0.00068839520696455,0.999970924429371,8.46260148225433e-10,5.81494487379299e-05,0.999941849705002,1.00068831514852
-0.000678940681269611,0.99997051978354,8.69966641956965e-10,5.89586929862774e-05,0.999941040437047,1.00067886062354
-0.000669616005485322,0.999970109501865,8.94337665877338e-10,5.97792075946157e-05,0.999940219898068,1.00066953594845
-0.000660419396233031,0.999969693505836,9.19391854708738e-10,6.06111495438788e-05,0.999939387931064,1.00066033933989
-0.000651349094627281,0.999969271715851,9.45148365859208e-10,6.14546780020507e-05,0.99993854437685,1.00065126903896
-0.000642403365939419,0.999968844051196,9.71626894086813e-10,6.23099543546495e-05,0.999937689074018,1.00064232331094
-0.000633580499265825,0.999968410430034,9.98847686575336e-10,6.31771422356365e-05,0.999936821858917,1.00063350044492
-0.000624878807200689,0.999967970769389,1.02683155843308e-09,6.4056407558758e-05,0.99993594256561,1.0006247987535
-0.000616296625513294,0.999967524985125,1.05559990862656e-09,6.49479185493226e-05,0.999935051025851,1.00061621657245
-0.000607832312829724,0.999967072991937,1.08517473636143e-09,6.58518457764236e-05,0.999934147069049,1.00060775226039
-0.000599484250318941,0.999966614703329,1.11557865792307e-09,6.67683621856101e-05,0.999933230522236,1.00059940419849
-0.000591250841383188,0.999966150031599,1.14683492398983e-09,6.76976431320133e-05,0.999932301210033,1.00059117079016
-0.000583130511352622,0.999965678887826,1.17896743743211e-09,6.86398664139372e-05,0.999931358954619,1.00058305046072
-0.000575121707184161,0.999965201181846,1.21200077161106e-09,6.95952123069151e-05,0.999930403575692,1.00057504165714
-0.000567222897164455,0.999964716822241,1.24596018919076e-09,7.05638635982446e-05,0.999929434890442,1.0005671428477
-0.000559432570616938,0.999964225716317,1.28087166147846e-09,7.1546005622002e-05,0.999928452713506,1.00055935252172
-0.000551749237612913,0.999963727770091,1.31676188830749e-09,7.25418262945458e-05,0.999927456856944,1.00055166918927
-0.000544171428686589,0.999963222888266,1.35365831847836e-09,7.35515161505178e-05,0.999926447130191,1.00054409138089
-0.000536697694554048,0.999962710974221,1.39158917077348e-09,7.45752683793431e-05,0.999925423340031,1.0005366176473
-0.000529326605836056,0.999962191929985,1.43058345556172e-09,7.56132788622428e-05,0.999924385290554,1.00052924655911
-0.000522056752784698,0.999961665656224,1.47067099700938e-09,7.66657462097613e-05,0.999923332783119,1.00052197670658
-0.00051488674501375,0.999961132052218,1.51188245591453e-09,7.77328717998186e-05,0.999922265616318,1.00051480669932
-0.000507815211232767,0.999960591015842,1.55424935318229e-09,7.88148598162928e-05,0.999921183585934,1.00050773516604
-0.000500840798984821,0.999960042443552,1.59780409395898e-09,7.99119172881414e-05,0.999920086484908,1.00050076075429
-0.000493962174387832,0.999959486230355,1.64257999244377e-09,8.10242541290697e-05,0.999918974103291,1.00049388213017
-0.000487178021879463,0.9999589222698,1.68861129739667e-09,8.21520831777512e-05,0.999917846228211,1.00048709797814
-0.000480487043965513,0.999958350453948,1.73593321836261e-09,8.32956202386113e-05,0.999916702643828,1.0004804070007
-0.000473887960971765,0.999957770673356,1.78458195263153e-09,8.44550841231793e-05,0.999915543131295,1.00047380791817
-0.000467379510799246,0.999957182817059,1.83459471295527e-09,8.56306966920172e-05,0.999914367468713,1.00046729946845
-0.000460960448682843,0.999956586772542,1.8860097560426e-09,8.68226828972363e-05,0.999913175431093,1.00046088040677
-0.00045462954695324,0.999955982425721,1.9388664118539e-09,8.80312708256037e-05,0.999911966790308,1.00045454950548
-0.000448385594802119,0.999955369660924,1.99320511371846e-09,8.92566917422547e-05,0.999910741315053,1.00044830555376
-0.00044222739805059,0.999954748360865,2.04906742929696e-09,9.04991801350128e-05,0.999909498770797,1.00044214735743
-0.000436153778920801,0.999954118406624,2.10649609241331e-09,9.17589737593291e-05,0.999908238919745,1.00043607373871
-0.000430163575810679,0.999953479677623,2.16553503578002e-09,9.30363136838507e-05,0.999906961520781,1.000430083536
-0.000424255643071778,0.999952832051602,2.22622942464223e-09,9.43314443366227e-05,0.999905666329434,1.00042417560366
-0.000418428850790158,0.999952175404598,2.28862569136635e-09,9.56446135519389e-05,0.999904353097822,1.00041834881177
-0.000412682084570295,0.999951509610919,2.35277157099963e-09,9.69760726178441e-05,0.999903021574611,1.00041260204593
-0.000407014245321944,0.999950834543122,2.41871613782802e-09,9.83260763243004e-05,0.99990167150496,1.00040693420706
-0.000401424249049932,0.999950150071984,2.48650984296052e-09,9.96948830120276e-05,0.999900302630478,1.00040134421116
-0.000395911026646846,0.999949456066484,2.55620455296848e-09,0.000101082754622024,0.999898914689173,1.00039583098911
-0.000390473523688556,0.999948752393773,2.62785358960997e-09,0.000102489956745779,0.999897507415401,1.00039039348651
-0.000385110700232557,0.99994803891915,2.70151177066927e-09,0.000103916758676192,0.999896080539812,1.0003850306634
-0.000379821530619074,0.999947315506035,2.77723545194298e-09,0.000105363433459192,0.999894633789305,1.00037974149412
-0.000374605003274899,0.999946582015944,2.85508257040514e-09,0.00010683025794609,0.999893166886971,1.00037452496711
-0.00036946012051993,0.999945838308464,2.93511268858403e-09,0.000108317512846655,0.999891679552041,1.00036938008468
-0.000364385898376355,0.999945084241222,3.01738704018528e-09,0.000109825482782936,0.99989017149983,1.00036430586286
-0.000359381366380463,0.99994431966986,3.10196857699574e-09,0.000111354456343831,0.999888642441688,1.00035930133117
-0.000354445567397044,0.999943544448008,3.18892201710445e-09,0.000112904726140427,0.999887092084938,1.0003543655325
-0.000349577557436327,0.999942758427255,3.27831389447767e-09,0.000114476588862102,0.999885520132824,1.00034949752283
-0.000344776405473446,0.999941961457121,3.37021260992581e-09,0.000116070345333421,0.999883926284454,1.00034469637116
-0.000340041193270371,0.999941153385026,3.4646884835017e-09,0.000117686300571821,0.99988231023474,1.00033996115924
-0.000335371015200293,0.999940334056263,3.56181380837012e-09,0.000119324763846107,0.99988067167434,1.00033529098145
-0.000330764978074424,0.999939503313969,3.66166290618998e-09,0.000120986048735759,0.999879010289601,1.0003306849446
-0.000326222200971167,0.999938660999092,3.76431218405199e-09,0.000122670473191072,0.999877325762497,1.00032614216776
-0.000321741815067637,0.999937806950363,3.86984019301495e-09,0.000124378359594142,0.999875617770566,1.00032166178212
-0.000317322963473498,0.999936941004262,3.97832768828613e-09,0.00012611003482069,0.999873885986852,1.00031724293078
-0.000312964801067075,0.999936062994991,4.08985769109163e-09,0.000127865830302767,0.99987213007984,1.00031288476862
-0.000308666494333727,0.999935172754438,4.20451555228422e-09,0.000129646082092323,0.999870349713392,1.00030858646212
-0.00030442722120643,0.999934270112148,4.32238901773779e-09,0.000131451130925669,0.999868544546685,1.00030434718923
-0.000300246170908555,0.999933354895287,4.44356829557811e-09,0.000133281322288845,0.999866714234143,1.00030016613916
-0.000296122543798804,0.999932426928612,4.56814612530207e-09,0.000135137006483893,0.99986485842537,1.00029604251227
-0.000292055551218275,0.999931486034434,4.69621784883807e-09,0.000137018538696064,0.999862976765086,1.00029197551991
-0.00028804441533963,0.999930532032588,4.82788148360223e-09,0.000138926279061961,0.999861068893056,1.00028796438424
-0.00028408836901833,0.999929564740393,4.96323779760673e-09,0.000140860592738637,0.999859134444024,1.00028400833812
-0.00028018665564592,0.999928583972623,5.10239038667753e-09,0.000142821849973656,0.999857173047636,1.00028010662495
-0.000276338529005317,0.999927589541466,5.24544575384132e-09,0.000144810426176139,0.999855184328378,1.0002762584985
-0.000272543253128103,0.999926581256492,5.39251339094216e-09,0.000146826701988802,0.999853167905498,1.00027246322281
-0.000268800102153761,0.999925558924614,5.54370586255071e-09,0.000148871063360995,0.999851123392933,1.00026872007202
-0.000265108360190854,0.99992452235005,5.69913889223077e-09,0.000150943901622776,0.999849050399238,1.00026502833023
-0.000261467321180109,0.999923471334288,5.85893145122875e-09,0.000153045613560008,0.999846948527509,1.00026138729139
-0.00025787628875938,0.999922405676049,6.02320584965494e-09,0.000155176601490513,0.999844817375304,1.00025779625913
-0.000254334576130465,0.999921325171242,6.19208783022612e-09,0.000157337273341296,0.999842656534571,1.00025425454666
-0.000250841505927754,0.99992022961293,6.36570666464155e-09,0.000159528042726836,0.999840465591567,1.00025076147661
-0.000247396410088681,0.99991911879129,6.5441952526669e-09,0.000161749329028488,0.999838244126776,1.00024731638092
-0.000243998629725955,0.999917992493572,6.72769022400145e-09,0.000164001557474985,0.999835991714835,1.0002439186007
-0.000240647515001543,0.999916850504056,6.91633204300768e-09,0.000166285159224075,0.999833707924444,1.00024056748611
-0.000237342425002387,0.999915692604012,7.11026511638304e-09,0.000168600571445291,0.99983139231829,1.00023726239624
-0.000234082727617829,0.99991451857166,7.30963790385692e-09,0.000170948237403887,0.999829044452958,1.00023400269898
-0.000230867799418717,0.999913328182124,7.5146030319983e-09,0.00017332860654595,0.999826663878851,1.0002307877709
-0.000227697025538168,0.99991212120739,7.72531741122058e-09,0.000175742134584695,0.999824250140098,1.00022761699713
-0.000224569799553978,0.999910897416264,7.94194235607467e-09,0.000178189283587979,0.99982180277447,1.00022448977125
-0.000221485523372636,0.999909656574323,8.16464370892195e-09,0.000180670522067029,0.999819321313289,1.00022140549518
-0.000218443607114943,0.999908398443875,8.39359196708244e-09,0.000183186325066424,0.999816805281342,1.00021836357902
-0.000215443469003188,0.99990712278391,8.62896241355635e-09,0.000185737174255326,0.999814254196782,1.000215363441
-0.000212484535249888,0.999905829350055,8.87093525141867e-09,0.000188323558019998,0.999811667571045,1.00021240450733
-0.000209566239948044,0.999904517894525,9.11969574199107e-09,0.000190945971557611,0.999809044908747,1.00020948621211
-0.000206688024962908,0.99990318816608,9.37543434689665e-09,0.00019360491697137,0.999806385707594,1.0002066079972
-0.000203849339825246,0.99990183990997,9.63834687410704e-09,0.000196300903366966,0.999803689458286,1.00020376931213
-0.00020104964162605,0.99990047286789,9.90863462809451e-09,0.000199034446950389,0.999800955644415,1.000200969614
-0.000198288394912707,0.999899086777932,1.01865045642038e-08,0.0002018060711271,0.999798183742368,1.00019820836735
-0.000195565071586595,0.999897681374529,1.04721694473632e-08,0.000204616306602602,0.999795373221228,1.00019548504407
-0.000192879150802078,0.99989625638841,1.07658480152568e-08,0.000207465691484417,0.999792523542668,1.00019279912334
-0.000190230118866895,0.999894811546542,1.10677651460828e-08,0.000210354771385486,0.999789634160849,1.00019015009145
-0.000187617469143912,0.999893346572084,1.13781520310279e-08,0.00021328409952903,0.999786704522319,1.00018753744176
-0.00018504070195423,0.999891861184326,1.16972463515897e-08,0.00021625423685487,0.999783734065899,1.00018496067461
-0.000182499324481615,0.999890355098644,1.20252924618843e-08,0.000219265752127246,0.99978072222258,1.00018241929716
-0.000179992850678248,0.999888828026436,1.23625415760788e-08,0.000222319222044139,0.999777668415414,1.00017991282338
-0.000177520801171764,0.999887279675074,1.27092519610928e-08,0.000225415231348132,0.9997745720594,1.0001774407739
-0.000175082703173572,0.999885709747842,1.30656891347183e-08,0.000228554372938822,0.999771432561372,1.00017500267591
-0.000172678090388436,0.999884117943881,1.34321260693091e-08,0.000231737247986813,0.999768249319887,1.00017259806313
-0.000170306502925284,0.999882503958132,1.38088434011981e-08,0.000234964466049301,0.999765021725107,1.00017022647567
-0.000167967487209265,0.999880867481277,1.41961296460013e-08,0.000238236645187284,0.999761749158683,1.00016788745995
-0.000165660595894992,0.999879208199676,1.45942814199777e-08,0.000241554412084415,0.999758430993634,1.00016558056863
-0.000163385387780986,0.999877525795313,1.50036036676123e-08,0.000244918402167527,0.999755066594229,1.0001633053605
-0.000161141427725302,0.999875819945726,1.54244098955992e-08,0.000248329259728839,0.999751655315861,1.00016106140043
-0.000158928286562298,0.999874090323953,1.58570224134052e-08,0.000251787638049886,0.999748196504928,1.00015884825924
-0.00015674554102056,0.999872336598464,1.63017725805976e-08,0.000255294199527182,0.9997446894987,1.00015666551367
-0.000154592773641948,0.999870558433099,1.67590010611289e-08,0.000258849615799654,0.999741133625199,1.00015451274626
-0.000152469572701757,0.999868755487003,1.72290580847724e-08,0.000262454567877852,0.999737528203064,1.00015238954528
-0.000150375532129974,0.999866927414559,1.7712303715911e-08,0.000266109746274988,0.999733872541421,1.00015029550466
-0.00014831025143361,0.999865073865322,1.82091081298869e-08,0.000269815851139803,0.999730165939752,1.00014823022392
-0.000146273335620113,0.999863194483952,1.87198518971232e-08,0.000273573592391302,0.999726407687757,1.00014619330805
-0.000144264395121816,0.999861288910146,1.92449262752395e-08,0.000277383689855387,0.999722597065218,1.00014418436749
-0.000142283045721435,0.999859356778565,1.9784733509383e-08,0.000281246873403402,0.999718733341863,1.00014220301802
-0.000140328908478587,0.999857397718767,2.03396871410094e-08,0.000285163883092625,0.99971481577722,1.00014024888071
-0.000138401609657313,0.999855411355133,2.09102123253509e-08,0.000289135469308735,0.999710843620479,1.00013832158181
-0.000136500780654601,0.999853397306799,2.14967461578151e-08,0.000293162392910283,0.999706816110344,1.00013642075273
-0.000134626057929891,0.999851355187574,2.20997380095682e-08,0.000297245425375186,0.999702732474887,1.00013454602992
-0.000132777082935543,0.999849284605876,2.27196498725598e-08,0.000301385348949286,0.999698591931401,1.00013269705483
-0.000130953502048267,0.999847185164645,2.33569567142558e-08,0.00030558295679699,0.999694393686246,1.00013087347384
-0.000129154966501488,0.999845056461276,2.40121468423544e-08,0.000309839053154041,0.999690136934699,1.00012907493819
-0.000127381132318648,0.999842898087537,2.46857222797636e-08,0.000314154453482415,0.999685820860795,1.0001273011039
-0.000125631660247412,0.999840709629487,2.53781991501333e-08,0.000318529984627417,0.999681444637173,1.00012555163172
-0.000123906215694792,0.999838490667403,2.60901080742361e-08,0.000322966484976973,0.999677007424915,1.00012382618705
-0.000122204468663149,0.999836240775694,2.68219945775045e-08,0.000327464804623166,0.999672508373382,1.00012212443989
-0.000120526093687084,0.999833959522818,2.75744195090395e-08,0.000332025805526043,0.999667946620054,1.00012044606478
-0.00011887076977119,0.999831646471201,2.83479594724114e-08,0.000336650361679731,0.999663321290361,1.00011879074073
-0.00011723818032866,0.999829301177152,2.91432072685896e-08,0.000341339359280881,0.999658631497512,1.00011715815115
-0.000115628013120738,0.999826923190778,2.99607723513392e-08,0.000346093696899492,0.999653876342328,1.00011554798379
-0.000114039960197003,0.999824512055893,3.08012812954385e-08,0.00035091428565213,0.999649054913067,1.00011395993071
-0.000112473717836475,0.999822067309933,3.16653782780787e-08,0.000355802049377591,0.999644166285244,1.0001123936882
-0.000110928986489522,0.999819588483867,3.25537255738165e-08,0.000360757924815036,0.999639209521459,1.00011084895668
-0.000109405470720574,0.999817075102104,3.34670040634645e-08,0.000365782861784632,0.999634183671211,1.00010932544075
-0.000107902879151618,0.999814526682401,3.4405913757309e-08,0.00037087782337074,0.999629087770715,1.000107822849
-0.000106420924406472,0.999811942735772,3.53711743330624e-08,0.000376043786107673,0.999623920842718,1.00010634089407
-0.000104959323055823,0.99980932276639,3.63635256889655e-08,0.000381281740168088,0.999618681896306,1.00010487929254
-0.000103517795563018,0.999806666271494,3.73837285124651e-08,0.000386592689554016,0.999613369926717,1.00010343776485
-0.000102096066230605,0.99980397274129,3.84325648649103e-08,0.000391977652290591,0.999607983915144,1.00010201603532
-0.000100693863147603,0.99980124165885,3.95108387827158e-08,0.000397437660622508,0.999602522828539,1.00010061383203
-9.9310918137498e-05,0.999798472500017,4.06193768954587e-08,0.000402973761213249,0.99959698561941,1.00009923088681
-9.79469667069539e-05,0.999795664733297,4.17590290613888e-08,0.00040858701534712,0.999591371225624,1.00009786693516
-9.66017479952265e-05,0.999792817819764,4.29306690208389e-08,0.000414278499134131,0.999585678570197,1.00009652171623
-9.5275004724273e-05,0.999789931212946,4.41351950680468e-08,0.000420049303717775,0.999579906561087,1.00009519497273
-9.39664831495469e-05,0.999787004358726,4.53735307419044e-08,0.000425900535485729,0.999574054090984,1.00009388645092
-9.26759330114688e-05,0.999784036695233,4.66466255361688e-08,0.000431833316283523,0.999568120037091,1.00009259590054
-9.14031074875622e-05,0.999781027652729,4.79554556296891e-08,0.000437848783631245,0.999562103260913,1.00009132307477
-9.01477631452492e-05,0.999777976653504,4.93010246372076e-08,0.000443948090943275,0.999556002608032,1.00009006773017
-8.89096598952917e-05,0.99977488311176,5.06843643813241e-08,0.000450132407751145,0.999549816907884,1.00008882962666
-8.76885609458743e-05,0.9997717464335,5.21065356862146e-08,0.000456402919929533,0.999543544973535,1.00008760852745
-8.64842327573173e-05,0.999768566016408,5.35686291937227e-08,0.000462760829925445,0.999537185601445,1.00008640419899
-8.52964449974102e-05,0.999765341249738,5.50717662024569e-08,0.000469207356990649,0.999530737571243,1.00008521641095
-8.41249704973612e-05,0.999762071514192,5.66170995305388e-08,0.000475743737417372,0.999524199645483,1.00008404493616
-8.29695852083492e-05,0.999758756181797,5.82058144026778e-08,0.000482371224777342,0.999517570569408,1.00008288955058
-8.18300681586739e-05,0.999755394615789,5.9839129362254e-08,0.000489091090164205,0.999510849070707,1.00008175003323
-8.07062014114951e-05,0.999751986170483,6.15182972091183e-08,0.000495904622439359,0.999504033859263,1.00008062616618
-7.95977700231498e-05,0.999748530191153,6.32446059638396e-08,0.00050281312848128,0.999497123626913,1.00007951773448
-7.85045620020451e-05,0.999745026013901,6.50193798591405e-08,0.000509817933438353,0.999490117047182,1.00007842452614
-7.74263682681128e-05,0.999741472965527,6.68439803592988e-08,0.000516920380985298,0.999483012775034,1.00007734633208
-7.63629826128224e-05,0.999737870363401,6.8719807208298e-08,0.000524121833583214,0.99947580944661,1.00007628294609
-7.53142016597438e-05,0.999734217515329,7.06482995075434e-08,0.000531423672743293,0.999468505678957,1.00007523416479
-7.42798248256491e-05,0.999730513719416,7.26309368239833e-08,0.000538827299294293,0.999461100069769,1.00007419978761
-7.32596542821523e-05,0.999726758263933,7.46692403294875e-08,0.000546334133653763,0.999453591197106,1.00007317961671
-7.22534949178722e-05,0.999722950427174,7.67647739723774e-08,0.000553945616103136,0.999445977619123,1.00007217345699
-7.12611543011175e-05,0.999719089477321,7.89191456820098e-08,0.000561663207066704,0.999438257873788,1.000071181116
-7.02824426430835e-05,0.999715174672294,8.11340086073519e-08,0.000569488387394545,0.999430430478597,1.00007020240397
-6.9317172761554e-05,0.999711205259613,8.34110623905149e-08,0.000577422658649465,0.999422493930288,1.0000692371337
-6.83651600451024e-05,0.999707180476247,8.57520544762261e-08,0.000585467543397996,0.999414446704548,1.0000682851206
-6.74262224177835e-05,0.999703099548466,8.81587814582684e-08,0.000593624585505532,0.999406287255713,1.00006734618257
-6.65001803043112e-05,0.999698961691692,9.06330904639241e-08,0.000601895350435639,0.999398014016474,1.00006642014005
-6.55868565957144e-05,0.999694766110343,9.31768805775041e-08,0.000610281425553612,0.999389625397566,1.00006550681593
-6.46860766154632e-05,0.999690511997679,9.5792104304073e-08,0.000618784420434345,0.999381119787461,1.00006460603553
-6.37976680860628e-05,0.999686198535644,9.84807690744993e-08,0.000627405967174552,0.999372495552056,1.00006371762657
-6.29214610961035e-05,0.999681824894706,1.01244938793013e-07,0.000636147720709447,0.999363751034352,1.00006284141914
-6.2057288067765e-05,0.999677390233698,1.04086735428465e-07,0.000645011359133892,0.999354884554131,1.00006197724566
-6.1204983724767e-05,0.999672893699645,1.07008340650536e-07,0.000653998584028118,0.999345894407631,1.00006112494087
-6.03643850607586e-05,0.999668334427608,1.10011997512159e-07,0.000663111120788079,0.999336778867214,1.00006028434174
-5.95353313081437e-05,0.999663711540508,1.13100012179476e-07,0.000672350718960483,0.999327536181027,1.00005945528752
-5.87176639073326e-05,0.999659024148953,1.16274755710673e-07,0.000681719152582599,0.999318164572662,1.00005863761964
-5.79112264764176e-05,0.999654271351071,1.19538665885071e-07,0.000691218220526891,0.999308662240807,1.00005783118172
-5.71158647812644e-05,0.999649452232326,1.22894249083913e-07,0.000700849746850542,0.9992990273589,1.00005703581953
-5.63314267060135e-05,0.999644565865343,1.26344082224306e-07,0.000710615581149972,0.999289258074768,1.00005625138095
-5.55577622239888e-05,0.999639611309725,1.29890814747822e-07,0.000720517598920371,0.999279352510265,1.00005547771595
-5.47947233690028e-05,0.999634587611869,1.33537170665319e-07,0.000730557701920382,0.999269308760909,1.00005471467658
-5.40421642070591e-05,0.999629493804778,1.37285950659565e-07,0.00074073781854194,0.999259124895508,1.00005396211688
-5.32999408084409e-05,0.999624328907873,1.41140034247326e-07,0.000751059904185412,0.99924879895578,1.00005321989294
-5.25679112201842e-05,0.999619091926798,1.45102382002579e-07,0.000761525941640059,0.999238328955978,1.00005248786281
-5.18459354389291e-05,0.999613781853227,1.49176037842609e-07,0.000772137941469923,0.999227712882492,1.00005176588647
-5.11338753841432e-05,0.999608397664666,1.53364131378765e-07,0.000782897942405224,0.999216948693463,1.00005105382584
-5.04315948717136e-05,0.99960293832425,1.57669880333715e-07,0.000793808011739326,0.99920603431838,1.00005035154475
-4.97389595879007e-05,0.999597402780541,1.62096593027085e-07,0.000804870245731373,0.999194967657676,1.00004965890888
-4.90558370636505e-05,0.999591789967322,1.66647670931435e-07,0.000816086770014671,0.999183746582314,1.00004897578576
-4.83820966492596e-05,0.999586098803383,1.71326611300556e-07,0.000827459740010886,0.999172368933378,1.00004830204474
-4.77176094893874e-05,0.999580328192315,1.7613700987216e-07,0.000838991341350178,0.99916083252164,1.00004763755696
-4.70622484984128e-05,0.999574477022288,1.81082563647066e-07,0.00085068379029731,0.999149135127139,1.00004698219534
-4.64158883361278e-05,0.999568544165834,1.86167073747066e-07,0.000862539334183868,0.999137274498742,1.00004633583454
-4.57784053837662e-05,0.999562528479628,1.91394448353704e-07,0.00087456025184665,0.999125248353705,1.00004569835094
-4.5149677720361e-05,0.999556428804258,1.96768705730263e-07,0.00088674885407231,0.999113054377222,1.00004506962262
-4.45295850994265e-05,0.999550243963998,2.02293977329352e-07,0.000899107484048389,0.999100690221974,1.00004444952933
-4.39180089259609e-05,0.999543972766579,2.07974510988496e-07,0.000911638517820772,0.999088153507668,1.00004383795248
-4.3314832233764e-05,0.999537614002947,2.13814674216263e-07,0.000924344364757717,0.999075441820568,1.00004323477509
-4.27199396630678e-05,0.999531166447032,2.19818957571485e-07,0.00093722746802051,0.999062552713022,1.00004263988182
-4.21332174384729e-05,0.999524628855501,2.25991978138237e-07,0.000950290305040867,0.999049483702981,1.00004205315889
-4.15545533471887e-05,0.999517999967514,2.32338483099301e-07,0.000963535388005191,0.999036232273512,1.00004147449407
-4.09838367175726e-05,0.999511278504474,2.38863353410905e-07,0.000976965264345744,0.999022795872301,1.00004090377671
-4.04209583979631e-05,0.999504463169773,2.45571607581651e-07,0.000990582517238894,0.999009171911153,1.00004034089764
-3.98658107358044e-05,0.999497552648539,2.52468405558575e-07,0.00100438976611049,0.998995357765484,1.00003978574922
-3.93182875570577e-05,0.999490545607373,2.59559052723405e-07,0.0010183896671485,0.998981350773799,1.00003923822527
-3.87782841458945e-05,0.999483440694084,2.66849004002161e-07,0.00103258491382298,0.998967148237173,1.00003869822108
-3.824569722467e-05,0.999476236537425,2.74343868091329e-07,0.0010469782374136,0.998952747418718,1.00003816563336
-3.772042493417e-05,0.999468931746816,2.82049411803926e-07,0.00106157240754463,0.998938145543043,1.00003764036026
-3.72023668141307e-05,0.999461524912072,2.89971564538894e-07,0.00107637023272772,0.998923339795708,1.00003712230132
-3.66914237840249e-05,0.999454014603121,2.98116422877318e-07,0.0010913745609124,0.998908327322665,1.00003661135746
-3.61874981241128e-05,0.999446399369722,3.06490255309126e-07,0.00110658828004461,0.9988931052297,1.00003610743096
-3.56904934567523e-05,0.999438677741176,3.15099507093947e-07,0.00112201431863317,0.99887767058186,1.00003561042543
-3.52003147279668e-05,0.999430848226032,3.23950805260014e-07,0.00113765564632445,0.99886202040287,1.00003512024583
-3.47168681892656e-05,0.999422909311794,3.33050963745013e-07,0.00115351527448533,0.998846151674551,1.00003463679841
-3.42400613797143e-05,0.999414859464614,3.4240698868295e-07,0.00116959625679456,0.998830061336217,1.0000341599907
-3.37698031082509e-05,0.999406697128995,3.52026083841222e-07,0.00118590168984264,0.998813746284073,1.00003368973152
-3.33060034362459e-05,0.999398420727474,3.61915656212161e-07,0.00120243471374033,0.998797203370603,1.00003322593092
-3.28485736603005e-05,0.99939002866031,3.72083321763498e-07,0.00121919851273605,0.998780429403942,1.00003276850021
-3.2397426295282e-05,0.999381519305168,3.82536911352266e-07,0.00123619631584206,0.998763421147247,1.00003231735189
-3.19524750575921e-05,0.999372891016788,3.93284476806836e-07,0.00125343139746977,0.998746175318053,1.00003187239969
-3.15136348486648e-05,0.999364142126666,4.04334297181905e-07,0.00127090707807424,0.998728688587629,1.00003143355849
-3.10808217386906e-05,0.999355270942711,4.15694885191353e-07,0.00128862672480798,0.998710957580307,1.00003100074439
-3.06539529505653e-05,0.999346275748914,4.27374993824118e-07,0.0013065937521842,0.998692978872822,1.00003057387459
-3.02329468440578e-05,0.999337154805002,4.39383623148283e-07,0.00132481162274974,0.998674748993627,1.00003015286746
-2.98177229001967e-05,0.999327906346089,4.51730027308783e-07,0.00134328384776761,0.998656264422205,1.00002973764247
-2.94082017058706e-05,0.999318528582324,4.64423721724313e-07,0.00136201398790959,0.998637521588369,1.00002932812022
-2.90043049386399e-05,0.99930901969853,4.77474490489089e-07,0.00138100565395876,0.998618516871551,1.00002892422238
-2.86059553517574e-05,0.999299377853845,4.90892393985405e-07,0.00140026250752228,0.998599246600084,1.0000285258717
-2.82130767593947e-05,0.999289601181346,5.04687776712979e-07,0.00141978826175451,0.998579707050469,1.000028132992
-2.78255940220713e-05,0.999279687787679,5.18871275341334e-07,0.00143958668209061,0.998559894446634,1.00002774550814
-2.74434330322836e-05,0.999269635752678,5.33453826991634e-07,0.00145966158699086,0.998539804959182,1.00002736334602
-2.70665207003324e-05,0.999259443128974,5.48446677754524e-07,0.00148001684869577,0.998519434704626,1.00002698643253
-2.66947849403432e-05,0.999249107941612,5.63861391450794e-07,0.00150065639399219,0.998498779744616,1.0000266146956
-2.63281546564802e-05,0.999238628187646,5.79709858641821e-07,0.00152158420499057,0.998477836085151,1.00002624806412
-2.59665597293487e-05,0.999228001835737,5.96004305896972e-07,0.00154280431991357,0.99845659967578,1.00002588646799
-2.56099310025846e-05,0.999217226825747,6.12757305325386e-07,0.00156432083389618,0.998435066408799,1.00002552983804
-2.52582002696278e-05,0.999206301068317,6.2998178437968e-07,0.00158613789979744,0.998413232118418,1.00002517810606
-2.49113002606779e-05,0.999195222444452,6.47691035939487e-07,0.00160825972902412,0.99839109257994,1.00002483120479
-2.45691646298279e-05,0.999183988805088,6.65898728682806e-07,0.00163069059236634,0.998368643508905,1.00002448906788
-2.4231727942376e-05,0.999172597970659,6.84618917753485e-07,0.0016534348208455,0.998345880560237,1.0000241516299
-2.38989256623105e-05,0.999161047730657,7.03866055733399e-07,0.00167649680657453,0.99832279932737,1.0000238188263
-2.35706941399673e-05,0.999149335843181,7.23655003928028e-07,0.00169988100363076,0.998299395341365,1.00002349059344
-2.32469705998565e-05,0.999137460034485,7.44001043974559e-07,0.00172359192894163,0.998275664070014,1.00002316686855
-2.29276931286565e-05,0.999125417998519,7.64919889781748e-07,0.00174763416318333,0.998251600916927,1.0000228475897
-2.26128006633728e-05,0.999113207396454,7.8642769981113e-07,0.0017720123516926,0.998227201220608,1.00002253269584
-2.23022329796594e-05,0.999100825856214,8.08541089709474e-07,0.00179673120539202,0.998202460253518,1.00002222212674
-2.19959306803007e-05,0.99908827097199,8.31277145302542e-07,0.00182179550172877,0.998177373221126,1.00002191582301
-2.16938351838519e-05,0.99907554030375,8.54653435960685e-07,0.00184721008562729,0.998151935260937,1.00002161372605
-2.13958887134342e-05,0.999062631376744,8.78688028346939e-07,0.00187297987045593,0.998126141441516,1.0000213157781
-2.1102034285686e-05,0.999049541680996,9.03399500558722e-07,0.00189910983900775,0.998099986761492,1.00002102192218
-2.08122156998634e-05,0.999036268670795,9.28806956674532e-07,0.00192560504449594,0.998073466148547,1.00002073210207
-2.05263775270925e-05,0.999022809764176,9.54930041717298e-07,0.00195247061156375,0.998046574458395,1.00002044626235
-2.02444650997681e-05,0.999009162342388,9.81788957046548e-07,0.00197971173730947,0.998019306473733,1.00002016434836
-1.99664245010979e-05,0.998995323749361,1.0094044761917e-06,0.00200733369232641,0.997991656903197,1.00001988630617
-1.96922025547917e-05,0.99898129129116,1.03779796113935e-06,0.00203534182175836,0.997963620380281,1.00001961208262
-1.94217468148902e-05,0.998967062235436,1.06699137908766e-06,0.00206374154637064,0.99793519146225,1.00001934162524
-1.91550055557353e-05,0.998952633810862,1.0970073196814e-06,0.00209253836363697,0.997906364629043,1.00001907488232
-1.88919277620767e-05,0.998938003206566,1.12786901274167e-06,0.00212173784884248,0.997877134282145,1.00001881180285
-1.86324631193156e-05,0.998923167571552,1.15960034650447e-06,0.00215134565620309,0.99784749474345,1.0000185523365
-1.83765620038817e-05,0.998908124014113,1.19222588638314e-06,0.00218136752000145,0.997817440254112,1.00001829643365
-1.81241754737424e-05,0.998892869601236,1.2257708942697e-06,0.00221180925573986,0.997786964973366,1.00001804404537
-1.78752552590424e-05,0.998877401357997,1.26026134839085e-06,0.00224267676131017,0.997756062977341,1.00001779512337
-1.7629753752872e-05,0.998861716266946,1.29572396373469e-06,0.00227397601818128,0.997724728257855,1.00001754962006
-1.73876240021625e-05,0.998845811267485,1.33218621306489e-06,0.0023057130926042,0.997692954721183,1.00001730748848
-1.71488196987054e-05,0.998829683255234,1.36967634853929e-06,0.0023378941368351,0.997660736186816,1.00001706868231
-1.69132951702965e-05,0.998813329081388,1.40822342395055e-06,0.0023705253903767,0.997628066386199,1.0000168331559
-1.66810053720006e-05,0.998796745552063,1.44785731760707e-06,0.00240361318123801,0.997594938961444,1.00001660086419
-1.64519058775366e-05,0.998779929427638,1.48860875587276e-06,0.00243716392721316,0.997561347464031,1.00001637176275
-1.62259528707809e-05,0.998762877422073,1.53050933738489e-06,0.00247118413717914,0.997527285353483,1.00001614580778
-1.6003103137387e-05,0.998745586202236,1.57359155796986e-06,0.00250568041241316,0.997492745996029,1.00001592295605
-1.57833140565212e-05,0.998728052387199,1.61788883627726e-06,0.00254065944792961,0.997457722663234,1.00001570316494
-1.55665435927106e-05,0.998710272547541,1.66343554015312e-06,0.00257612803383719,0.997422208530623,1.00001548639243
-1.53527502878042e-05,0.998692243204628,1.71026701377415e-06,0.00261209305671645,0.99738619667627,1.00001527259704
-1.51418932530435e-05,0.998673960829885,1.75841960556499e-06,0.00264856150101791,0.997349680079377,1.00001506173789
-1.49339321612425e-05,0.998655421844062,1.80793069692166e-06,0.00268554045048145,0.997312651618822,1.00001485377466
-1.4728827239075e-05,0.99863662261648,1.8588387317646e-06,0.00272303708957685,0.997275104071691,1.00001464866756
-1.45265392594678e-05,0.99861755946427,1.91118324694565e-06,0.00276105870496627,0.997237030111787,1.00001444637737
-1.43270295340983e-05,0.998598228651602,1.96500490353423e-06,0.0027996126869887,0.997198422308108,1.00001424686541
-1.41302599059953e-05,0.998578626388898,2.02034551900815e-06,0.00283870653116691,0.997159273123314,1.00001405009352
-1.39361927422414e-05,0.998558748832031,2.07724810037594e-06,0.0028783478397372,0.997119574912162,1.00001385602405
-1.37447909267754e-05,0.998538592081521,2.13575687825789e-06,0.00291854432320234,0.997079319919919,1.0000136646199
-1.35560178532937e-05,0.998518152181704,2.19591734195403e-06,0.00295930380190804,0.99703850028075,1.00001347584446
-1.33698374182495e-05,0.998497425119903,2.25777627552806e-06,0.00300063420764343,0.996997108016081,1.00001328966162
-1.31862140139475e-05,0.998476406825572,2.3213817949372e-06,0.0030425435852658,0.996955135032939,1.00001310603578
-1.30051125217341e-05,0.998455093169439,2.38678338623872e-06,0.00308504009435018,0.996912573122264,1.00001292493182
-1.28264983052806e-05,0.998433479962623,2.45403194490487e-06,0.00312813201086396,0.996869413957191,1.0000127463151
-1.2650337203959e-05,0.99841156295575,2.52317981627887e-06,0.00317182772886714,0.996825649091317,1.00001257015146
-1.24765955263087e-05,0.998389337838044,2.59428083720589e-06,0.00321613576223856,0.996781269956924,1.0000123964072
-1.23052400435926e-05,0.998366800236407,2.66739037887326e-06,0.00326106474642846,0.996736267863193,1.0000122250491
-1.21362379834424e-05,0.99834394571449,2.74256539089612e-06,0.00330662344023803,0.996690633994371,1.00001205604439
-1.19695570235904e-05,0.99832076977174,2.81986444668511e-06,0.00335282072762616,0.996644359407927,1.00001188936074
-1.18051652856881e-05,0.998297267842438,2.89934779013401e-06,0.00339966561954391,0.996597435032666,1.00001172496628
-1.16430313292088e-05,0.998273435294718,2.98107738366661e-06,0.00344716725579733,0.996549851666819,1.00001156282955
-1.14831241454351e-05,0.998249267429573,3.06511695768291e-06,0.0034953349069388,0.996501599976104,1.00001140291956
-1.13254131515281e-05,0.998224759479845,3.15153206144636e-06,0.00354417797618768,0.996452670491751,1.00001124520572
-1.11698681846782e-05,0.998199906609194,3.24039011545474e-06,0.00359370600138055,0.996403053608504,1.00001108965787
-1.10164594963366e-05,0.998174703911059,3.33176046533881e-06,0.00364392865695155,0.996352739582583,1.00001093624625
-1.08651577465254e-05,0.998149146407591,3.42571443733437e-06,0.00369485575594354,0.996301718529619,1.00001078494153
-1.07159339982267e-05,0.99812322904858,3.52232539537412e-06,0.00374649725205029,0.996249980422554,1.00001063571477
-1.05687597118481e-05,0.998096946710355,3.62166879984809e-06,0.00379886324169047,0.99619751508951,1.00001048853743
-1.0423606739764e-05,0.998070294194675,3.72382226808191e-06,0.00385196396611389,0.996144312211618,1.00001034338135
-1.02804473209331e-05,0.998043266227593,3.8288656365844e-06,0.00390580981354046,0.996090361320823,1.00001020021879
-1.01392540755881e-05,0.998015857458309,3.93688102511745e-06,0.00396041132133267,0.996035651797642,1.00001005902236
-1e-05,0.997988062457996,4.04795290264219e-06,0.00401577917820181,0.995980172868896,1.00000991976505
-9.86265846131283e-06,0.99795987571862,4.16216815519816e-06,0.00407192422644889,0.995923913605396,1.00000978242023
-9.72720319245054e-06,0.997931291651724,4.27961615577279e-06,0.00412885746424054,0.995866862919604,1.00000964696163
-9.59360828709315e-06,0.997902304587203,4.4003888362212e-06,0.00418659004792069,0.995809009563243,1.00000951336335
-9.46184819472199e-06,0.997872908772059,4.52458076129775e-06,0.00424513329435861,0.99575034212488,1.00000938159984
-9.33189771573324e-06,0.997843098369128,4.65228920486246e-06,0.00430449868333379,0.995690849027461,1.00000925164589
-9.20373199661823e-06,0.997812867455792,4.78361422832808e-06,0.00436469785995861,0.995630518525813,1.00000912347664
-9.07732652521022e-06,0.997782210022669,4.91865876141486e-06,0.00442574263713915,0.995569338704099,1.0000089970676
-8.9526571259964e-06,0.997751119972277,5.05752868528247e-06,0.00448764499807492,0.99550729747324,1.00000887239458
-8.82969995549408e-06,0.997719591117683,5.20033291811112e-06,0.00455041709879834,0.995444382568284,1.00000874943373
-8.70843149769072e-06,0.99768761718112,5.34718350320509e-06,0.00461407127075434,0.995380581545742,1.00000862816155
-8.58882855954626e-06,0.99765519179259,5.49819569969546e-06,0.00467862002342121,0.995315881780879,1.00000850855483
-8.4708682665574e-06,0.997622308488438,5.65348807592017e-06,0.00474407604697299,0.995250270464951,1.0000083905907
-8.35452805838287e-06,0.997588960709902,5.81318260556246e-06,0.00481045221498444,0.99518373460241,1.0000082742466
-8.23978568452851e-06,0.997555141801644,5.97740476663154e-06,0.00487776158717932,0.995116261008054,1.00000815950029
-8.12661920009195e-06,0.997520845010245,6.14628364337108e-06,0.00494601741222257,0.995047836304134,1.0000080463298
-8.01500696156541e-06,0.99748606348269,6.31995203118504e-06,0.00501523313055736,0.994978446917411,1.0000079347135
-7.90492762269642e-06,0.997450790264811,6.49854654467186e-06,0.00508542237728773,0.994908079076168,1.00000782463005
-7.79636013040524e-06,0.997415018299717,6.68220772886188e-06,0.00515659898510764,0.994836718807164,1.00000771605838
-7.68928372075831e-06,0.997378740426188,6.87108017375572e-06,0.00522877698727738,0.994764351932549,1.00000760897773
-7.58367791499719e-06,0.997341949377044,7.06531263226348e-06,0.00530197062064792,0.99469096406672,1.00000750336763
-7.47952251562183e-06,0.997304637777491,7.26505814164959e-06,0.00537619432873446,0.994616540613124,1.00000739920787
-7.37679760252773e-06,0.997266798143432,7.47047414858934e-06,0.00545146276483974,0.994541066761012,1.00000729647854
-7.27548352919622e-06,0.997228422879748,7.68172263794824e-06,0.00552779079522816,0.994464527482134,1.00000719515998
-7.17556091893692e-06,0.997189504278559,7.89897026539797e-06,0.00560519350235167,0.994386907527383,1.00000709523282
-7.07701066118189e-06,0.997150034517442,8.12238849398661e-06,0.00568368618812832,0.994308191423378,1.00000699667795
-6.97981390783067e-06,0.997110005657628,8.3521537347843e-06,0.00576328437727448,0.994228363468991,1.00000689947652
-6.8839520696455e-06,0.997069409642162,8.58844749172988e-06,0.00584400382069171,0.994147407731817,1.00000680360994
-6.7894068126961e-06,0.997028238294035,8.83145651080739e-06,0.0059258604989092,0.99406530804458,1.00000670905986
-6.69616005485322e-06,0.996986483314275,9.08137293368622e-06,0.00600887062558301,0.993982048001483,1.00000661580822
-6.60419396233031e-06,0.996944136280018,9.33839445596242e-06,0.00609305065105312,0.993897610954491,1.00000652383718
-6.51349094627281e-06,0.99690118864253,9.60272449014306e-06,0.00617841726595914,0.993811980009551,1.00000643312913
-6.42403365939419e-06,0.996857631725208,9.8745723335207e-06,0.00626498740491609,0.99372513802275,1.00000634366675
-6.33580499265824e-06,0.996813456721533,1.01541533410889e-05,0.00635277825025125,0.993637067596408,1.00000625543291
-6.24878807200689e-06,0.996768654692995,1.0441689103656e-05,0.0064418072358032,0.993547751075093,1.00000616841075
-6.16296625513294e-06,0.996723216566976,1.0737407631317e-05,0.00653209205078434,0.993457170541584,1.00000608258361
-6.07832312829724e-06,0.996677133134603,1.10415435424523e-05,0.00662365064370803,0.993365307812749,1.00000599793508
-5.99484250318941e-06,0.996630395048551,1.1354338258423e-05,0.00671650122638152,0.99327214443536,1.00000591444899
-5.91250841383187e-06,0.996582992820813,1.16760402041422e-05,0.00681066227796608,0.99317766168183,1.00000583210934
-5.83130511352622e-06,0.996534916820432,1.20069050147049e-05,0.00690615254910557,0.99308184054588,1.00000575090041
-5.75121707184161e-06,0.996486157271189,1.23471957482661e-05,0.00700299106612474,0.992984661738127,1.00000567080665
-5.67222897164455e-06,0.996436704249245,1.26971831053632e-05,0.00710119713529862,0.992886105681596,1.00000559181275
-5.59432570616938e-06,0.996386547680748,1.30571456548836e-05,0.00720079034719443,0.992786152507151,1.00000551390361
-5.51749237612912e-06,0.996335677339389,1.34273700668876e-05,0.00730179058108737,0.992684782048846,1.00000543706431
-5.44171428686589e-06,0.996284082843922,1.38081513525015e-05,0.0074042180094518,0.992581973839196,1.00000536128017
-5.36697694554048e-06,0.996231753655624,1.4199793111104e-05,0.00750809310252929,0.99247770710436,1.00000528653669
-5.29326605836057e-06,0.996178679075727,1.46026077850348e-05,0.00761343663297504,0.99237196075924,1.00000521281957
-5.22056752784698e-06,0.996124848242786,1.50169169220658e-05,0.00772026968058415,0.992264713402494,1.00000514011473
-5.14886745013749e-06,0.996070250130004,1.54430514458768e-05,0.0078286136370995,0.992155943311455,1.00000506840824
-5.07815211232767e-06,0.996014873542514,1.58813519347937e-05,0.00793849021110275,0.992045628436963,1.0000049976864
-5.00840798984821e-06,0.995958707114596,1.6332168909048e-05,0.00804992143299026,0.991933746398101,1.00000492793568
-4.93962174387833e-06,0.995901739306855,1.6795863126831e-05,0.0081629296600354,0.991820274476838,1.00000485914274
-4.87178021879463e-06,0.995843958403341,1.72728058894214e-05,0.00827753758153927,0.991705189612571,1.00000479129443
-4.80487043965512e-06,0.995785352508609,1.77633793556769e-05,0.00839376822407147,0.991588468396573,1.00000472437776
-4.73887960971765e-06,0.995725909544732,1.82679768661887e-05,0.00851164495680282,0.991470087066331,1.00000465837995
-4.67379510799246e-06,0.995665617248257,1.87870032774093e-05,0.00863119149693195,0.991350021499791,1.00000459328836
-4.60960448682844e-06,0.99560446316709,1.93208753060716e-05,0.00875243191520758,0.991228247209486,1.00000452909054
-4.5462954695324e-06,0.995542434657341,1.9870021884232e-05,0.00887539064154858,0.991104739336567,1.00000446577423
-4.48385594802118e-06,0.995479518880093,2.04348845252789e-05,0.00900009247076375,0.990979472644711,1.00000440332731
-4.4222739805059e-06,0.995415702798112,2.10159177012603e-05,0.00912656256837354,0.990852421513925,1.00000434173783
-4.36153778920801e-06,0.9953509731725,2.16135892318968e-05,0.00925482647653578,0.990723559934232,1.00000428099402
-4.3016357581068e-06,0.995285316559276,2.22283806856572e-05,0.00938491012007742,0.990592861499237,1.00000422108426
-4.24255643071778e-06,0.995218719305889,2.28607877932899e-05,0.00951683981263496,0.990460299399572,1.00000416199709
-4.18428850790158e-06,0.995151167547673,2.35113208742127e-05,0.00965064226290529,0.990325846416221,1.00000410372121
-4.12682084570295e-06,0.995082647204219,2.41805052761825e-05,0.00978634458100995,0.990189474913714,1.00000404624548
-4.07014245321944e-06,0.995013143975684,2.48688818286761e-05,0.00992397428497475,0.990051156833197,1.0000039895589
-4.01424249049933e-06,0.994942643339026,2.55770073104314e-05,0.0100635593073274,0.989910863685362,1.00000393365062
-3.95911026646846e-06,0.994871130544161,2.63054549316127e-05,0.0102051280018157,0.989768566543253,1.00000387850997
-3.90473523688556e-06,0.994798590610044,2.70548148310805e-05,0.0103487091502488,0.98962423603492,1.00000382412638
-3.85110700232557e-06,0.994725008320678,2.7825694589263e-05,0.010494331969465,0.989477842335946,1.00000377048947
-3.79821530619074e-06,0.994650368221029,2.86187197571438e-05,0.0106420261184268,0.989329355161816,1.00000371758897
-3.746050032749e-06,0.994574654612874,2.94345344018966e-05,0.0107918217054491,0.989178743760149,1.00000366541476
-3.6946012051993e-06,0.99449785155055,3.02738016697219e-05,0.0109437492955605,0.98902597690277,1.00000361395687
-3.64385898376354e-06,0.994419942836632,3.11372043664517e-05,0.0110978399180023,0.988871022877631,1.00000356320544
-3.59381366380463e-06,0.994340912017509,3.20254455565184e-05,0.0112541250738685,0.988713849480575,1.00000351315079
-3.54445567397044e-06,0.994260742378875,3.29392491808962e-05,0.0114126367438888,0.98855442400693,1.00000346378333
-3.49577557436328e-06,0.994179416941126,3.38793606946504e-05,0.0115734073963584,0.988392713242947,1.00000341509362
-3.44776405473446e-06,0.994096918454666,3.48465477247523e-05,0.0117364699952185,0.988228683457057,1.00000336707235
-3.4004119327037e-06,0.994013229395106,3.5841600748837e-05,0.0119018580082898,0.988062300390961,1.00000331971033
-3.35371015200293e-06,0.993928331958372,3.68653337956129e-05,0.0120696054156637,0.987893529250541,1.00000327299851
-3.30764978074424e-06,0.993842208055706,3.79185851676502e-05,0.0122397467182536,0.987722334696579,1.00000322692795
-3.26222200971167e-06,0.993754839308557,3.9002218187306e-05,0.0124123169465115,0.987548680835301,1.00000318148983
-3.21741815067637e-06,0.993666207043377,4.011712196657e-05,0.0125873516693118,0.987372531208722,1.00000313667548
-3.17322963473497e-06,0.993576292286294,4.12642122016442e-05,0.0127648870030086,0.98719384878479,1.00000309247632
-3.12964801067075e-06,0.993485075757673,4.24444319930987e-05,0.0129449596206679,0.987012595947339,1.00000304888389
-3.08666494333727e-06,0.993392537866567,4.36587526924781e-05,0.0131276067614816,0.986828734485826,1.00000300588986
-3.04427221206431e-06,0.993298658705041,4.49081747762613e-05,0.013312866240365,0.986642225584859,1.000002963486
-3.00246170908555e-06,0.99320341804238,4.61937287481182e-05,0.0135007764577446,0.986453029813507,1.0000029216642
-2.96122543798803e-06,0.99310679531916,4.75164760704326e-05,0.0136913764095385,0.986261107114391,1.00000288041647
-2.92055551218274e-06,0.993008769641206,4.88775101261055e-05,0.0138847056973361,0.986066416792538,1.00000283973492
-2.8804441533963e-06,0.992909319773398,5.02779572116847e-05,0.0140808045387803,0.985868917504008,1.00000279961175
-2.84088369018331e-06,0.992808424133358,5.17189775629072e-05,0.0142797137781582,0.985668567244279,1.00000276003931
-2.8018665564592e-06,0.992706060784984,5.3201766413784e-05,0.0144814748972049,0.985465323336381,1.00000272101002
-2.76338529005317e-06,0.992602207431847,5.47275550903966e-05,0.014686130026126,0.985259142418784,1.00000268251642
-2.72543253128103e-06,0.992496841410437,5.62976121406209e-05,0.0148937219548438,0.985049980433016,1.00000264455113
-2.68800102153761e-06,0.992389939683262,5.79132445010398e-05,0.0151042941444733,0.984837792611026,1.00000260710692
-2.65108360190854e-06,0.992281478831781,5.95757987023516e-05,0.0153178907390329,0.984622533462265,1.0000025701766
-2.61467321180109e-06,0.992171435049186,6.12866621146357e-05,0.0155345565773976,0.984404156760488,1.00000253375311
-2.5787628875938e-06,0.992059784133017,6.30472642338848e-05,0.0157543372054978,0.984182615530268,1.0000024978295
-2.54334576130465e-06,0.991946501477602,6.48590780112722e-05,0.0159772788887732,0.983957862033216,1.00000246239888
-2.50841505927754e-06,0.99183156206633,6.6723621226674e-05,0.0162034286248864,0.983729847753887,1.00000242745449
-2.47396410088682e-06,0.99171494046374,6.86424579080296e-05,0.0164328341567034,0.983498523385389,1.00000239298964
-2.43998629725955e-06,0.991596610807428,7.06171997981821e-05,0.0166655439855475,0.983263838814654,1.00000235899773
-2.40647515001542e-06,0.991476546799761,7.26495078709081e-05,0.0169016073847355,0.983025743107394,1.00000232547226
-2.37342425002387e-06,0.991354721699402,7.47410938979111e-05,0.0171410744134004,0.982784184492702,1.00000229240683
-2.34082727617829e-06,0.991231108312625,7.68937220686239e-05,0.0173839959306125,0.982539110347319,1.0000022597951
-2.30867799418717e-06,0.991105678984434,7.91092106647358e-05,0.0176304236098017,0.982290467179533,1.00000222763084
-2.27697025538168e-06,0.990978405589461,8.13894337914416e-05,0.0178804099534944,0.982038200612714,1.0000021959079
-2.24569799553977e-06,0.990849259522648,8.37363231674839e-05,0.0181340083083692,0.981782255368463,1.00000216462021
-2.21485523372636e-06,0.990718211689703,8.61518699761487e-05,0.018391272880642,0.981522575249382,1.00000213376178
-2.18443607114943e-06,0.990585232497325,8.86381267794565e-05,0.0186522587517903,0.98125910312143,1.00000210332671
-2.15443469003189e-06,0.99045029184319,9.11972094978825e-05,0.0189170218946233,0.980991780895879,1.00000207330918
-2.12484535249888e-06,0.990313359105687,9.38312994580394e-05,0.0191856191897106,0.980720549510831,1.00000204370345
-2.09566239948043e-06,0.990174403133401,9.6542645510846e-05,0.0194581084421761,0.980445348912313,1.00000201450385
-2.06688024962908e-06,0.990033392234342,9.93335662228211e-05,0.0197345483988709,0.980166118034906,1.00000198570481
-2.03849339825246e-06,0.98989029416489,0.000102206452143239,0.0200149987659329,0.979882794781924,1.0000019573008
-2.0104964162605e-06,0.989745076118477,0.00010516376815,0.0202995202267456,0.979595316005105,1.0000019292864
-1.98288394912707e-06,0.989597704713969,0.000108208055877193,0.0205881744603066,0.979303617483816,1.00000190165625
-1.95565071586595e-06,0.989448145983763,0.000111341936227442,0.0208810241600191,0.979007633903754,1.00000187440506
-1.92879150802078e-06,0.98929636536157,0.000114568111972268,0.0211781330529163,0.978707298835111,1.00000184752762
-1.90230118866895e-06,0.989142327669889,0.000117889370443826,0.021479565919334,0.978402544710222,1.00000182101879
-1.87617469143912e-06,0.988985997107158,0.000121308586321523,0.0217853886130417,0.978093302800637,1.00000179487349
-1.8504070195423e-06,0.988827337234559,0.00012482872451717,0.0220956680818479,0.977779503193635,1.00000176908673
-1.82499324481615e-06,0.988666310962491,0.000128452843162478,0.0224104723886932,0.977461074768144,1.00000174365357
-1.79992850678248e-06,0.988502880536675,0.000132184096702873,0.0227298707332445,0.977137945170053,1.00000171856915
-1.77520801171764e-06,0.988337007523895,0.000136025739101775,0.0230539334740075,0.976810040786891,1.00000169382867
-1.75082703173573e-06,0.988168652797355,0.000139981127159668,0.0233827321509709,0.97647728672187,1.00000166942739
-1.72678090388436e-06,0.987997776521647,0.000144053723952459,0.0237163395088011,0.976139606767246,1.00000164536065
-1.70306502925284e-06,0.987824338137305,0.000148247102393867,0.0240548295206015,0.975796923377005,1.00000162162384
-1.67967487209265e-06,0.987648296344945,0.000152564948926725,0.024398277412256,0.975449157638817,1.00000159821242
-1.65660595894992e-06,0.987469609088965,0.00015701106734836,0.0247467596873743,0.975096229245277,1.00000157512191
-1.63385387780986e-06,0.987288233540796,0.0001615893827754,0.0251003541528578,0.974738056464367,1.0000015523479
-1.61141427725302e-06,0.987104126081694,0.000166303945753609,0.0254591399451048,0.974374556109142,1.00000152988602
-1.58928286562298e-06,0.986917242285043,0.00017115893651862,0.0258231975568773,0.974005643506604,1.00000150773198
-1.5674554102056e-06,0.986727536898162,0.000176158669413674,0.0261926088648492,0.973631232465737,1.00000148588155
-1.54592773641948e-06,0.9865349638236,0.000181307597470772,0.0265674571578581,0.973251235244671,1.00000146433053
-1.52469572701758e-06,0.986339476099896,0.000186610317161921,0.0269478271658838,0.972865562516954,1.0000014430748
-1.50375532129974e-06,0.986141025881784,0.000192071573327482,0.0273338050897778,0.972474123336895,1.00000142211031
-1.4831025143361e-06,0.985939564419828,0.000197696264288934,0.0277254786317669,0.972076825103944,1.00000140143303
-1.46273335620113e-06,0.985735042039467,0.000203489447153726,0.0281229370267592,0.971673573526087,1.00000138103902
-1.44264395121816e-06,0.985527408119441,0.000209456343320222,0.0285262710744773,0.971264272582202,1.00000136092436
-1.42283045721435e-06,0.985316611069585,0.000215602344191144,0.0289355731724473,0.970848824483362,1.0000013410852
-1.40328908478587e-06,0.985102598307959,0.000221933017104309,0.0293509373498733,0.970427129633022,1.00000132151777
-1.38401609657313e-06,0.984885316237297,0.000228454111489855,0.0297724593024267,0.969999086586083,1.00000130221829
-1.36500780654601e-06,0.984664710220745,0.000235171565263636,0.0302002364279827,0.969564592006754,1.00000128318309
-1.34626057929891e-06,0.984440724556864,0.000242091511466869,0.0306343678633375,0.969123540625196,1.00000126440852
-1.32777082935543e-06,0.984213302453868,0.000249220285162662,0.0310749545219387,0.968675825192899,1.00000124589099
-1.30953502048267e-06,0.983982386003066,0.000256564430600533,0.0315220991326664,0.968221336436733,1.00000122762695
-1.29154966501488e-06,0.983747916151488,0.000264130708660591,0.031975906279703,0.967759963011636,1.00000120961291
-1.27381132318648e-06,0.983509832673646,0.000271926104589616,0.0324364824435282,0.967291591451882,1.00000119184542
-1.25631660247412e-06,0.983268074142417,0.000279957836041899,0.032903936043083,0.966816106120875,1.00000117432107
-1.23906215694792e-06,0.98302257789899,0.00028823336143831,0.0333783774791439,0.966333389159418,1.00000115703651
-1.22204468663149e-06,0.982773280021867,0.000296760388657785,0.0338599191789507,0.965843320432392,1.00000113998844
-1.20526093687084e-06,0.982520115294855,0.000305546884076108,0.034348675642138,0.965345777473786,1.00000112317359
-1.1887076977119e-06,0.982263017174025,0.000314601081967616,0.0348447634880151,0.964840635430017,1.00000110658874
-1.1723818032866e-06,0.98200191775359,0.000323931494286304,0.0353483015042481,0.964327767001466,1.00000109023071
-1.15628013120738e-06,0.981736747730658,0.000333546920843585,0.0358594106969963,0.96380704238216,1.00000107409638
-1.14039960197003e-06,0.98146743636882,0.000343456459900913,0.0363782143425591,0.96327832919754,1.00000105818265
-1.12473717836475e-06,0.981193911460508,0.000353669519196421,0.0369048380405918,0.962741492440212,1.00000104248648
-1.10928986489522e-06,0.980916099288099,0.000364195827425692,0.0374394097689513,0.962196394403623,1.00000102700485
-1.09405470720574e-06,0.980633924583684,0.000375045446197914,0.0379820599402369,0.961642894613565,1.00000101173481
-1.07902879151618e-06,0.980347310487464,0.00038622878248974,0.0385329214600919,0.961080849757418,1.00000099667343
-1.06420924406472e-06,0.98005617850471,0.000397756601620413,0.0390921297873381,0.960510113611041,1.00000098181782
-1.04959323055823e-06,0.979760448461219,0.000409640040773004,0.0396598229960167,0.95993053696321,1.00000096716514
-1.03517795563018e-06,0.979460038457206,0.000421890623087893,0.0402361418394128,0.959341967537499,1.00000095271259
-1.02096066230605e-06,0.979154864819571,0.000434520272356176,0.0408212298161465,0.958744249911497,1.00000093845738
-1.00693863147603e-06,0.978844842052451,0.000447541328342082,0.0414152332384146,0.958137225433243,1.00000092439679
-9.9310918137498e-07,0.978529882785997,0.000460966562765217,0.0420183013024749,0.95752073213476,1.00000091052813
-9.79469667069539e-07,0.978209897723292,0.000474809195975124,0.0426305861614665,0.956894604642558,1.00000089684874
-9.66017479952265e-07,0.977884795585314,0.000489082914352483,0.0432522430006662,0.956258674084981,1.00000088335599
-9.5275004724273e-07,0.977554483053883,0.000503801888473291,0.0438834301152866,0.95561276799624,1.00000087004731
-9.39664831495469e-07,0.977218864712463,0.000518980792074363,0.0445243089909253,0.954956710217,1.00000085692013
-9.26759330114688e-07,0.976877842984748,0.000534634821860799,0.0451750443867816,0.954290320791358,1.00000084397193
-9.14031074875622e-07,0.976531318070919,0.000550779718198401,0.045835804421765,0.953613415860037,1.00000083120025
-9.01477631452492e-07,0.976179187881453,0.00056743178673653,0.0465067606636216,0.952925807549642,1.00000081860262
-8.89096598952917e-07,0.975821347968381,0.000584607921009664,0.0471880882212187,0.952227303857772,1.00000080617664
-8.76885609458743e-07,0.975457691453868,0.000602325626068709,0.0478799658401277,0.951517708533804,1.00000079391991
-8.64842327573173e-07,0.975088108955974,0.00062060304319629,0.0485825760016591,0.950796820955145,1.00000078183009
-8.52964449974102e-07,0.974712488511481,0.000639458975763505,0.0492961050255109,0.950064435998726,1.00000076990485
-8.41249704973612e-07,0.974330715495612,0.000658912916289118,0.0500207431761972,0.949320343907514,1.0000007581419
-8.29695852083491e-07,0.973942672538514,0.000678985074766038,0.0507566847734396,0.948564330151794,1.00000074653899
-8.18300681586739e-07,0.973548239438322,0.000699696408323867,0.0515041283067084,0.947796175284968,1.0000007350939
-8.07062014114951e-07,0.973147293070641,0.000721068652300708,0.0522632765541157,0.947015654793584,1.00000072380441
-7.95977700231498e-07,0.972739707294261,0.000743124352802078,0.053034336705874,0.946222538941324,1.00000071266836
-7.85045620020451e-07,0.972325352852899,0.00076588690082967,0.0538175204925428,0.945416592606627,1.00000070168361
-7.74263682681128e-07,0.971904097272779,0.000789380568068214,0.054613044318306,0.944597575113626,1.00000069084806
-7.63629826128224e-07,0.97147580475581,0.000813630544424285,0.0554211293995305,0.943765240056045,1.00000068015961
-7.53142016597438e-07,0.971040336068144,0.000838662977417197,0.0562420019088768,0.942919335113706,1.00000066961621
-7.42798248256491e-07,0.970597548423847,0.00086450501352879,0.0570758931252478,0.942059601861223,1.00000065921584
-7.32596542821523e-07,0.970147295363435,0.000891184841625962,0.0579230395898784,0.941185775568496,1.00000064895648
-7.22534949178722e-07,0.969689426626977,0.000918731738577705,0.0587836832688904,0.940297584992532,1.00000063883617
-7.12611543011174e-07,0.969223788021475,0.000947176117196559,0.0596580717226567,0.939394752160147,1.00000062885296
-7.02824426430834e-07,0.968750221282187,0.000976549576643482,0.0605464582823392,0.938476992141017,1.00000061900493
-6.9317172761554e-07,0.968268563927558,0.00100688495544483,0.0614491022339944,0.937544012810561,1.00000060929017
-6.83651600451024e-07,0.96777864910739,0.00103821638728059,0.0623662690106596,0.93659551460206,1.00000059970681
-6.74262224177835e-07,0.967280305443853,0.00107057935971432,0.063298230392866,0.93563119024742,1.00000059025301
-6.65001803043112e-07,0.966773356864927,0.00110401077604763,0.0642452647180517,0.934650724505901,1.00000058092694
-6.55868565957142e-07,0.966257622429814,0.0011385490204952,0.0652076570993822,0.933653793880123,1.0000005717268
-6.46860766154632e-07,0.965732916145848,0.00117423402689076,0.0661856996545219,0.932640066318587,1.00000056265081
-6.37976680860628e-07,0.965199046776383,0.00121110735115026,0.0671796917449337,0.931609200903916,1.00000055369722
-6.29214610961035e-07,0.9646558176391,0.00124921224773502,0.0681899402263307,0.930560847525934,1.0000005448643
-6.2057288067765e-07,0.964103026394151,0.00128859375037669,0.0692167597109448,0.929494646538678,1.00000053615033
-6.12049837247669e-07,0.963540464821491,0.00132929875734521,0.0702604728423269,0.928410228400328,1.00000052755363
-6.03643850607586e-07,0.962967918586713,0.00137137612156353,0.0713214105834459,0.927307213294991,1.00000051907254
-5.95353313081437e-07,0.962385166994648,0.00141487674589603,0.0723999125189113,0.926185210735193,1.00000051070541
-5.87176639073326e-07,0.961791982729934,0.00145985368396395,0.073496327172204,0.925043819143832,1.00000050245061
-5.79112264764176e-07,0.961188131583695,0.00150636224686938,0.0746110123388714,0.923882625414259,1.00000049430655
-5.71158647812642e-07,0.960573372165403,0.00155446011624031,0.075744335436713,0.922701204447047,1.00000048627163
-5.63314267060135e-07,0.959947455598924,0.00160420746404315,0.0768966738740663,0.921499118661891,1.0000004783443
-5.55577622239888e-07,0.959310125201659,0.00165566707964657,0.078068415437389,0.920275917482964,1.000000470523
-5.47947233690029e-07,0.958661116145625,0.00170890450466069,0.0792599586994285,0.919031136795911,1.00000046280622
-5.40421642070592e-07,0.95800015509919,0.00176398817612101,0.0804717134493788,0.9177642983745,1.00000045519245
-5.32999408084408e-07,0.957326959848097,0.0018209895786351,0.0817041011465353,0.91647490927483,1.0000004476802
-5.25679112201842e-07,0.95664123889429,0.00187998340616453,0.0829575553990904,0.915162461194745,1.000000440268
-5.18459354389291e-07,0.955942691030903,0.00194104773417392,0.0842325224698464,0.91382642979598,1.00000043295439
-5.11338753841433e-07,0.955231004891667,0.00200426420294468,0.0855294618107775,0.912466273986278,1.00000042573794
-5.04315948717136e-07,0.954505858472805,0.00206971821292374,0.0868488466285425,0.911081435158534,1.00000041861723
-4.97389595879006e-07,0.953766918625326,0.00213749913305765,0.0881911644832333,0.909671336383709,1.00000041159086
-4.90558370636505e-07,0.953013840515423,0.00220770052315152,0.0895569179228515,0.908235381553997,1.00000040465743
-4.83820966492596e-07,0.952246267050494,0.00228042037139066,0.0909466251562308,0.906772954472379,1.00000039781559
-4.77176094893875e-07,0.951463828268041,0.00235576134827207,0.0923608207673741,0.905283417884354,1.00000039106397
-4.70622484984128e-07,0.950666140684457,0.00243383107831504,0.0938000564744553,0.90376611244723,1.00000038440124
-4.64158883361277e-07,0.949852806600424,0.00251474243105503,0.0952649019370411,0.902220355631904,1.00000037782606
-4.57784053837662e-07,0.949023413359305,0.00259861383297676,0.0967559456154372,0.900645440551586,1.00000037133712
-4.5149677720361e-07,0.948177532554567,0.00268556960221072,0.0982737956864446,0.899040634711345,1.00000036493313
-4.45295850994266e-07,0.947314719181875,0.00277574030800643,0.0998190810202362,0.897405178671757,1.0000003586128
-4.39180089259609e-07,0.946434510731017,0.00286926315720762,0.101392452223551,0.895738284619241,1.00000035237486
-4.33148322337639e-07,0.945536426212343,0.00296628241019205,0.10299458275493,0.894039134834878,1.00000034621804
-4.27199396630678e-07,0.944619965111833,0.00306694982900594,0.104626170118323,0.892306880052671,1.0000003401411
-4.21332174384729e-07,0.943684606268236,0.00317142516072471,0.106287937142079,0.890540637697197,1.0000003341428
-4.15545533471888e-07,0.942729806665054,0.00327987665941092,0.107980633351069,0.88873948998952,1.00000032822191
-4.09838367175726e-07,0.94175500012928,0.00339248165042615,0.109705036440587,0.886902481908987,1.00000032237723
-4.0420958397963e-07,0.940759595927913,0.00350942714128849,0.111461953861597,0.885028618997115,1.00000031660753
-3.98658107358044e-07,0.939742977252215,0.0036309104837633,0.113252224528044,0.883116864988193,1.00000031091162
-3.93182875570577e-07,0.938704499578484,0.00375714009243835,0.115076720658155,0.881166139249407,1.00000030528832
-3.87782841458946e-07,0.937643488892777,0.00388833622567718,0.116936349763092,0.879175314011231,1.00000029973645
-3.824569722467e-07,0.936559239765449,0.00402473183558069,0.11883205679794,0.877143211366479,1.00000029425483
-3.77204249341699e-07,0.935451013259641,0.00416657349442883,0.120764826491861,0.87506860001371,1.00000028884229
-3.72023668141307e-07,0.934318034655772,0.00431412240604371,0.122735685876369,0.872950191717587,1.00000028349767
-3.66914237840249e-07,0.933159490971812,0.00446765551163058,0.124745707033114,0.870786637455255,1.00000027821983
-3.61874981241128e-07,0.931974528256366,0.00462746670094205,0.126796010085383,0.868576523213675,1.0000002730076
-3.56904934567523e-07,0.930762248628515,0.00479386814110447,0.128887766460761,0.866318365398134,1.00000026785983
-3.52003147279668e-07,0.929521707034735,0.00496719173717912,0.131022202456171,0.86401060580665,1.00000026277539
-3.47168681892656e-07,0.928251907689012,0.00514779074055267,0.133200603140871,0.861651606118576,1.00000025775313
-3.42400613797143e-07,0.926951800157337,0.00533604152361354,0.135424316638099,0.859239641838287,1.00000025279189
-3.37698031082509e-07,0.925620275042056,0.00553234554194153,0.137694758832006,0.856772895626053,1.00000024789055
-3.33060034362459e-07,0.92425615921473,0.00573713150849907,0.140013418553541,0.85424944993796,1.00000024304794
-3.28485736603004e-07,0.922858210538244,0.0059508578081627,0.142381863307186,0.851667278884652,1.00000023826291
-3.2397426295282e-07,0.921425112009405,0.006174015185499,0.144801745610193,0.849024239204308,1.00000023353431
-3.19524750575921e-07,0.919955465242089,0.0064071297441211,0.14727481002758,0.846318060228299,1.00000022886096
-3.15136348486648e-07,0.91844778319759,0.00665076630245384,0.149802900999912,0.843546332697634,1.0000002242417
-3.10808217386906e-07,0.916900482052743,0.00690553215852699,0.15238797157746,0.840706496264013,1.00000021967534
-3.06539529505652e-07,0.915311872077105,0.0071720813258072,0.155032093194176,0.837795825480016,1.00000021516066
-3.02329468440578e-07,0.913680147367059,0.00745111931345712,0.157737466638967,0.834811414047576,1.00000021069646
-2.98177229001967e-07,0.912003374256295,0.00774340853825824,0.160506434410893,0.831750157050849,1.00000020628149
-2.94082017058707e-07,0.910279478187342,0.00804977447238261,0.16334149468055,0.828608730847067,1.00000020191449
-2.90043049386399e-07,0.908506228786148,0.00837111265205499,0.166245317123594,0.825383570224351,1.00000019759416
-2.86059553517574e-07,0.90668122282887,0.00870839669796316,0.169220760946335,0.822070842355702,1.00000019331918
-2.82130767593947e-07,0.904801864724342,0.00906268753043112,0.172270895490454,0.818666416979115,1.00000018908819
-2.78255940220713e-07,0.902865344053446,0.00943514400268726,0.175399023887733,0.81516583210958,1.00000018489977
-2.74434330322837e-07,0.900868609602823,0.00982703522646688,0.17860871034142,0.811564254432113,1.00000018075248
-2.70665207003324e-07,0.898808339198574,0.0102397549289477,0.181903811744957,0.807856433326095,1.00000017664478
-2.66947849403432e-07,0.896680904476759,0.0106748382630552,0.185288514520371,0.804036647216574,1.00000017257509
-2.63281546564802e-07,0.894482329509429,0.0111339816005657,0.188767377780011,0.800098640619423,1.00000016854174
-2.59665597293487e-07,0.892208241920649,0.0116190659775889,0.192345384203525,0.796035549818886,1.00000016454297
-2.56099310025846e-07,0.889853814752789,0.0121321850467339,0.196028000400954,0.791839814552312,1.0000001605769
-2.52582002696278e-07,0.887413696845462,0.0126756786363101,0.199821249036456,0.787503072327234,1.00000015664153
-2.49113002606779e-07,0.884881928819552,0.0132521733484047,0.203731795664087,0.783016030987508,1.0000001527347
-2.45691646298279e-07,0.882251840845979,0.0138646320798687,0.207767054148304,0.778368313771827,1.00000014885406
-2.4231727942376e-07,0.8795159271183,0.0145164149754172,0.211935315812566,0.773548269212017,1.00000014499707
-2.38989256623105e-07,0.876665690181682,0.0152113551992317,0.216245909238172,0.768542735562596,1.0000001411609
-2.35706941399673e-07,0.873691445754808,0.0159538541622201,0.220709400165944,0.763336745671836,1.00000013734242
-2.32469705998565e-07,0.87058207503355,0.0167490026575652,0.22533784461777,0.757913152724665,1.00000013353812
-2.29276931286565e-07,0.867324706071669,0.017602737044741,0.230145113767181,0.752252149188078,1.00000012974399
-2.26128006633728e-07,0.863904297681739,0.0185220436889266,0.235147317258668,0.746330639052405,1.00000012595543
-2.23022329796594e-07,0.860303086671414,0.0195152311697113,0.240363364317749,0.74012140451254,1.0000001221671
-2.19959306803007e-07,0.856499839117487,0.0205922998296538,0.245815722105719,0.733591978064628,1.00000011837268
-2.16938351838518e-07,0.852468813317397,0.0217654547843002,0.251531463796606,0.726703081419094,1.00000011456457
-2.13958887134342e-07,0.848178285692956,0.0230498367637107,0.257543755086667,0.719406408149622,1.00000011073348
-2.1102034285686e-07,0.843588390678189,0.0244645954523518,0.263894027738919,0.711641376808729,1.00000010686776
-2.08122156998634e-07,0.838647838223868,0.0260345241303079,0.270635275291649,0.703330200578043,1.00000010295249
-2.05263775270925e-07,0.833288700621371,0.0277926614663805,0.277837275824498,0.694370062709122,1.00000009896789
-2.0244465099768e-07,0.827417666109057,0.0297846662104975,0.285595335360892,0.684619998428611,1.00000009488673
-1.99664245010979e-07,0.820900297142307,0.0320767079262881,0.29404598986281,0.673877302210902,1.00000009066965
-1.96922025547917e-07,0.813529922321748,0.0347710943681454,0.303397966620212,0.661830939011642,1.00000008625582
-1.94217468148903e-07,0.804957511164714,0.0380415771040272,0.314001823462518,0.647956599433454,1.00000008154177
-1.91550055557353e-07,0.794498033886042,0.0422310629114821,0.326541806404951,0.631227130683567,1.00000007632268
-1.88919277620766e-07,0.780353950583161,0.048244392094107,0.342803314645464,0.608952293260429,1.00000007005559
