-0.001,0.999959960080924,4.0039919076117e-05,0.999959960080924,1.00099995996008
-0.000986265846131283,0.999959403066878,4.05969331219508e-05,0.999959403066878,1.00098622580676
-0.000972720319245054,0.999958838296216,4.11617037837074e-05,0.999958838296216,1.00097268028042
-0.000959360828709315,0.999958265660925,4.17343390745361e-05,0.999958265660925,1.00095932079042
-0.000946184819472199,0.999957685051488,4.23149485116887e-05,0.999957685051488,1.00094614478171
-0.000933189771573324,0.999957096356863,4.29036431374635e-05,0.999957096356863,1.00093314973433
-0.000920373199661823,0.99995649946446,4.35005355404419e-05,0.99995649946446,1.00092033316293
-0.000907732652521022,0.999955894260123,4.41057398770201e-05,0.999955894260123,1.0009076926163
-0.00089526571259964,0.999955280628107,4.47193718932405e-05,0.999955280628107,1.00089522567688
-0.000882969995549408,0.999954658451053,4.53415489469281e-05,0.999954658451053,1.00088292996032
-0.000870843149769072,0.99995402760997,4.59723900301338e-05,0.99995402760997,1.00087080311503
-0.000858882855954626,0.999953387984208,4.66120157918911e-05,0.999953387984208,1.00085884282169
-0.00084708682665574,0.999952739451439,4.72605485612895e-05,0.999952739451439,1.00084704679287
-0.000835452805838287,0.999952081887629,4.79181123708686e-05,0.999952081887629,1.00083541277252
-0.000823978568452851,0.99995141516702,4.85848329803393e-05,0.99995141516702,1.00082393853559
-0.000812661920009195,0.999950739162099,4.92608379006335e-05,0.999950739162099,1.0008126218876
-0.000801500696156541,0.999950053743582,4.99462564182903e-05,0.999950053743582,1.0008014606642
-0.000790492762269642,0.99994935878038,5.06412196201809e-05,0.99994935878038,1.00079045273075
-0.000779636013040524,0.999948654139581,5.13458604185775e-05,0.999948654139581,1.00077959598196
-0.000768928372075831,0.999947939686423,5.20603135765728e-05,0.999947939686423,1.00076888834142
-0.000758367791499719,0.999947215284266,5.27847157338509e-05,0.999947215284266,1.00075832776127
-0.000747952251562183,0.999946480794567,5.351920543282e-05,0.999946480794567,1.00074791222175
-0.000737679760252773,0.999945736076855,5.42639231451064e-05,0.999945736076855,1.00073763973085
-0.000727548352919623,0.999944980988702,5.5019011298419e-05,0.999944980988702,1.00072750832393
-0.000717556091893692,0.999944215385696,5.57846143037873e-05,0.999944215385696,1.0007175160633
-0.000707701066118189,0.999943439121417,5.65608785831785e-05,0.999943439121417,1.00070766103792
-0.000697981390783067,0.999942652047403,5.73479525974998e-05,0.999942652047403,1.00069794136298
-0.00068839520696455,0.999941854013125,5.814598687499e-05,0.999941854013125,1.00068835517955
-0.000678940681269611,0.99994104486596,5.89551340400062e-05,0.99994104486596,1.00067890065423
-0.000669616005485322,0.999940224451158,5.97755488422126e-05,0.999940224451158,1.00066957597882
-0.000660419396233031,0.999939392611814,6.06073881861738e-05,0.999939392611814,1.00066037936994
-0.000651349094627281,0.999938549188839,6.14508111613623e-05,0.999938549188839,1.0006513090687
-0.000642403365939419,0.999937694020927,6.23059790725823e-05,0.999937694020927,1.00064236334037
-0.000633580499265825,0.999936826944529,6.31730554708171e-05,0.999936826944529,1.00063354047405
-0.000624878807200689,0.999935947793815,6.40522061845074e-05,0.999935947793815,1.00062483878233
-0.000616296625513294,0.999935056400649,6.49435993512634e-05,0.999935056400649,1.00061625660099
-0.000607832312829724,0.99993415259455,6.58474054500199e-05,0.99993415259455,1.00060779228865
-0.000599484250318941,0.999933236202666,6.67637973336384e-05,0.999933236202666,1.00059944422647
-0.000591250841383188,0.999932307049738,6.76929502619627e-05,0.999932307049738,1.00059121081787
-0.000583130511352622,0.999931364958065,6.8635041935336e-05,0.999931364958065,1.00058309048817
-0.000575121707184161,0.999930409747471,6.95902525285836e-05,0.999930409747471,1.00057508168432
-0.000567222897164455,0.999929441235274,7.05587647254693e-05,0.999929441235274,1.00056718287462
-0.000559432570616938,0.999928459236246,7.1540763753632e-05,0.999928459236246,1.00055939254838
-0.000551749237612913,0.99992746356258,7.25364374200067e-05,0.99992746356258,1.00055170921569
-0.000544171428686589,0.999926454023853,7.3545976146742e-05,0.999926454023853,1.00054413140707
-0.000536697694554048,0.999925430426992,7.45695730076144e-05,0.999925430426992,1.00053665767324
-0.000529326605836056,0.999924392576235,7.56074237649525e-05,0.999924392576235,1.00052928658481
-0.000522056752784698,0.999923340273093,7.66597269070725e-05,0.999923340273093,1.00052201673206
-0.00051488674501375,0.999922273316314,7.77266836862375e-05,0.999922273316314,1.00051484672457
-0.000507815211232767,0.999921191501843,7.8808498157144e-05,0.999921191501843,1.00050777519108
-0.000500840798984821,0.999920094622784,7.99053772159439e-05,0.999920094622784,1.00050080077911
-0.000493962174387832,0.99991898246936,8.10175306398113e-05,0.99991898246936,1.00049392215479
-0.000487178021879463,0.999917854828873,8.21451711270586e-05,0.999917854828873,1.00048713800256
-0.000480487043965513,0.999916711485662,8.32885143378124e-05,0.999916711485662,1.00048044702491
-0.000473887960971765,0.999915552221065,8.44477789352552e-05,0.999915552221065,1.00047384794219
-0.000467379510799246,0.999914376813373,8.56231866274407e-05,0.999914376813373,1.00046733949228
-0.000460960448682843,0.99991318503779,8.68149622096935e-05,0.99991318503779,1.00046092043042
-0.00045462954695324,0.999911976666392,8.80233336075958e-05,0.999911976666392,1.00045458952894
-0.000448385594802119,0.999910751468079,8.92485319205759e-05,0.999910751468079,1.00044834557705
-0.00044222739805059,0.999909509208534,9.0490791466102e-05,0.999909509208534,1.00044218738054
-0.000436153778920801,0.999908249650176,9.17503498244904e-05,0.999908249650176,1.00043611376166
-0.000430163575810679,0.999906972552116,9.30274478843403e-05,0.999906972552116,1.00043012355879
-0.000424255643071778,0.999905677670111,9.43223298885983e-05,0.999905677670111,1.00042421562629
-0.000418428850790158,0.999904364756519,9.56352434812663e-05,0.999904364756519,1.00041838883425
-0.000412682084570295,0.999903033560245,9.69664397547591e-05,0.999903033560245,1.00041264206826
-0.000407014245321944,0.999901683826702,9.83161732979203e-05,0.999901683826702,1.00040697422924
-0.000401424249049932,0.999900315297755,9.96847022447092e-05,0.999900315297755,1.00040138423319
-0.000395911026646846,0.999898927711676,0.000101072288323563,0.999898927711676,1.00039587101101
-0.000390473523688556,0.999897520803093,0.000102479196907446,0.999897520803093,1.00039043350828
-0.000385110700232557,0.999896094302935,0.000103905697064603,0.999896094302935,1.00038507068504
-0.000379821530619074,0.99989464793839,0.000105352061610004,0.99989464793839,1.00037978151564
-0.000374605003274899,0.999893181432842,0.000106818567157522,0.999893181432842,1.00037456498851
-0.00036946012051993,0.999891694505827,0.000108305494172829,0.999891694505827,1.00036942010596
-0.000364385898376355,0.999890186872973,0.000109813127027024,0.999890186872973,1.00036434588402
-0.000359381366380463,0.999888658245949,0.000111341754051021,0.999888658245949,1.00035934135223
-0.000354445567397044,0.999887108332409,0.000112891667590677,0.999887108332409,1.00035440555345
-0.000349577557436327,0.999885536835937,0.000114463164062705,0.999885536835937,1.00034953754368
-0.000344776405473446,0.999883943455989,0.000116056544011352,0.999883943455989,1.00034473639192
-0.000340041193270371,0.999882327887834,0.000117672112165875,0.999882327887834,1.00034000117991
-0.000335371015200293,0.999880689822501,0.00011931017749881,0.999880689822501,1.00033533100202
-0.000330764978074424,0.999879028946715,0.000120971053285058,0.999879028946715,1.00033072496509
-0.000326222200971167,0.999877344942838,0.00012265505716179,0.999877344942838,1.00032618218817
-0.000321741815067637,0.999875637488811,0.00012436251118919,0.999875637488811,1.00032170180245
-0.000317322963473498,0.999873906258088,0.000126093741912039,0.999873906258088,1.00031728295103
-0.000312964801067075,0.999872150919578,0.000127849080422159,0.999872150919578,1.0003129247888
-0.000308666494333727,0.999870371137578,0.000129628862421725,0.999870371137578,1.00030862648225
-0.00030442722120643,0.999868566571713,0.000131433428287465,0.999868566571713,1.00030438720929
-0.000300246170908555,0.999866736876864,0.000133263123135738,0.999866736876864,1.00030020615917
-0.000296122543798804,0.999864881703111,0.000135118296888539,0.999864881703111,1.00029608253222
-0.000292055551218275,0.99986300069566,0.000136999304340407,0.99986300069566,1.00029201553981
-0.00028804441533963,0.999861093494774,0.000138906505226268,0.999861093494774,1.0002880044041
-0.00028408836901833,0.99985915973571,0.00014084026429023,0.99985915973571,1.00028404835794
-0.00028018665564592,0.999857199048645,0.000142800951355324,0.999857199048645,1.00028014664472
-0.000276338529005317,0.999855211058606,0.000144788941394227,0.999855211058606,1.00027629851824
-0.000272543253128103,0.999853195385399,0.000146804614600962,0.999853195385399,1.00027250324252
-0.000268800102153761,0.999851151643536,0.000148848356463601,0.999851151643536,1.0002687600917
-0.000265108360190854,0.999849079442162,0.000150920557837976,0.999849079442162,1.00026506834989
-0.000261467321180109,0.999846978384978,0.000153021615022418,0.999846978384978,1.00026142731103
-0.00025787628875938,0.999844848070166,0.000155151929833539,0.999844848070166,1.00025783627876
-0.000254334576130465,0.999842688090317,0.000157311909683068,0.999842688090317,1.00025429456627
-0.000250841505927754,0.999840498032344,0.000159501967655749,0.999840498032344,1.00025080149621
-0.000247396410088681,0.999838277477412,0.000161722522588338,0.999838277477412,1.00024735640052
-0.000243998629725955,0.99983602600085,0.000163973999149689,0.99983602600085,1.00024395862029
-0.000240647515001543,0.999833743172078,0.000166256827921954,0.999833743172078,1.00024060750571
-0.000237342425002387,0.999831428554517,0.000168571445482923,0.999831428554517,1.00023730241585
-0.000234082727617829,0.999829081705511,0.000170918294489503,0.999829081705511,1.0002340427186
-0.000230867799418717,0.999826702176238,0.000173297823762357,0.999826702176238,1.00023082779053
-0.000227697025538168,0.999824289511628,0.00017571048837173,0.999824289511628,1.00022765701678
-0.000224569799553978,0.999821843250276,0.000178156749724462,0.999821843250276,1.00022452979093
-0.000221485523372636,0.999819362924348,0.000180637075652218,0.999819362924348,1.00022144551488
-0.000218443607114943,0.999816848059499,0.000183151940500938,0.999816848059499,1.00021840359874
-0.000215443469003188,0.999814298174778,0.000185701825221545,0.999814298174778,1.00021540346076
-0.000212484535249888,0.999811712782538,0.000188287217461903,0.999811712782538,1.00021244452713
-0.000209566239948044,0.99980909138834,0.000190908611660062,0.99980909138834,1.00020952623195
-0.000206688024962908,0.999806433490861,0.000193566509138805,0.999806433490861,1.00020664801708
-0.000203849339825246,0.999803738581798,0.000196261418201495,0.999803738581798,1.00020380933206
-0.00020104964162605,0.999801006145771,0.00019899385422928,0.999801006145771,1.00020100963398
-0.000198288394912707,0.99979823566022,0.000201764339779629,0.99979823566022,1.00019824838739
-0.000195565071586595,0.999795426595314,0.000204573404686254,0.999795426595314,1.00019552506417
-0.000192879150802078,0.99979257841384,0.000207421586160417,0.99979257841384,1.0001928391435
-0.000190230118866895,0.999789690571106,0.000210309428893647,0.999789690571106,1.00019019011168
-0.000187617469143912,0.999786762514838,0.000213237485161894,0.999786762514838,1.00018757746207
-0.00018504070195423,0.999783793685069,0.000216206314931118,0.999783793685069,1.00018500069499
-0.000182499324481615,0.999780783514036,0.000219216485964367,0.999780783514036,1.00018245931762
-0.000179992850678248,0.99977773142607,0.000222268573930329,0.99977773142607,1.00017995284392
-0.000177520801171764,0.999774636837487,0.000225363162513406,0.999774636837487,1.00017748079452
-0.000175082703173572,0.999771499156475,0.000228500843525313,0.999771499156475,1.00017504269663
-0.000172678090388436,0.999768317782982,0.000231682217018236,0.999768317782982,1.00017263808395
-0.000170306502925284,0.9997650921086,0.000234907891399561,0.9997650921086,1.00017026649658
-0.000167967487209265,0.999761821516452,0.000238178483548204,0.999761821516452,1.00016792748097
-0.000165660595894992,0.999758505381067,0.000241494618932558,0.999758505381067,1.00016562058975
-0.000163385387780986,0.99975514306827,0.000244856931730081,0.99975514306827,1.00016334538174
-0.000161141427725302,0.999751733935051,0.000248266064948548,0.999751733935051,1.00016110142178
-0.000158928286562298,0.999748277329451,0.000251722670548998,0.999748277329451,1.00015888828071
-0.00015674554102056,0.99974477259043,0.000255227409570382,0.99974477259043,1.00015670553526
-0.000154592773641948,0.999741219047744,0.000258780952255954,0.999741219047744,1.00015455276798
-0.000152469572701757,0.999737616021819,0.000262383978181417,0.999737616021819,1.00015242956713
-0.000150375532129974,0.999733962823615,0.000266037176384854,0.999733962823615,1.00015033552665
-0.00014831025143361,0.999730258754501,0.000269741245498469,0.999730258754501,1.00014827024604
-0.000146273335620113,0.999726503106118,0.00027349689388216,0.999726503106118,1.00014623333032
-0.000144264395121816,0.999722695160241,0.000277304839758952,0.999722695160241,1.00014422438991
-0.000142283045721435,0.999718834188648,0.000281165811352313,0.999718834188648,1.00014224304059
-0.000140328908478587,0.999714919452975,0.000285080547025386,0.999714919452975,1.00014028890344
-0.000138401609657313,0.999710950204578,0.000289049795422156,0.999710950204578,1.0001383616047
-0.000136500780654601,0.999706925684389,0.00029307431561058,0.999706925684389,1.00013646077578
-0.000134626057929891,0.999702845122772,0.000297154877227712,0.999702845122772,1.00013458605314
-0.000132777082935543,0.999698707739373,0.00030129226062685,0.999698707739373,1.00013273707823
-0.000130953502048267,0.999694512742973,0.000305487257026726,0.999694512742973,1.00013091349742
-0.000129154966501488,0.999690259331337,0.000309740668662775,0.999690259331337,1.00012911496196
-0.000127381132318648,0.999685946691059,0.000314053308940509,0.999685946691059,1.00012734112785
-0.000125631660247412,0.999681573997409,0.000318426002591029,0.999681573997409,1.00012559165586
-0.000123906215694792,0.999677140414171,0.000322859585828698,0.999677140414171,1.00012386621139
-0.000122204468663149,0.999672645093489,0.000327354906511004,0.999672645093489,1.00012216446443
-0.000120526093687084,0.999668087175699,0.000331912824300661,0.999668087175699,1.00012048608953
-0.00011887076977119,0.99966346578917,0.000336534210829954,0.99966346578917,1.00011883076569
-0.00011723818032866,0.999658780050133,0.000341219949867376,0.999658780050133,1.00011719817632
-0.000115628013120738,0.999654029062513,0.000345970937486584,0.999654029062513,1.00011558800919
-0.000114039960197003,0.999649211917762,0.000350788082237709,0.999649211917762,1.00011399995634
-0.000112473717836475,0.999644327694679,0.000355672305321044,0.999644327694679,1.00011243371405
-0.000110928986489522,0.999639375459237,0.000360624540763154,0.999639375459237,1.00011088898277
-0.000109405470720574,0.999634354264405,0.000365645735595439,0.999634354264405,1.00010936546708
-0.000107902879151618,0.999629263149965,0.000370736850035177,0.999629263149965,1.00010786287558
-0.000106420924406472,0.999624101142331,0.000375898857669086,0.999624101142331,1.0001063809209
-0.000104959323055823,0.999618867254361,0.00038113274563945,0.999618867254361,1.00010491931962
-0.000103517795563018,0.999613560485167,0.000386439514832821,0.999613560485167,1.0001034777922
-0.000102096066230605,0.999608179819929,0.000391820180071363,0.999608179819929,1.00010205606293
-0.000100693863147603,0.999602724229693,0.000397275770306845,0.999602724229693,1.00010065385992
-9.9310918137498e-05,0.999597192671183,0.00040280732881734,0.999597192671183,1.00009927091497
-9.79469667069539e-05,0.999591584086593,0.000408415913406667,0.999591584086593,1.00009790696361
-9.66017479952265e-05,0.999585897403393,0.000414102596606591,0.999585897403393,1.00009656174496
-9.5275004724273e-05,0.999580131534118,0.000419868465881862,0.999580131534118,1.00009523500175
-9.39664831495469e-05,0.999574285376162,0.000425714623838084,0.999574285376162,1.00009392648024
-9.26759330114688e-05,0.999568357811567,0.000431642188432488,0.999568357811567,1.00009263593017
-9.14031074875622e-05,0.999562347706812,0.00043765229318764,0.999562347706812,1.00009136310471
-9.01477631452492e-05,0.999556253912592,0.000443746087408116,0.999556253912592,1.00009010776043
-8.89096598952917e-05,0.9995500752636,0.000449924736400199,0.9995500752636,1.00008886965724
-8.76885609458743e-05,0.999543810578305,0.000456189421694627,0.999543810578305,1.00008764855835
-8.64842327573173e-05,0.999537458658728,0.000462541341272442,0.999537458658728,1.00008644423022
-8.52964449974102e-05,0.999531018290206,0.000468981709793988,0.999531018290206,1.00008525644252
-8.41249704973612e-05,0.999524488241169,0.000475511758831088,0.999524488241169,1.00008408496808
-8.29695852083492e-05,0.999517867262898,0.000482132737102452,0.999517867262898,1.00008292958286
-8.18300681586739e-05,0.999511154089288,0.000488845910712371,0.999511154089288,1.00008179006586
-8.07062014114951e-05,0.999504347436607,0.000495652563392713,0.999504347436607,1.00008066619918
-7.95977700231498e-05,0.999497446003252,0.000502553996748309,0.999497446003252,1.00007955776785
-7.85045620020451e-05,0.999490448469494,0.000509551530505733,0.999490448469494,1.00007846455988
-7.74263682681128e-05,0.999483353497234,0.000516646502765559,0.999483353497234,1.00007738636621
-7.63629826128224e-05,0.999476159729742,0.00052384027025812,0.999476159729742,1.00007632298061
-7.53142016597438e-05,0.999468865791397,0.000531134208602822,0.999468865791397,1.00007527419971
-7.42798248256491e-05,0.999461470287429,0.000538529712571082,0.999461470287429,1.00007423982293
-7.32596542821523e-05,0.999453971803647,0.0005460281963529,0.999453971803647,1.00007321965245
-7.22534949178722e-05,0.999446368906173,0.000553631093827168,0.999446368906173,1.00007221349314
-7.12611543011175e-05,0.999438660141164,0.000561339858835714,0.999438660141164,1.00007122115257
-7.02824426430835e-05,0.999430844034539,0.000569155965461173,0.999430844034539,1.00007024244097
-6.9317172761554e-05,0.999422919091691,0.000577080908308727,0.999422919091691,1.00006927717114
-6.83651600451024e-05,0.999414883797208,0.00058511620279175,0.999414883797208,1.00006832515848
-6.74262224177835e-05,0.999406736614579,0.000593263385421443,0.999406736614579,1.00006738622091
-6.65001803043112e-05,0.999398475985899,0.000601524014100489,0.999398475985899,1.00006646017885
-6.55868565957144e-05,0.999390100331579,0.000609899668420793,0.999390100331579,1.00006554685519
-6.46860766154632e-05,0.999381608050035,0.000618391949965374,0.999381608050035,1.00006464607527
-6.37976680860628e-05,0.999372997517386,0.000627002482614441,0.999372997517386,1.00006375766679
-6.29214610961035e-05,0.999364267087144,0.000635732912855742,0.999364267087144,1.00006288145985
-6.2057288067765e-05,0.999355415089901,0.000644584910099226,0.999355415089901,1.00006201728688
-6.1204983724767e-05,0.999346439833004,0.000653560166996072,0.999346439833004,1.00006116498259
-6.03643850607586e-05,0.999337339600238,0.000662660399762174,0.999337339600238,1.00006032438397
-5.95353313081437e-05,0.999328112651494,0.000671887348506107,0.999328112651494,1.00005949533027
-5.87176639073326e-05,0.999318757222438,0.000681242777561677,0.999318757222438,1.00005867766292
-5.79112264764176e-05,0.999309271524175,0.000690728475825074,0.999309271524175,1.00005787122554
-5.71158647812644e-05,0.999299653742903,0.000700346257096727,0.999299653742903,1.0000570758639
-5.63314267060135e-05,0.999289902039572,0.00071009796042792,0.999289902039572,1.00005629142587
-5.55577622239888e-05,0.999280014549528,0.000719985450472211,0.999280014549528,1.00005551776144
-5.47947233690028e-05,0.999269989382158,0.000730010617841761,0.999269989382158,1.00005475472264
-5.40421642070591e-05,0.999259824620531,0.000740175379468598,0.999259824620531,1.00005400216353
-5.32999408084409e-05,0.999249518321029,0.000750481678970925,0.999249518321029,1.00005325994018
-5.25679112201842e-05,0.999239068512976,0.000760931487024512,0.999239068512976,1.00005252791064
-5.18459354389291e-05,0.999228473198261,0.000771526801739248,0.999228473198261,1.00005180593491
-5.11338753841432e-05,0.999217730350959,0.000782269649040952,0.999217730350959,1.00005109387491
-5.04315948717136e-05,0.999206837916942,0.000793162083058462,0.999206837916942,1.00005039159444
-4.97389595879007e-05,0.999195793813484,0.000804206186516145,0.999195793813484,1.00004969895921
-4.90558370636505e-05,0.999184595928868,0.000815404071131836,0.999184595928868,1.00004901583673
-4.83820966492596e-05,0.99917324212198,0.000826757878020317,0.99917324212198,1.00004834209637
-4.77176094893874e-05,0.999161730221898,0.000838269778102426,0.999161730221898,1.00004767760926
-4.70622484984128e-05,0.99915005802748,0.000849941972519829,0.99915005802748,1.00004702224832
-4.64158883361278e-05,0.999138223306944,0.000861776693055581,0.999138223306944,1.00004637588821
-4.57784053837662e-05,0.999126223797439,0.000873776202560524,0.999126223797439,1.0000457384053
-4.5149677720361e-05,0.999114057204614,0.000885942795385612,0.999114057204614,1.00004510967769
-4.45295850994265e-05,0.99910172120218,0.000898278797820268,0.99910172120218,1.00004448958512
-4.39180089259609e-05,0.999089213431463,0.000910786568536803,0.999089213431463,1.00004387800899
-4.3314832233764e-05,0.999076531500959,0.000923468499041053,0.999076531500959,1.00004327483235
-4.27199396630678e-05,0.999063672985871,0.000936327014129248,0.999063672985871,1.00004267993983
-4.21332174384729e-05,0.999050635427649,0.000949364572351255,0.999050635427649,1.00004209321765
-4.15545533471887e-05,0.99903741633352,0.000962583666480257,0.99903741633352,1.00004151455361
-4.09838367175726e-05,0.999024013176011,0.000975986823988955,0.999024013176011,1.00004094383703
-4.04209583979631e-05,0.999010423392468,0.000989576607532404,0.999010423392468,1.00004038095876
-3.98658107358044e-05,0.998996644384562,0.00100335561543755,0.998996644384562,1.00003982581115
-3.93182875570577e-05,0.9989826735178,0.00101732648219959,0.9989826735178,1.00003927828802
-3.87782841458945e-05,0.998968508121015,0.00103149187898519,0.998968508121015,1.00003873828466
-3.824569722467e-05,0.998954145485857,0.00104585451414277,0.998954145485857,1.00003820569779
-3.772042493417e-05,0.99893958286628,0.00106041713371983,0.99893958286628,1.00003768042555
-3.72023668141307e-05,0.998924817478013,0.00107518252198745,0.998924817478013,1.00003716236748
-3.66914237840249e-05,0.998909846498028,0.00109015350197215,0.998909846498028,1.0000366514245
-3.61874981241128e-05,0.998894667064005,0.00110533293599512,0.998894667064005,1.00003614749889
-3.56904934567523e-05,0.998879276273781,0.00112072372621886,0.998879276273781,1.00003565049427
-3.52003147279668e-05,0.998863671184798,0.00113632881520156,0.998863671184798,1.0000351603156
-3.47168681892656e-05,0.998847848813541,0.00115215118645911,0.998847848813541,1.00003467686911
-3.42400613797143e-05,0.998831806134965,0.00116819386503487,0.998831806134965,1.00003420006235
-3.37698031082509e-05,0.998815540081923,0.00118445991807749,0.998815540081923,1.00003372980413
-3.33060034362459e-05,0.998799047544573,0.00120095245542663,0.998799047544573,1.00003326600451
-3.28485736603005e-05,0.998782325369793,0.00121767463020692,0.998782325369793,1.00003280857479
-3.2397426295282e-05,0.99876537036057,0.00123462963943014,0.99876537036057,1.00003235742747
-3.19524750575921e-05,0.998748179275394,0.0012518207246057,0.998748179275394,1.00003191247629
-3.15136348486648e-05,0.99873074882764,0.00126925117235974,0.99873074882764,1.00003147363613
-3.10808217386906e-05,0.998713075684937,0.00128692431506272,0.998713075684937,1.00003104082307
-3.06539529505653e-05,0.998695156468534,0.00130484353146579,0.998695156468534,1.00003061395434
-3.02329468440578e-05,0.998676987752654,0.001323012247346,0.998676987752654,1.00003019294829
-2.98177229001967e-05,0.99865856606384,0.0013414339361604,0.99865856606384,1.00002977772439
-2.94082017058706e-05,0.998639887880291,0.00136011211970937,0.998639887880291,1.00002936820325
-2.90043049386399e-05,0.998620949631191,0.00137905036880904,0.998620949631191,1.00002896430654
-2.86059553517574e-05,0.998601747696027,0.00139825230397311,0.998601747696027,1.00002856595701
-2.82130767593947e-05,0.998582278403896,0.00141772159610415,0.998582278403896,1.00002817307847
-2.78255940220713e-05,0.998562538032806,0.00143746196719445,0.998562538032806,1.00002778559579
-2.74434330322836e-05,0.998542522808963,0.00145747719103671,0.998542522808963,1.00002740343485
-2.70665207003324e-05,0.998522228906056,0.00147777109394447,0.998522228906056,1.00002702652258
-2.66947849403432e-05,0.998501652444517,0.00149834755548266,0.998501652444517,1.00002665478687
-2.63281546564802e-05,0.998480789490792,0.00151921050920826,0.998480789490792,1.00002628815665
-2.59665597293487e-05,0.998459636056579,0.00154036394342122,0.998459636056579,1.00002592656178
-2.56099310025846e-05,0.998438188098074,0.00156181190192585,0.998438188098074,1.00002556993311
-2.52582002696278e-05,0.998416441515197,0.00158355848480278,0.998416441515197,1.00002521820243
-2.49113002606779e-05,0.998394392150808,0.00160560784919162,0.998394392150808,1.00002487130248
-2.45691646298279e-05,0.998372035789916,0.00162796421008454,0.998372035789916,1.00002452916691
-2.4231727942376e-05,0.998349368158869,0.00165063184113077,0.998349368158869,1.00002419173028
-2.38989256623105e-05,0.998326384924548,0.00167361507545243,0.998326384924548,1.00002385892806
-2.35706941399673e-05,0.998303081693528,0.00169691830647152,0.998303081693528,1.0000235306966
-2.32469705998565e-05,0.998279454011252,0.00172054598874854,0.998279454011252,1.00002320697312
-2.29276931286565e-05,0.998255497361167,0.00174450263883264,0.998255497361167,1.00002288769571
-2.26128006633728e-05,0.998231207163876,0.00176879283612366,0.998231207163876,1.0000225728033
-2.23022329796594e-05,0.998206578776254,0.00179342122374612,0.998206578776254,1.00002226223568
-2.19959306803007e-05,0.998181607490565,0.00181839250943528,0.998181607490565,1.00002195593344
-2.16938351838519e-05,0.998156288533564,0.00184371146643562,0.998156288533564,1.00002165383801
-2.13958887134342e-05,0.998130617065588,0.00186938293441168,0.998130617065588,1.0000213558916
-2.1102034285686e-05,0.998104588179628,0.00189541182037161,0.998104588179628,1.00002106203724
-2.08122156998634e-05,0.998078196900396,0.00192180309960354,0.998078196900396,1.00002077221872
-2.05263775270925e-05,0.998051438183375,0.00194856181662493,0.998051438183375,1.00002048638061
-2.02444650997681e-05,0.998024306913855,0.00197569308614509,0.998024306913855,1.00002020446825
-1.99664245010979e-05,0.997996797905959,0.00200320209404111,0.997996797905959,1.00001992642772
-1.96922025547917e-05,0.997968905901653,0.00203109409834724,0.997968905901653,1.00001965220584
-1.94217468148902e-05,0.997940625569742,0.00205937443025815,0.997940625569742,1.00001938175017
-1.91550055557353e-05,0.997911951504854,0.00208804849514593,0.997911951504854,1.00001911500898
-1.88919277620767e-05,0.997882878226409,0.0021171217735914,0.997882878226409,1.00001885193125
-1.86324631193156e-05,0.99785340017757,0.00214659982242954,0.99785340017757,1.00001859246668
-1.83765620038817e-05,0.99782351172419,0.00217648827580961,0.99782351172419,1.00001833656563
-1.81241754737424e-05,0.99779320715373,0.00220679284626981,0.99779320715373,1.00001808417917
-1.78752552590424e-05,0.997762480674173,0.002237519325827,0.997762480674173,1.00001783525903
-1.7629753752872e-05,0.997731326412919,0.00226867358708144,0.997731326412919,1.0000175897576
-1.73876240021625e-05,0.997699738415663,0.00230026158433689,0.997699738415663,1.00001734762792
-1.71488196987054e-05,0.997667710645264,0.00233228935473628,0.997667710645264,1.00001710882369
-1.69132951702965e-05,0.997635236980587,0.00236476301941305,0.997635236980587,1.00001687329924
-1.66810053720006e-05,0.997602311215341,0.00239768878465856,0.997602311215341,1.00001664100951
-1.64519058775366e-05,0.997568927056894,0.00243107294310566,0.997568927056894,1.00001641191009
-1.62259528707809e-05,0.997535078125071,0.00246492187492861,0.997535078125071,1.00001618595716
-1.6003103137387e-05,0.99750075795094,0.00249924204905976,0.99750075795094,1.00001596310751
-1.57833140565212e-05,0.997465959975577,0.00253404002442299,0.997465959975577,1.00001574331851
-1.55665435927106e-05,0.997430677548816,0.00256932245118433,0.997430677548816,1.00001552654812
-1.53527502878042e-05,0.99739490392798,0.00260509607201994,0.99739490392798,1.0000153127549
-1.51418932530435e-05,0.997358632276598,0.00264136772340154,0.997358632276598,1.00001510189795
-1.49339321612425e-05,0.9973218556631,0.00267814433689982,0.9973218556631,1.00001489393694
-1.4728827239075e-05,0.997284567059494,0.00271543294050588,0.997284567059494,1.0000146888321
-1.45265392594678e-05,0.997246759340029,0.00275324065997086,0.997246759340029,1.0000144865442
-1.43270295340983e-05,0.997208425279836,0.00279157472016437,0.997208425279836,1.00001428703456
-1.41302599059953e-05,0.997169557553548,0.00283044244645153,0.997169557553548,1.00001409026502
-1.39361927422414e-05,0.997130148733911,0.00286985126608927,0.997130148733911,1.00001389619794
-1.37447909267754e-05,0.997090191290358,0.00290980870964183,0.997090191290358,1.00001370479621
-1.35560178532937e-05,0.997049677587584,0.00295032241241601,0.997049677587584,1.00001351602323
-1.33698374182495e-05,0.997008599884084,0.00299140011591625,0.997008599884084,1.00001332984289
-1.31862140139475e-05,0.99696695033068,0.00303304966931982,0.99696695033068,1.00001314621957
-1.30051125217341e-05,0.996924720969027,0.00307527903097259,0.996924720969027,1.00001296511817
-1.28264983052806e-05,0.996881903730095,0.00311809626990538,0.996881903730095,1.00001278650405
-1.2650337203959e-05,0.996838490432629,0.00316150956737138,0.996838490432629,1.00001261034304
-1.24765955263087e-05,0.996794472781595,0.0032055272184049,0.996794472781595,1.00001243660146
-1.23052400435926e-05,0.996749842366598,0.00325015763340165,0.996749842366598,1.00001226524607
-1.21362379834424e-05,0.996704590660279,0.00329540933972093,0.996704590660279,1.00001209624411
-1.19695570235904e-05,0.99665870901669,0.00334129098331006,0.99665870901669,1.00001192956325
-1.18051652856881e-05,0.996612188669649,0.00338781133035118,0.996612188669649,1.00001176517161
-1.16430313292088e-05,0.996565020731069,0.00343497926893103,0.996565020731069,1.00001160303776
-1.14831241454351e-05,0.996517196189266,0.00348280381073367,0.996517196189266,1.00001144313068
-1.13254131515281e-05,0.996468705907243,0.00353129409275677,0.996468705907243,1.00001128541979
-1.11698681846782e-05,0.996419540620948,0.00358045937905162,0.996419540620948,1.00001112987493
-1.10164594963366e-05,0.996369690937513,0.00363030906248717,0.996369690937513,1.00001097646634
-1.08651577465254e-05,0.996319147333461,0.00368085266653859,0.996319147333461,1.0000108251647
-1.07159339982267e-05,0.9962679001529,0.00373209984710045,0.9962679001529,1.00001067594106
-1.05687597118481e-05,0.996215939605675,0.00378406039432519,0.996215939605675,1.00001052876689
-1.0423606739764e-05,0.996163255765513,0.00383674423448682,0.996163255765513,1.00001038361403
-1.02804473209331e-05,0.99610983856813,0.0038901614318705,0.99610983856813,1.00001024045472
-1.01392540755881e-05,0.996055677809312,0.00394432219068833,0.996055677809312,1.00001009926159
-1e-05,0.996000763142978,0.00399923685702149,0.996000763142978,1.00000996000763
-9.86265846131283e-06,0.995945084079211,0.00405491592078941,0.995945084079211,1.00000982266621
-9.72720319245054e-06,0.995888629982254,0.00411137001774605,0.995888629982254,1.00000968721106
-9.59360828709315e-06,0.995831390068496,0.00416860993150382,0.995831390068496,1.00000955361628
-9.46184819472199e-06,0.995773353404414,0.00422664659558554,0.995773353404414,1.00000942185631
-9.33189771573324e-06,0.995714508904495,0.0042854910955047,0.995714508904495,1.00000929190595
-9.20373199661823e-06,0.995654845329125,0.00434515467087454,0.995654845329125,1.00000916374036
-9.07732652521022e-06,0.995594351282454,0.00440564871754626,0.995594351282454,1.00000903733501
-8.9526571259964e-06,0.995533015210223,0.00446698478977675,0.995533015210223,1.00000891266574
-8.82969995549408e-06,0.995470825397574,0.00452917460242633,0.995470825397574,1.0000087897087
-8.70843149769072e-06,0.995407769966813,0.00459223003318687,0.995407769966813,1.00000866844038
-8.58882855954626e-06,0.995343836875159,0.00465616312484066,0.995343836875159,1.00000854883757
-8.4708682665574e-06,0.99527901391245,0.00472098608755047,0.99527901391245,1.00000843087742
-8.35452805838287e-06,0.995213288698819,0.00478671130118132,0.995213288698819,1.00000831453734
-8.23978568452851e-06,0.995146648682346,0.00485335131765428,0.995146648682346,1.00000819979511
-8.12661920009195e-06,0.995079081136667,0.00492091886333272,0.995079081136667,1.00000808662877
-8.01500696156541e-06,0.995010573158558,0.00498942684144163,0.995010573158558,1.00000797501667
-7.90492762269642e-06,0.99494111166548,0.00505888833452029,0.99494111166548,1.00000786493748
-7.79636013040524e-06,0.994870683393091,0.00512931660690872,0.994870683393091,1.00000775637013
-7.68928372075831e-06,0.994799274892731,0.00520072510726863,0.994799274892731,1.00000764929387
-7.58367791499719e-06,0.994726872528861,0.00527312747113897,0.994726872528861,1.00000754368821
-7.47952251562183e-06,0.994653462476473,0.00534653752352692,0.994653462476473,1.00000743953297
-7.37679760252773e-06,0.994579030718466,0.00542096928153451,0.994579030718466,1.00000733680821
-7.27548352919622e-06,0.994503563042978,0.00549643695702153,0.994503563042978,1.00000723549429
-7.17556091893692e-06,0.994427045040695,0.00557295495930516,0.994427045040695,1.00000713557184
-7.07701066118189e-06,0.994349462102103,0.00565053789789689,0.994349462102103,1.00000703702174
-6.97981390783067e-06,0.994270799414723,0.00572920058527706,0.994270799414723,1.00000693982515
-6.8839520696455e-06,0.994191041960292,0.00580895803970782,0.994191041960292,1.00000684396348
-6.7894068126961e-06,0.994110174511915,0.00588982548808468,0.994110174511915,1.00000674941839
-6.69616005485322e-06,0.994028181631172,0.00597181836882755,0.994028181631172,1.0000066561718
-6.60419396233031e-06,0.993945047665188,0.00605495233481155,0.993945047665188,1.00000656420588
-6.51349094627281e-06,0.993860756743662,0.00613924325633817,0.993860756743662,1.00000647350304
-6.42403365939419e-06,0.993775292775853,0.0062247072241474,0.993775292775853,1.00000638404593
-6.33580499265824e-06,0.993688639447529,0.00631136055247137,0.993688639447529,1.00000629581744
-6.24878807200689e-06,0.99360078021787,0.00639921978213002,0.99360078021787,1.0000062088007
-6.16296625513294e-06,0.993511698316331,0.00648830168366945,0.993511698316331,1.00000612297907
-6.07832312829724e-06,0.993421376739457,0.00657862326054341,0.993421376739457,1.00000603833613
-5.99484250318941e-06,0.993329798247661,0.00667020175233866,0.993329798247661,1.00000595485569
-5.91250841383187e-06,0.993236945361955,0.0067630546380446,0.993236945361955,1.0000058725218
-5.83130511352622e-06,0.993142800360632,0.00685719963936809,0.993142800360632,1.00000579131869
-5.75121707184161e-06,0.993047345275906,0.00695265472409371,0.993047345275906,1.00000571123085
-5.67222897164455e-06,0.99295056189051,0.00704943810949031,0.99295056189051,1.00000563224294
-5.59432570616938e-06,0.992852431734236,0.00714756826576446,0.992852431734236,1.00000555433988
-5.51749237612912e-06,0.992752936080439,0.00724706391956121,0.992752936080439,1.00000547750676
-5.44171428686589e-06,0.992652055942487,0.00734794405751323,0.992652055942487,1.00000540172887
-5.36697694554048e-06,0.992549772070161,0.00745022792983856,0.992549772070161,1.00000532699174
-5.29326605836057e-06,0.992446064946012,0.00755393505398786,0.992446064946012,1.00000525328107
-5.22056752784698e-06,0.992340914781658,0.00765908521834177,0.992340914781658,1.00000518058276
-5.14886745013749e-06,0.992234301514041,0.00776569848595903,0.992234301514041,1.0000051088829
-5.07815211232767e-06,0.992126204801624,0.00787379519837611,0.992126204801624,1.00000503816778
-5.00840798984821e-06,0.992016604020541,0.00798339597945907,0.992016604020541,1.00000496842389
-4.93962174387833e-06,0.991905478260692,0.00809452173930815,0.991905478260692,1.00000489963787
-4.87178021879463e-06,0.991792806321784,0.00820719367821611,0.991792806321784,1.00000483179658
-4.80487043965512e-06,0.991678566709319,0.00832143329068073,0.991678566709319,1.00000476488703
-4.73887960971765e-06,0.991562737630527,0.0084372623694725,0.991562737630527,1.00000469889644
-4.67379510799246e-06,0.991445296990242,0.00855470300975804,0.991445296990242,1.00000463381218
-4.60960448682844e-06,0.99132622238672,0.00867377761328003,0.99132622238672,1.0000045696218
-4.5462954695324e-06,0.991205491107406,0.0087945088925945,0.991205491107406,1.00000450631303
-4.48385594802118e-06,0.991083080124634,0.00891691987536612,0.991083080124634,1.00000444387376
-4.4222739805059e-06,0.990958966091278,0.0090410339087224,0.990958966091278,1.00000438229205
-4.36153778920801e-06,0.990833125336332,0.00916687466366758,0.990833125336332,1.00000432155612
-4.3016357581068e-06,0.990705533860443,0.00929446613955684,0.990705533860443,1.00000426165435
-4.24255643071778e-06,0.990576167331368,0.00942383266863188,0.990576167331368,1.00000420257529
-4.18428850790158e-06,0.990445001079381,0.00955499892061848,0.990445001079381,1.00000414430764
-4.12682084570295e-06,0.990312010092613,0.00968798990738705,0.990312010092613,1.00000408684025
-4.07014245321944e-06,0.990177169012323,0.00982283098767696,0.990177169012323,1.00000403016213
-4.01424249049933e-06,0.990040452128115,0.00995954787188535,0.990040452128115,1.00000397426245
-3.95911026646846e-06,0.989901833373078,0.0100981666269216,0.989901833373078,1.00000391913051
-3.90473523688556e-06,0.989761286318872,0.0102387136811277,0.989761286318872,1.00000386475577
-3.85110700232557e-06,0.989618784170733,0.0103812158292669,0.989618784170733,1.00000381112783
-3.79821530619074e-06,0.989474299762421,0.0105257002375788,0.989474299762421,1.00000375823643
-3.746050032749e-06,0.989327805551095,0.0106721944489053,0.989327805551095,1.00000370607146
-3.6946012051993e-06,0.989179273612115,0.0108207263878854,0.989179273612115,1.00000365462294
-3.64385898376354e-06,0.989028675633779,0.010971324366221,0.989028675633779,1.00000360388102
-3.59381366380463e-06,0.988875982911985,0.0111240170880145,0.988875982911985,1.00000355383602
-3.54445567397044e-06,0.98872116634482,0.0112788336551803,0.98872116634482,1.00000350447835
-3.49577557436328e-06,0.988564196427072,0.011435803572928,0.988564196427072,1.00000345579857
-3.44776405473446e-06,0.988405043244678,0.0115949567553224,0.988405043244678,1.00000340778738
-3.4004119327037e-06,0.988243676469082,0.0117563235309176,0.988243676469082,1.00000336043559
-3.35371015200293e-06,0.988080065351531,0.0119199346484689,0.988080065351531,1.00000331373415
-3.30764978074424e-06,0.987914178717278,0.0120858212827222,0.987914178717278,1.00000326767412
-3.26222200971167e-06,0.987745984959718,0.0122540150402819,0.987745984959718,1.00000322224669
-3.21741815067637e-06,0.987575452034442,0.0124245479655585,0.987575452034442,1.00000317744318
-3.17322963473497e-06,0.987402547453202,0.0125974525467978,0.987402547453202,1.00000313325503
-3.12964801067075e-06,0.987227238277809,0.0127727617221914,0.987227238277809,1.00000308967376
-3.08666494333727e-06,0.98704949111393,0.0129505088860704,0.98704949111393,1.00000304669106
-3.04427221206431e-06,0.986869272104817,0.013130727895183,0.986869272104817,1.0000030042987
-3.00246170908555e-06,0.986686546924942,0.0133134530750579,0.986686546924942,1.00000296248858
-2.96122543798803e-06,0.986501280773546,0.0134987192264535,0.986501280773546,1.00000292125269
-2.92055551218274e-06,0.986313438368106,0.0136865616318945,0.986313438368106,1.00000288058315
-2.8804441533963e-06,0.986122983937702,0.0138770160622976,0.986122983937702,1.00000284047218
-2.84088369018331e-06,0.985929881216313,0.0140701187836867,0.985929881216313,1.00000280091212
-2.8018665564592e-06,0.985734093436001,0.0142659065639988,0.985734093436001,1.00000276189539
-2.76338529005317e-06,0.985535583320017,0.0144644166799827,0.985535583320017,1.00000272341453
-2.72543253128103e-06,0.98533431307581,0.0146656869241901,0.98533431307581,1.00000268546219
-2.68800102153761e-06,0.985130244387938,0.014869755612062,0.985130244387938,1.0000026480311
-2.65108360190854e-06,0.984923338410889,0.015076661589111,0.984923338410889,1.00000261111411
-2.61467321180109e-06,0.9847135557618,0.0152864442381998,0.9847135557618,1.00000257470416
-2.5787628875938e-06,0.984500856513082,0.0154991434869183,0.984500856513082,1.00000253879427
-2.54334576130465e-06,0.984285200184939,0.0157147998150611,0.984285200184939,1.00000250337759
-2.50841505927754e-06,0.984066545737795,0.0159334542622046,0.984066545737795,1.00000246844734
-2.47396410088682e-06,0.983844851564613,0.016155148435387,0.983844851564613,1.00000243399684
-2.43998629725955e-06,0.983620075483108,0.0163799245168915,0.983620075483108,1.00000240001951
-2.40647515001542e-06,0.983392174727866,0.0166078252721344,0.983392174727866,1.00000236650883
-2.37342425002387e-06,0.983161105942341,0.0168388940576592,0.983161105942341,1.00000233345841
-2.34082727617829e-06,0.982926825170762,0.0170731748292385,0.982926825170762,1.00000230086192
-2.30867799418717e-06,0.982689287849916,0.0173107121500844,0.982689287849916,1.00000226871313
-2.27697025538168e-06,0.98244844880083,0.0175515511991696,0.98244844880083,1.0000022370059
-2.24569799553977e-06,0.98220426222034,0.0177957377796596,0.98220426222034,1.00000220573414
-2.21485523372636e-06,0.981956681672541,0.0180433183274587,0.981956681672541,1.0000021748919
-2.18443607114943e-06,0.98170566008013,0.0182943399198701,0.98170566008013,1.00000214447325
-2.15443469003189e-06,0.981451149715628,0.0185488502843721,0.981451149715628,1.0000021144724
-2.12484535249888e-06,0.981193102192488,0.0188068978075117,0.981193102192488,1.0000020848836
-2.09566239948043e-06,0.980931468456083,0.0190685315439173,0.980931468456083,1.00000205570119
-2.06688024962908e-06,0.980666198774568,0.0193338012254319,0.980666198774568,1.0000020269196
-2.03849339825246e-06,0.980397242729632,0.0196027572703681,0.980397242729632,1.00000199853331
-2.0104964162605e-06,0.980124549207113,0.0198754507928868,0.980124549207113,1.00000197053689
-1.98288394912707e-06,0.979848066387499,0.0201519336125008,0.979848066387499,1.000001942925
-1.95565071586595e-06,0.979567741736295,0.0204322582637047,0.979567741736295,1.00000191569236
-1.92879150802078e-06,0.979283521994266,0.0207164780057341,0.979283521994266,1.00000188883374
-1.90230118866895e-06,0.978995353167546,0.0210046468324535,0.978995353167546,1.00000186234402
-1.87617469143912e-06,0.978703180517624,0.021296819482376,0.978703180517624,1.00000183621814
-1.8504070195423e-06,0.978406948551184,0.0215930514488163,0.978406948551184,1.00000181045109
-1.82499324481615e-06,0.978106601009822,0.0218933989901776,0.978106601009822,1.00000178503794
-1.79992850678248e-06,0.977802080859624,0.0221979191403761,0.977802080859624,1.00000175997384
-1.77520801171764e-06,0.977493330280597,0.0225066697194025,0.977493330280597,1.00000173525399
-1.75082703173573e-06,0.977180290655977,0.0228197093440234,0.977180290655977,1.00000171087367
-1.72678090388436e-06,0.976862902561375,0.0231370974386248,0.976862902561375,1.00000168682821
-1.70306502925284e-06,0.976541105753803,0.0234588942461974,0.976541105753803,1.00000166311301
-1.67967487209265e-06,0.976214839160532,0.0237851608394685,0.976214839160532,1.00000163972354
-1.65660595894992e-06,0.975884040867821,0.024115959132179,0.975884040867821,1.00000161665532
-1.63385387780986e-06,0.97554864810949,0.0244513518905101,0.97554864810949,1.00000159390394
-1.61141427725302e-06,0.975208597255341,0.0247914027446589,0.975208597255341,1.00000157146506
-1.58928286562298e-06,0.974863823799433,0.0251361762005673,0.974863823799433,1.00000154933437
-1.5674554102056e-06,0.974514262348196,0.0254857376518036,0.974514262348196,1.00000152750765
-1.54592773641948e-06,0.974159846608399,0.0258401533916007,0.974159846608399,1.00000150598073
-1.52469572701758e-06,0.973800509374949,0.0261994906250511,0.973800509374949,1.00000148474948
-1.50375532129974e-06,0.973436182518539,0.0265638174814614,0.973436182518539,1.00000146380984
-1.4831025143361e-06,0.973066796973132,0.0269332030268684,0.973066796973132,1.00000144315781
-1.46273335620113e-06,0.972692282723282,0.0273077172767178,0.972692282723282,1.00000142278945
-1.44264395121816e-06,0.972312568791292,0.0276874312087083,0.972312568791292,1.00000140270085
-1.42283045721435e-06,0.971927583224198,0.0280724167758024,0.971927583224198,1.00000138288817
-1.40328908478587e-06,0.971537253080594,0.0284627469194061,0.971537253080594,1.00000136334762
-1.38401609657313e-06,0.97114150441728,0.0288584955827197,0.97114150441728,1.00000134407547
-1.36500780654601e-06,0.970740262275739,0.0292597377242606,0.970740262275739,1.00000132506804
-1.34626057929891e-06,0.970333450668438,0.0296665493315618,0.970333450668438,1.00000130632167
-1.32777082935543e-06,0.969920992564954,0.0300790074350463,0.969920992564954,1.0000012878328
-1.30953502048267e-06,0.969502809877919,0.0304971901220808,0.969502809877919,1.00000126959788
-1.29154966501488e-06,0.969078823448791,0.0309211765512092,0.969078823448791,1.00000125161343
-1.27381132318648e-06,0.96864895303343,0.0313510469665701,0.96864895303343,1.000001233876
-1.25631660247412e-06,0.968213117287502,0.0317868827124977,0.968213117287502,1.00000121638221
-1.23906215694792e-06,0.96777123375169,0.0322287662483104,0.96777123375169,1.00000119912871
-1.22204468663149e-06,0.967323218836713,0.0326767811632874,0.967323218836713,1.0000011821122
-1.20526093687084e-06,0.966868987808163,0.0331310121918369,0.966868987808163,1.00000116532942
-1.1887076977119e-06,0.966408454771143,0.0335915452288567,0.966408454771143,1.00000114877717
-1.1723818032866e-06,0.96594153265471,0.0340584673452896,0.96594153265471,1.00000113245228
-1.15628013120738e-06,0.965468133196124,0.0345318668038765,0.965468133196124,1.00000111635162
-1.14039960197003e-06,0.964988166924893,0.0350118330751075,0.964988166924893,1.00000110047212
-1.12473717836475e-06,0.964501543146625,0.0354984568533754,0.964501543146625,1.00000108481074
-1.10928986489522e-06,0.964008169926669,0.035991830073331,0.964008169926669,1.00000106936449
-1.09405470720574e-06,0.963507954073554,0.0364920459264454,0.963507954073554,1.00000105413041
-1.07902879151618e-06,0.963000801122222,0.036999198877778,0.963000801122222,1.00000103910559
-1.06420924406472e-06,0.962486615317045,0.0375133846829548,0.962486615317045,1.00000102428715
-1.04959323055823e-06,0.961965299594642,0.0380347004053584,0.961965299594642,1.00000100967227
-1.03517795563018e-06,0.961436755566469,0.0385632444335311,0.961436755566469,1.00000099525814
-1.02096066230605e-06,0.960900883501206,0.0390991164987942,0.960900883501206,1.000000981042
-1.00693863147603e-06,0.960357582306915,0.0396424176930847,0.960357582306915,1.00000096702115
-9.9310918137498e-07,0.959806749512989,0.0401932504870114,0.959806749512989,1.0000009531929
-9.79469667069539e-07,0.959248281251866,0.0407517187481342,0.959248281251866,1.00000093955459
-9.66017479952265e-07,0.958682072240534,0.0413179277594659,0.958682072240534,1.00000092610364
-9.5275004724273e-07,0.958108015761799,0.0418919842382006,0.958108015761799,1.00000091283746
-9.39664831495469e-07,0.95752600364533,0.0424739963546701,0.95752600364533,1.00000089975351
-9.26759330114688e-07,0.95693592624847,0.04306407375153,0.95693592624847,1.0000008868493
-9.14031074875622e-07,0.956337672436822,0.0436623275631781,0.956337672436822,1.00000087412235
-9.01477631452492e-07,0.955731129564594,0.044268870435406,0.955731129564594,1.00000086157023
-8.89096598952917e-07,0.955116183454712,0.0448838165452877,0.955116183454712,1.00000084919055
-8.76885609458743e-07,0.954492718378695,0.0455072816213047,0.954492718378695,1.00000083698093
-8.64842327573173e-07,0.953860617036288,0.0461393829637119,0.953860617036288,1.00000082493904
-8.52964449974102e-07,0.953219760534856,0.0467802394651442,0.953219760534856,1.00000081306257
-8.41249704973612e-07,0.952570028368533,0.0474299716314668,0.952570028368533,1.00000080134926
-8.29695852083491e-07,0.951911298397129,0.0480887016028711,0.951911298397129,1.00000078979686
-8.18300681586739e-07,0.951243446824783,0.0487565531752167,0.951243446824783,1.00000077840316
-8.07062014114951e-07,0.950566348178378,0.0494336518216224,0.950566348178378,1.00000076716599
-7.95977700231498e-07,0.949879875285692,0.0501201247143079,0.949879875285692,1.0000007560832
-7.85045620020451e-07,0.949183899253313,0.050816100746687,0.949183899253313,1.00000074515266
-7.74263682681128e-07,0.948478289444285,0.0515217105557145,0.948478289444285,1.00000073437229
-7.63629826128224e-07,0.947762913455512,0.0522370865444881,0.947762913455512,1.00000072374003
-7.53142016597438e-07,0.947037637094893,0.0529623629051068,0.947037637094893,1.00000071325384
-7.42798248256491e-07,0.946302324358213,0.0536976756417873,0.946302324358213,1.00000070291171
-7.32596542821523e-07,0.94555683740576,0.0544431625942396,0.94555683740576,1.00000069271167
-7.22534949178722e-07,0.944801036538697,0.0551989634613031,0.944801036538697,1.00000068265177
-7.12611543011174e-07,0.944034780175156,0.0559652198248444,0.944034780175156,1.00000067273008
-7.02824426430834e-07,0.943257924826083,0.0567420751739172,0.943257924826083,1.00000066294471
-6.9317172761554e-07,0.942470325070813,0.0575296749291872,0.942470325070813,1.00000065329378
-6.83651600451024e-07,0.941671833532379,0.0583281664676211,0.941671833532379,1.00000064377546
-6.74262224177835e-07,0.94086230085256,0.0591376991474402,0.94086230085256,1.00000063438791
-6.65001803043112e-07,0.940041575666658,0.0599584243333415,0.940041575666658,1.00000062512934
-6.55868565957142e-07,0.939209504578015,0.0607904954219847,0.939209504578015,1.00000061599799
-6.46860766154632e-07,0.938365932132254,0.0616340678677463,0.938365932132254,1.00000060699211
-6.37976680860628e-07,0.937510700791258,0.062489299208742,0.937510700791258,1.00000059810997
-6.29214610961035e-07,0.936643650906884,0.0633563490931162,0.936643650906884,1.00000058934987
-6.2057288067765e-07,0.935764620694401,0.0642353793055989,0.935764620694401,1.00000058071015
-6.12049837247669e-07,0.934873446205669,0.0651265537943305,0.934873446205669,1.00000057218914
-6.03643850607586e-07,0.933969961302046,0.0660300386979545,0.933969961302046,1.00000056378522
-5.95353313081437e-07,0.933053997627024,0.066946002372976,0.933053997627024,1.00000055549679
-5.87176639073326e-07,0.932125384578613,0.0678746154213873,0.932125384578613,1.00000054732225
-5.79112264764176e-07,0.931183949281442,0.0688160507185581,0.931183949281442,1.00000053926005
-5.71158647812642e-07,0.93022951655861,0.0697704834413901,0.93022951655861,1.00000053130863
-5.63314267060135e-07,0.929261908903265,0.0707380910967348,0.929261908903265,1.00000052346649
-5.55577622239888e-07,0.928280946449927,0.0717190535500732,0.928280946449927,1.00000051573212
-5.47947233690029e-07,0.927286446945546,0.0727135530544544,0.927286446945546,1.00000050810404
-5.40421642070592e-07,0.926278225720308,0.0737217742796919,0.926278225720308,1.0000005005808
-5.32999408084408e-07,0.925256095658184,0.0747439043418156,0.925256095658184,1.00000049316095
-5.25679112201842e-07,0.924219867167224,0.0757801328327763,0.924219867167224,1.00000048584308
-5.18459354389291e-07,0.923169348149599,0.0768306518504011,0.923169348149599,1.00000047862578
-5.11338753841433e-07,0.922104343971407,0.0778956560285932,0.922104343971407,1.00000047150769
-5.04315948717136e-07,0.921024657432223,0.0789753425677767,0.921024657432223,1.00000046448742
-4.97389595879006e-07,0.919930088734421,0.080069911265579,0.919930088734421,1.00000045756366
-4.90558370636505e-07,0.918820435452251,0.0811795645477488,0.918820435452251,1.00000045073506
-4.83820966492596e-07,0.917695492500696,0.0823045074993041,0.917695492500696,1.00000044400032
-4.77176094893875e-07,0.916555052104096,0.0834449478959037,0.916555052104096,1.00000043735816
-4.70622484984128e-07,0.915398903764561,0.084601096235439,0.915398903764561,1.00000043080731
-4.64158883361277e-07,0.914226834230162,0.0857731657698376,0.914226834230162,1.00000042434651
-4.57784053837662e-07,0.913038627462926,0.0869613725370739,0.913038627462926,1.00000041797452
-4.5149677720361e-07,0.911834064606621,0.0881659353933786,0.911834064606621,1.00000041169014
-4.45295850994266e-07,0.910612923954361,0.0893870760456393,0.910612923954361,1.00000040549216
-4.39180089259609e-07,0.909374980916016,0.0906250190839839,0.909374980916016,1.00000039937939
-4.33148322337639e-07,0.908120007985463,0.0918799920145371,0.908120007985463,1.00000039335066
-4.27199396630678e-07,0.906847774707657,0.0931522252923426,0.906847774707657,1.00000038740482
-4.21332174384729e-07,0.905558047645562,0.0944419523544383,0.905558047645562,1.00000038154074
-4.15545533471888e-07,0.904250590346926,0.0957494096530737,0.904250590346926,1.00000037575729
-4.09838367175726e-07,0.902925163310942,0.0970748366890578,0.902925163310942,1.00000037005337
-4.0420958397963e-07,0.901581523954774,0.0984184760452256,0.901581523954774,1.00000036442789
-3.98658107358044e-07,0.900219426579992,0.0997805734200076,0.900219426579992,1.00000035887977
-3.93182875570577e-07,0.898838622338909,0.101161377661091,0.898838622338909,1.00000035340795
-3.87782841458946e-07,0.897438859200849,0.102561140799151,0.897438859200849,1.00000034801139
-3.824569722467e-07,0.896019881918357,0.103980118081643,0.896019881918357,1.00000034268905
-3.77204249341699e-07,0.894581431993368,0.105418568006632,0.894581431993368,1.00000033743992
-3.72023668141307e-07,0.893123247643357,0.106876752356643,0.893123247643357,1.00000033226299
-3.66914237840249e-07,0.891645063767486,0.108354936232514,0.891645063767486,1.00000032715727
-3.61874981241128e-07,0.89014661191278,0.10985338808722,0.89014661191278,1.00000032212179
-3.56904934567523e-07,0.888627620240335,0.111372379759665,0.888627620240335,1.00000031715558
-3.52003147279668e-07,0.887087813491607,0.112912186508393,0.887087813491607,1.0000003122577
-3.47168681892656e-07,0.885526912954785,0.114473087045215,0.885526912954785,1.00000030742721
-3.42400613797143e-07,0.883944636431293,0.116055363568707,0.883944636431293,1.00000030266319
-3.37698031082509e-07,0.88234069820244,0.11765930179756,0.88234069820244,1.00000029796472
-3.33060034362459e-07,0.880714808996254,0.119285191003746,0.880714808996254,1.0000002933309
-3.28485736603004e-07,0.879066675954527,0.120933324045473,0.879066675954527,1.00000028876086
-3.2397426295282e-07,0.87739600260012,0.12260399739988,0.87739600260012,1.00000028425372
-3.19524750575921e-07,0.875702488804542,0.124297511195458,0.875702488804542,1.00000027980862
-3.15136348486648e-07,0.873985830755869,0.126014169244131,0.873985830755869,1.0000002754247
-3.10808217386906e-07,0.872245720927027,0.127754279072973,0.872245720927027,1.00000027110114
-3.06539529505652e-07,0.870481848044486,0.129518151955514,0.870481848044486,1.0000002668371
-3.02329468440578e-07,0.868693897057421,0.131306102942579,0.868693897057421,1.00000026263176
-2.98177229001967e-07,0.866881549107381,0.133118450892619,0.866881549107381,1.00000025848434
-2.94082017058707e-07,0.865044481498522,0.134955518501478,0.865044481498522,1.00000025439403
-2.90043049386399e-07,0.863182367668464,0.136817632331536,0.863182367668464,1.00000025036005
-2.86059553517574e-07,0.86129487715983,0.13870512284017,0.86129487715983,1.00000024638163
-2.82130767593947e-07,0.859381675592523,0.140618324407477,0.859381675592523,1.00000024245801
-2.78255940220713e-07,0.857442424636823,0.142557575363177,0.857442424636823,1.00000023858845
-2.74434330322837e-07,0.855476781987367,0.144523218012633,0.855476781987367,1.0000002347722
-2.70665207003324e-07,0.853484401338082,0.146515598661918,0.853484401338082,1.00000023100853
-2.66947849403432e-07,0.85146493235817,0.14853506764183,0.85146493235817,1.00000022729673
-2.63281546564802e-07,0.849418020669209,0.150581979330791,0.849418020669209,1.00000022363609
-2.59665597293487e-07,0.847343307823472,0.152656692176528,0.847343307823472,1.00000022002591
-2.56099310025846e-07,0.84524043128357,0.15475956871643,0.84524043128357,1.00000021646549
-2.52582002696278e-07,0.843109024403493,0.156890975596507,0.843109024403493,1.00000021295417
-2.49113002606779e-07,0.840948716411192,0.159051283588808,0.840948716411192,1.00000020949126
-2.45691646298279e-07,0.838759132392783,0.161240867607217,0.838759132392783,1.00000020607611
-2.4231727942376e-07,0.836539893278528,0.163460106721472,0.836539893278528,1.00000020270807
-2.38989256623105e-07,0.834290615830692,0.165709384169308,0.834290615830692,1.00000019938649
-2.35706941399673e-07,0.832010912633437,0.167989087366563,0.832010912633437,1.00000019611075
-2.32469705998565e-07,0.829700392084889,0.170299607915111,0.829700392084889,1.00000019288021
-2.29276931286565e-07,0.82735865839153,0.17264134160847,0.82735865839153,1.00000018969425
-2.26128006633728e-07,0.824985311565083,0.175014688434916,0.824985311565083,1.00000018655228
-2.23022329796594e-07,0.822579947422077,0.177420052577923,0.822579947422077,1.0000001834537
-2.19959306803007e-07,0.820142157586248,0.179857842413752,0.820142157586248,1.0000001803979
-2.16938351838518e-07,0.817671529494009,0.182328470505991,0.817671529494009,1.00000017738431
-2.13958887134342e-07,0.815167646403172,0.184832353596828,0.815167646403172,1.00000017441236
-2.1102034285686e-07,0.812630087405154,0.187369912594847,0.812630087405154,1.00000017148148
-2.08122156998634e-07,0.81005842744091,0.18994157255909,0.81005842744091,1.00000016859111
-2.05263775270925e-07,0.807452237320837,0.192547762679163,0.807452237320837,1.00000016574069
-2.0244465099768e-07,0.804811083748917,0.195188916251083,0.804811083748917,1.0000001629297
-1.99664245010979e-07,0.80213452935139,0.19786547064861,0.80213452935139,1.00000016015759
-1.96922025547917e-07,0.79942213271025,0.20057786728975,0.79942213271025,1.00000015742383
-1.94217468148903e-07,0.796673448401901,0.203326551598099,0.796673448401901,1.0000001547279
-1.91550055557353e-07,0.793888027041303,0.206111972958697,0.793888027041303,1.0000001520693
-1.88919277620766e-07,0.791065415331979,0.208934584668021,0.791065415331979,1.00000014944751
-1.86324631193156e-07,0.788205156122274,0.211794843877726,0.788205156122274,1.00000014686203
-1.83765620038817e-07,0.78530678846827,0.21469321153173,0.78530678846827,1.00000014431239
-1.81241754737424e-07,0.782369847703814,0.217630152296186,0.782369847703814,1.00000014179808
-1.78752552590424e-07,0.77939386551812,0.22060613448188,0.77939386551812,1.00000013931864
-1.7629753752872e-07,0.776378370041443,0.223621629958557,0.776378370041443,1.00000013687359
-1.73876240021625e-07,0.773322885939363,0.226677114060637,0.773322885939363,1.00000013446248
-1.71488196987054e-07,0.770226934516251,0.229773065483749,0.770226934516251,1.00000013208483
-1.69132951702965e-07,0.76709003382852,0.23290996617148,0.76709003382852,1.0000001297402
-1.66810053720006e-07,0.763911698808309,0.236088301191691,0.763911698808309,1.00000012742815
-1.64519058775366e-07,0.760691441398291,0.239308558601709,0.760691441398291,1.00000012514824
-1.62259528707809e-07,0.757428770698348,0.242571229301652,0.757428770698348,1.00000012290004
-1.6003103137387e-07,0.754123193124887,0.245876806875113,0.754123193124887,1.00000012068311
-1.57833140565212e-07,0.750774212583652,0.249225787416348,0.750774212583652,1.00000011849705
-1.55665435927106e-07,0.747381330656917,0.252618669343082,0.747381330656917,1.00000011634144
-1.53527502878042e-07,0.743944046806035,0.256055953193965,0.743944046806035,1.00000011421587
-1.51418932530435e-07,0.740461858590342,0.259538141409658,0.740461858590342,1.00000011211994
-1.49339321612425e-07,0.736934261903533,0.263065738096467,0.736934261903533,1.00000011005326
-1.4728827239075e-07,0.733360751228676,0.266639248771324,0.733360751228676,1.00000010801544
-1.45265392594678e-07,0.729740819913103,0.270259180086897,0.729740819913103,1.00000010600609
-1.43270295340983e-07,0.726073960464527,0.273926039535473,0.726073960464527,1.00000010402483
-1.41302599059953e-07,0.722359664869814,0.277640335130186,0.722359664869814,1.0000001020713
-1.39361927422414e-07,0.718597424937933,0.281402575062067,0.718597424937933,1.00000010014512
-1.37447909267754e-07,0.714786732668734,0.285213267331266,0.714786732668734,1.00000009824594
-1.35560178532937e-07,0.710927080649297,0.289072919350703,0.710927080649297,1.0000000963734
-1.33698374182495e-07,0.70701796247973,0.29298203752027,0.70701796247973,1.00000009452715
-1.31862140139475e-07,0.703058873230428,0.296941126769572,0.703058873230428,1.00000009270685
-1.30051125217341e-07,0.699049309932933,0.300950690067067,0.699049309932933,1.00000009091215
-1.28264983052806e-07,0.694988772106707,0.305011227893293,0.694988772106707,1.00000008914272
-1.2650337203959e-07,0.690876762324289,0.309123237675711,0.690876762324289,1.00000008739824
-1.24765955263087e-07,0.686712786817445,0.313287213182555,0.686712786817445,1.00000008567838
-1.23052400435926e-07,0.682496356127178,0.317503643872822,0.682496356127178,1.00000008398282
-1.21362379834424e-07,0.678226985800598,0.321773014199402,0.678226985800598,1.00000008231124
-1.19695570235904e-07,0.673904197137901,0.326095802862099,0.673904197137901,1.00000008066335
-1.18051652856881e-07,0.669527517992935,0.330472482007065,0.669527517992935,1.00000007903883
-1.16430313292088e-07,0.665096483631061,0.334903516368939,0.665096483631061,1.00000007743739
-1.14831241454351e-07,0.660610637648298,0.339389362351702,0.660610637648298,1.00000007585874
-1.13254131515281e-07,0.656069532956002,0.343930467043998,0.656069532956002,1.00000007430258
-1.11698681846782e-07,0.651472732835643,0.348527267164357,0.651472732835643,1.00000007276865
-1.10164594963366e-07,0.646819812068565,0.353180187931435,0.646819812068565,1.00000007125664
-1.08651577465254e-07,0.642110358145919,0.357889641854081,0.642110358145919,1.0000000697663
-1.07159339982267e-07,0.637343972564375,0.362656027435625,0.637343972564375,1.00000006829736
-1.05687597118481e-07,0.632520272213541,0.367479727786459,0.632520272213541,1.00000006684955
-1.0423606739764e-07,0.627638890861464,0.372361109138536,0.627638890861464,1.00000006542261
-1.02804473209331e-07,0.622699480744982,0.377300519255018,0.622699480744982,1.00000006401629
-1.01392540755881e-07,0.61770171427217,0.38229828572783,0.61770171427217,1.00000006263035
-1e-07,0.612645285844564,0.387354714155436,0.612645285844564,1.00000006126453
-9.86265846131283e-08,0.607529913807359,0.392470086192641,0.607529913807359,1.0000000599186
-9.72720319245054e-08,0.602355342536276,0.397644657463725,0.602355342536276,1.00000005859233
-9.59360828709315e-08,0.597121344670311,0.402878655329689,0.597121344670311,1.00000005728548
-9.46184819472199e-08,0.591827723500145,0.408172276499855,0.591827723500145,1.00000005599784
-9.33189771573324e-08,0.586474315522502,0.413525684477498,0.586474315522502,1.00000005472918
-9.20373199661823e-08,0.581060993171352,0.418939006828648,0.581060993171352,1.0000000534793
-9.07732652521022e-08,0.575587667737347,0.424412332262653,0.575587667737347,1.00000005224797
-8.9526571259964e-08,0.570054292487491,0.429945707512509,0.570054292487491,1.00000005103501
-8.82969995549408e-08,0.564460865997485,0.435539134002515,0.564460865997485,1.0000000498402
-8.70843149769072e-08,0.558807435709758,0.441192564290242,0.558807435709758,1.00000004866336
-8.58882855954626e-08,0.553094101730562,0.446905898269438,0.553094101730562,1.0000000475043
-8.4708682665574e-08,0.547321020879912,0.452678979120088,0.547321020879912,1.00000004636284
-8.35452805838287e-08,0.541488411008404,0.458511588991597,0.541488411008404,1.0000000452388
-8.23978568452851e-08,0.53559655559507,0.46440344440493,0.53559655559507,1.00000004413201
-8.12661920009195e-08,0.529645808640459,0.470354191359541,0.529645808640459,1.0000000430423
-8.01500696156541e-08,0.52363659986882,0.47636340013118,0.52363659986882,1.00000004196951
-7.90492762269642e-08,0.517569440252883,0.482430559747117,0.517569440252883,1.00000004091349
-7.79636013040524e-08,0.511444927873863,0.488555072126137,0.511444927873863,1.00000003987409
-7.68928372075831e-08,0.505263754128183,0.494736245871817,0.505263754128183,1.00000003885116
-7.58367791499719e-08,0.499026710290766,0.500973289709234,0.499026710290766,1.00000003784458
-7.47952251562183e-08,0.492734694442542,0.507265305557458,0.492734694442542,1.0000000368542
-7.37679760252773e-08,0.486388718767015,0.513611281232985,0.486388718767015,1.00000003587991
-7.27548352919623e-08,0.47998991721706,0.52001008278294,0.47998991721706,1.00000003492159
-7.17556091893692e-08,0.473539553548607,0.526460446451393,0.473539553548607,1.00000003397912
-7.07701066118189e-08,0.467039029712306,0.532960970287694,0.467039029712306,1.0000000330524
-6.97981390783067e-08,0.46048989458738,0.53951010541262,0.46048989458738,1.00000003214134
-6.8839520696455e-08,0.453893853033711,0.546106146966289,0.453893853033711,1.00000003124584
-6.78940681269611e-08,0.447252775228391,0.552747224771609,0.447252775228391,1.00000003036581
-6.69616005485322e-08,0.440568706241347,0.559431293758653,0.440568706241347,1.00000002950119
-6.60419396233031e-08,0.433843875791156,0.566156124208844,0.433843875791156,1.00000002865189
-6.51349094627281e-08,0.427080708106432,0.572919291893568,0.427080708106432,1.00000002781786
-6.42403365939419e-08,0.420281831800188,0.579718168199812,0.420281831800188,1.00000002699905
-6.33580499265825e-08,0.413450089644162,0.586549910355838,0.413450089644162,1.00000002619539
-6.24878807200689e-08,0.406588548107186,0.593411451892814,0.406588548107186,1.00000002540686
-6.16296625513294e-08,0.39970050649643,0.60029949350357,0.39970050649643,1.00000002463341
-6.07832312829724e-08,0.392789505512667,0.607210494487333,0.392789505512667,1.00000002387502
-5.99484250318941e-08,0.385859335001248,0.614140664998752,0.385859335001248,1.00000002313166
-5.91250841383188e-08,0.378914040649424,0.621085959350576,0.378914040649424,1.00000002240332
-5.83130511352622e-08,0.371957929348991,0.628042070651009,0.371957929348991,1.00000002169
-5.75121707184161e-08,0.364995572911973,0.635004427088027,0.364995572911973,1.00000002099169
-5.67222897164455e-08,0.358031809797483,0.641968190202517,0.358031809797483,1.00000002030838
-5.59432570616938e-08,0.351071744481956,0.648928255518044,0.351071744481956,1.0000000196401
-5.51749237612913e-08,0.344120744084599,0.655879255915401,0.344120744084599,1.00000001898684
-5.44171428686589e-08,0.337184431847793,0.662815568152207,0.337184431847793,1.00000001834861
