-0.001,0.999979979619606,2.00203803944423e-05,0.999979979619606,1.00099995995964
-0.000986265846131283,0.999979701100791,2.02988992085199e-05,0.999979701100791,1.00098622580632
-0.000972720319245054,0.999979418703339,2.05812966610834e-05,0.999979418703339,1.00097268027997
-0.000959360828709315,0.999979132373232,2.0867626767975e-05,0.999979132373232,1.00095932078996
-0.000946184819472199,0.999978842055703,2.1157944297348e-05,0.999978842055703,1.00094614478124
-0.000933189771573324,0.99997854769522,2.14523047801463e-05,0.99997854769522,1.00093314973386
-0.000920373199661823,0.999978249235479,2.17507645207299e-05,0.999978249235479,1.00092033316246
-0.000907732652521022,0.999977946619392,2.20533806076485e-05,0.999977946619392,1.00090769261582
-0.00089526571259964,0.999977639789075,2.23602109245655e-05,0.999977639789075,1.00089522567639
-0.000882969995549408,0.999977328685839,2.26713141613337e-05,0.999977328685839,1.00088292995982
-0.000870843149769072,0.999977013250175,2.29867498252258e-05,0.999977013250175,1.00087080311452
-0.000858882855954626,0.999976693421748,2.33065782523212e-05,0.999976693421748,1.00085884282118
-0.00084708682665574,0.999976369139381,2.36308606190517e-05,0.999976369139381,1.00084704679235
-0.000835452805838287,0.999976040341046,2.39596589539073e-05,0.999976040341046,1.00083541277199
-0.000823978568452851,0.999975706963851,2.42930361493064e-05,0.999975706963851,1.00082393853506
-0.000812661920009195,0.999975368944026,2.46310559736303e-05,0.999975368944026,1.00081262188706
-0.000801500696156541,0.999975026216917,2.4973783083426e-05,0.999975026216917,1.00080146066365
-0.000790492762269642,0.999974678716964,2.5321283035779e-05,0.999974678716964,1.00079045273019
-0.000779636013040524,0.999974326377699,2.5673622300858e-05,0.999974326377699,1.00077959598139
-0.000768928372075831,0.999973969131725,2.60308682746356e-05,0.999973969131725,1.00076888834085
-0.000758367791499719,0.999973606910708,2.63930892917846e-05,0.999973606910708,1.00075832776069
-0.000747952251562183,0.999973239645361,2.67603546387557e-05,0.999973239645361,1.00074791222116
-0.000737679760252773,0.999972867265433,2.71327345670364e-05,0.999972867265433,1.00073763973026
-0.000727548352919623,0.999972489699693,2.75103003065948e-05,0.999972489699693,1.00072750832332
-0.000717556091893692,0.999972106875921,2.78931240795117e-05,0.999972106875921,1.00071751606269
-0.000707701066118189,0.999971718720886,2.82812791138008e-05,0.999971718720886,1.0007076610373
-0.000697981390783067,0.999971325160343,2.86748396574236e-05,0.999971325160343,1.00069794136235
-0.00068839520696455,0.999970926119008,2.90738809924987e-05,0.999970926119008,1.00068835517891
-0.000678940681269611,0.99997052152055,2.94784794497081e-05,0.99997052152055,1.00067890065358
-0.000669616005485322,0.999970111287577,2.98887124229066e-05,0.999970111287577,1.00066957597816
-0.000660419396233031,0.999969695341616,3.03046583839328e-05,0.999969695341616,1.00066037936927
-0.000651349094627281,0.999969273603102,3.07263968976274e-05,0.999969273603102,1.00065130906802
-0.000642403365939419,0.999968845991363,3.1154008637061e-05,0.999968845991363,1.00064236333968
-0.000633580499265825,0.999968412424601,3.15875753989733e-05,0.999968412424601,1.00063354047335
-0.000624878807200689,0.999967972819881,3.20271801194286e-05,0.999967972819881,1.00062483878163
-0.000616296625513294,0.99996752709311,3.24729068896887e-05,0.99996752709311,1.00061625660028
-0.000607832312829724,0.999967075159028,3.29248409723075e-05,0.999967075159028,1.00060779228792
-0.000599484250318941,0.999966616931183,3.33830688174494e-05,0.999966616931183,1.00059944422574
-0.000591250841383188,0.999966152321921,3.3847678079436e-05,0.999966152321921,1.00059121081712
-0.000583130511352622,0.999965681242367,3.43187576335227e-05,0.999965681242367,1.00058309048741
-0.000575121707184161,0.999965203602407,3.47963975929094e-05,0.999965203602407,1.00057508168355
-0.000567222897164455,0.999964719310674,3.52806893259886e-05,0.999964719310674,1.00056718287384
-0.000559432570616938,0.999964228274526,3.57717254738338e-05,0.999964228274526,1.0005593925476
-0.000551749237612913,0.999963730400032,3.62695999679308e-05,0.999963730400032,1.00055170921489
-0.000544171428686589,0.999963225591952,3.67744080481584e-05,0.999963225591952,1.00054413140626
-0.000536697694554048,0.999962713753719,3.72862462810166e-05,0.999962713753719,1.00053665767242
-0.000529326605836056,0.999962194787422,3.78052125781125e-05,0.999962194787422,1.00052928658398
-0.000522056752784698,0.999961668593785,3.83314062149004e-05,0.999961668593785,1.00052201673121
-0.00051488674501375,0.99996113507215,3.88649278496861e-05,0.99996113507215,1.00051484672372
-0.000507815211232767,0.999960594120457,3.94058795428943e-05,0.999960594120457,1.00050777519021
-0.000500840798984821,0.999960045635223,3.9954364776605e-05,0.999960045635223,1.00050080077823
-0.000493962174387832,0.999959489511526,4.05104884743633e-05,0.999959489511526,1.0004939221539
-0.000487178021879463,0.999958925642979,4.10743570212636e-05,0.999958925642979,1.00048713800165
-0.000480487043965513,0.999958353921716,4.16460782843154e-05,0.999958353921716,1.000480447024
-0.000473887960971765,0.999957774238367,4.22257616330925e-05,0.999957774238367,1.00047384794126
-0.000467379510799246,0.999957186482039,4.28135179606696e-05,0.999957186482039,1.00046733949133
-0.000460960448682843,0.999956590540295,4.34094597048519e-05,0.999956590540295,1.00046092042946
-0.00045462954695324,0.99995598629913,4.40137008696991e-05,0.99995598629913,1.00045458952798
-0.000448385594802119,0.999955373642953,4.4626357047352e-05,0.999955373642953,1.00044834557606
-0.00044222739805059,0.99995475245456,4.52475454401607e-05,0.99995475245456,1.00044218737955
-0.000436153778920801,0.999954122615117,4.58773848831229e-05,0.999954122615117,1.00043611376065
-0.000430163575810679,0.999953484004133,4.65159958666355e-05,0.999953484004133,1.00043012355777
-0.000424255643071778,0.99995283649944,4.71635005595617e-05,0.99995283649944,1.00042421562525
-0.000418428850790158,0.999952179977167,4.78200228326218e-05,0.999952179977167,1.00041838883319
-0.000412682084570295,0.999951514311718,4.84856882821089e-05,0.999951514311718,1.00041264206719
-0.000407014245321944,0.999950839375746,4.91606242539352e-05,0.999950839375746,1.00040697422816
-0.000401424249049932,0.999950155040132,4.98449598680151e-05,0.999950155040132,1.0004013842321
-0.000395911026646846,0.999949461173957,5.05388260429863e-05,0.999949461173957,1.0003958710099
-0.000390473523688556,0.999948757644479,5.12423555212775e-05,0.999948757644479,1.00039043350715
-0.000385110700232557,0.999948044317105,5.19556828945248e-05,0.999948044317105,1.00038507068389
-0.000379821530619074,0.999947321055371,5.2678944629342e-05,0.999947321055371,1.00037978151448
-0.000374605003274899,0.999946587720906,5.34122790934524e-05,0.999946587720906,1.00037456498733
-0.00036946012051993,0.999945844173418,5.41558265821823e-05,0.999945844173418,1.00036942010477
-0.000364385898376355,0.999945090270655,5.49097293453266e-05,0.999945090270655,1.00036434588281
-0.000359381366380463,0.999944325868386,5.56741316143872e-05,0.999944325868386,1.000359341351
-0.000354445567397044,0.99994355082037,5.64491796301923e-05,0.99994355082037,1.0003544055522
-0.000349577557436327,0.999942764978329,5.72350216709013e-05,0.999942764978329,1.00034953754242
-0.000344776405473446,0.99994196819192,5.80318080803987e-05,0.99994196819192,1.00034473639064
-0.000340041193270371,0.999941160308703,5.88396912970863e-05,0.999941160308703,1.00034000117861
-0.000335371015200293,0.999940341174117,5.96588258830755e-05,0.999940341174117,1.00033533100071
-0.000330764978074424,0.999939510631446,6.0489368553787e-05,0.999939510631446,1.00033072496376
-0.000326222200971167,0.999938668521792,6.13314782079641e-05,0.999938668521792,1.00032618218682
-0.000321741815067637,0.999937814684042,6.2185315958104e-05,0.999937814684042,1.00032170180108
-0.000317322963473498,0.999936948954839,6.30510451613143e-05,0.999936948954839,1.00031728294965
-0.000312964801067075,0.999936071168549,6.39288314505996e-05,0.999936071168549,1.0003129247874
-0.000308666494333727,0.999935181157233,6.48188427665839e-05,0.999935181157233,1.00030862648082
-0.00030442722120643,0.99993427875061,6.5721249389678e-05,0.99993427875061,1.00030438720785
-0.000300246170908555,0.999933363776027,6.6636223972692e-05,0.999933363776027,1.0003002061577
-0.000296122543798804,0.999932436058426,6.75639415739069e-05,0.999932436058426,1.00029608253074
-0.000292055551218275,0.999931495420309,6.85045796906046e-05,0.999931495420309,1.0002920155383
-0.00028804441533963,0.999930541681707,6.94583182930667e-05,0.999930541681707,1.00028800440257
-0.00028408836901833,0.999929574660141,7.04253398590487e-05,0.999929574660141,1.00028404835639
-0.00028018665564592,0.999928594170591,7.14058294087337e-05,0.999928594170591,1.00028014664315
-0.000276338529005317,0.99992760002546,7.23999745401752e-05,0.99992760002546,1.00027629851665
-0.000272543253128103,0.999926592034535,7.34079654652339e-05,0.999926592034535,1.00027250324091
-0.000268800102153761,0.999925570004954,7.44299950460152e-05,0.999925570004954,1.00026876009006
-0.000265108360190854,0.999924533741168,7.54662588318178e-05,0.999924533741168,1.00026506834823
-0.000261467321180109,0.999923483044903,7.65169550965944e-05,0.999923483044903,1.00026142730934
-0.00025787628875938,0.999922417715123,7.75822848769388e-05,0.999922417715123,1.00025783627705
-0.000254334576130465,0.999921337547989,7.86624520106007e-05,0.999921337547989,1.00025429456454
-0.000250841505927754,0.999920242336824,7.97576631755384e-05,0.999920242336824,1.00025080149446
-0.000247396410088681,0.99991913187207,8.08681279295189e-05,0.99991913187207,1.00024735639874
-0.000243998629725955,0.99991800594125,8.1994058750267e-05,0.99991800594125,1.00024395861849
-0.000240647515001543,0.999916864328924,8.31356710761784e-05,0.999916864328924,1.00024060750388
-0.000237342425002387,0.999915706816652,8.42931833475991e-05,0.999915706816652,1.00023730241399
-0.000234082727617829,0.999914533182951,8.54668170486811e-05,0.999914533182951,1.00023404271672
-0.000230867799418717,0.99991334320325,8.66567967498241e-05,0.99991334320325,1.00023082778862
-0.000227697025538168,0.999912136649849,8.78633501507073e-05,0.999912136649849,1.00022765701485
-0.000224569799553978,0.999910913291876,8.90867081239243e-05,0.999910913291876,1.00022452978897
-0.000221485523372636,0.999909672895241,9.03271047592263e-05,0.999909672895241,1.00022144551289
-0.000218443607114943,0.999908415222592,9.15847774083816e-05,0.999908415222592,1.00021840359673
-0.000215443469003188,0.999907140033269,9.28599667306648e-05,0.999907140033269,1.00021540345871
-0.000212484535249888,0.999905847083261,9.41529167389778e-05,0.999905847083261,1.00021244452506
-0.000209566239948044,0.999904536125153,9.54638748466171e-05,0.999904536125153,1.00020952622985
-0.000206688024962908,0.999903206908085,9.67930919146938e-05,0.999903206908085,1.00020664801495
-0.000203849339825246,0.9999018591777,9.81408223002141e-05,0.9999018591777,1.00020380932991
-0.00020104964162605,0.999900492676095,9.95073239048344e-05,0.999900492676095,1.00020100963179
-0.000198288394912707,0.999899107141776,0.000100892858224294,0.999899107141776,1.00019824838517
-0.000195565071586595,0.999897702309602,0.000102297690398542,0.999897702309602,1.00019552506192
-0.000192879150802078,0.999896277910737,0.00010372208926256,0.999896277910737,1.00019283914122
-0.000190230118866895,0.999894833672602,0.000105166327397898,0.999894833672602,1.00019019010937
-0.000187617469143912,0.999893369318815,0.00010663068118493,0.999893369318815,1.00018757745972
-0.00018504070195423,0.999891884569144,0.000108115430855836,0.999891884569144,1.00018500069261
-0.000182499324481615,0.999890379139452,0.00010962086054833,0.999890379139452,1.00018245931521
-0.000179992850678248,0.99988885274164,0.000111147258360136,0.99988885274164,1.00017995284148
-0.000177520801171764,0.999887305083596,0.00011269491640422,0.999887305083596,1.00017748079204
-0.000175082703173572,0.999885735869135,0.000114264130864803,0.999885735869135,1.00017504269411
-0.000172678090388436,0.999884144797946,0.00011585520205415,0.999884144797946,1.0001726380814
-0.000170306502925284,0.99988253156553,0.000117468434470155,0.99988253156553,1.000170266494
-0.000167967487209265,0.999880895863145,0.00011910413685473,0.999880895863145,1.00016792747835
-0.000165660595894992,0.999879237377747,0.000120762622253011,0.999879237377747,1.0001656205871
-0.000163385387780986,0.999877555791927,0.000122444208073391,0.999877555791927,1.00016334537904
-0.000161141427725302,0.999875850783852,0.000124149216148388,0.999875850783852,1.00016110141905
-0.000158928286562298,0.999874122027204,0.000125877972796373,0.999874122027204,1.00015888827794
-0.00015674554102056,0.999872369191116,0.00012763080888415,0.999872369191116,1.00015670553245
-0.000154592773641948,0.99987059194011,0.000129408059890422,0.99987059194011,1.00015455276513
-0.000152469572701757,0.99986878993403,0.000131210065970132,0.99986878993403,1.00015242956424
-0.000150375532129974,0.99986696282798,0.000133037172019712,0.99986696282798,1.00015033552372
-0.00014831025143361,0.999865110272257,0.000134889727743244,0.999865110272257,1.00014827024307
-0.000146273335620113,0.99986323191228,0.000136768087719543,0.99986323191228,1.00014623332731
-0.000144264395121816,0.99986132738853,0.000138672611470175,0.99986132738853,1.00014422438686
-0.000142283045721435,0.999859396336472,0.000140603663528436,0.999859396336472,1.0001422430375
-0.000140328908478587,0.999857438386491,0.000142561613509285,0.999857438386491,1.0001402889003
-0.000138401609657313,0.99985545316382,0.000144546836180261,0.99985545316382,1.00013836160152
-0.000136500780654601,0.999853440288467,0.000146559711533392,0.999853440288467,1.00013646077256
-0.000134626057929891,0.999851399375142,0.000148600624858105,0.999851399375142,1.00013458604987
-0.000132777082935543,0.999849330033185,0.000150669966815162,0.999849330033185,1.00013273707491
-0.000130953502048267,0.999847231866488,0.000152768133511623,0.999847231866488,1.00013091349406
-0.000129154966501488,0.999845104473423,0.000154895526576865,0.999845104473423,1.00012911495855
-0.000127381132318648,0.99984294744676,0.000157052553239662,0.99984294744676,1.0001273411244
-0.000125631660247412,0.999840760373594,0.000159239626406339,0.999840760373594,1.00012559165236
-0.000123906215694792,0.99983854283526,0.000161457164740025,0.99983854283526,1.00012386620783
-0.000122204468663149,0.999836294407259,0.000163705592741013,0.999836294407259,1.00012216446083
-0.000120526093687084,0.999834014659172,0.000165985340828245,0.999834014659172,1.00012048608588
-0.00011887076977119,0.999831703154578,0.000168296845421935,0.999831703154578,1.00011883076199
-0.00011723818032866,0.999829359450973,0.000170640549027351,0.999829359450973,1.00011719817257
-0.000115628013120738,0.99982698309968,0.000173016900319771,0.99982698309968,1.00011558800538
-0.000114039960197003,0.999824573645769,0.000175426354230621,0.999824573645769,1.00011399995248
-0.000112473717836475,0.999822130627965,0.000177869372034829,0.999822130627965,1.00011243371014
-0.000110928986489522,0.999819653578561,0.000180346421439391,0.999819653578561,1.00011088897881
-0.000109405470720574,0.999817142023327,0.000182857976673187,0.999817142023327,1.00010936546305
-0.000107902879151618,0.999814595481422,0.000185404518578051,0.999814595481422,1.0001078628715
-0.000106420924406472,0.999812013465299,0.000187986534701108,0.999812013465299,1.00010638091677
-0.000104959323055823,0.999809395480612,0.000190604519388418,0.999809395480612,1.00010491931543
-0.000103517795563018,0.99980674102612,0.000193258973879921,0.99980674102612,1.00010347778794
-0.000102096066230605,0.999804049593594,0.000195950406405721,0.999804049593594,1.00010205605862
-0.000100693863147603,0.999801320667716,0.000198679332283703,0.999801320667716,1.00010065385554
-9.9310918137498e-05,0.999798553725981,0.000201446274018537,0.999798553725981,1.00009927091054
-9.79469667069539e-05,0.999795748238598,0.000204251761402055,0.999795748238598,1.00009790695911
-9.66017479952265e-05,0.999792903668385,0.000207096331615037,0.999792903668385,1.0000965617404
-9.5275004724273e-05,0.99979001947067,0.000209980529330429,0.99979001947067,1.00009523499713
-9.39664831495469e-05,0.999787095093182,0.000212904906818002,0.999787095093182,1.00009392647556
-9.26759330114688e-05,0.99978412997595,0.000215870024050474,0.99978412997595,1.00009263592542
-9.14031074875622e-05,0.999781123551189,0.00021887644881113,0.999781123551189,1.00009136309989
-9.01477631452492e-05,0.999778075243197,0.000221924756802943,0.999778075243197,1.00009010775554
-8.89096598952917e-05,0.999774984468241,0.000225015531759225,0.999774984468241,1.00008886965229
-8.76885609458743e-05,0.999771850634444,0.000228149365555828,0.999771850634444,1.00008764855333
-8.64842327573173e-05,0.999768673141675,0.000231326858324926,0.999768673141675,1.00008644422513
-8.52964449974102e-05,0.99976545138143,0.000234548618570383,0.99976545138143,1.00008525643736
-8.41249704973612e-05,0.999762184736715,0.000237815263284739,0.999762184736715,1.00008408496285
-8.29695852083492e-05,0.999758872581932,0.000241127418067849,0.999758872581932,1.00008292957755
-8.18300681586739e-05,0.999755514282753,0.000244485717247169,0.999755514282753,1.00008179006048
-8.07062014114951e-05,0.999752109196,0.000247890803999741,0.999752109196,1.00008066619372
-7.95977700231498e-05,0.999748656669524,0.000251343330475884,0.999748656669524,1.00007955776231
-7.85045620020451e-05,0.999745156042075,0.000254843957924621,0.999745156042075,1.00007846455427
-7.74263682681128e-05,0.999741606643179,0.000258393356820871,0.999741606643179,1.00007738636052
-7.63629826128224e-05,0.999738007793006,0.000261992206994414,0.999738007793006,1.00007632297484
-7.53142016597438e-05,0.999734358802239,0.000265641197760681,0.999734358802239,1.00007527419386
-7.42798248256491e-05,0.999730658971947,0.000269341028053368,0.999730658971947,1.00007423981701
-7.32596542821523e-05,0.999726907593441,0.000273092406558913,0.999726907593441,1.00007321964644
-7.22534949178722e-05,0.999723103948147,0.00027689605185287,0.999723103948147,1.00007221348704
-7.12611543011175e-05,0.999719247307462,0.000280752692538186,0.999719247307462,1.0000712211464
-7.02824426430835e-05,0.999715336932615,0.000284663067385428,0.999715336932615,1.00007024243471
-6.9317172761554e-05,0.999711372074525,0.000288627925474972,0.999711372074525,1.00006927716479
-6.83651600451024e-05,0.999707351973659,0.000292648026341196,0.999707351973659,1.00006832515204
-6.74262224177835e-05,0.999703275859881,0.000296724140118696,0.999703275859881,1.00006738621438
-6.65001803043112e-05,0.999699142952309,0.000300857047690554,0.999699142952309,1.00006646017223
-6.55868565957144e-05,0.999694952459161,0.000305047540838692,0.999694952459161,1.00006554684848
-6.46860766154632e-05,0.999690703577604,0.000309296422396335,0.999690703577604,1.00006464606846
-6.37976680860628e-05,0.999686395493597,0.000313604506402621,0.999686395493597,1.00006375765989
-6.29214610961035e-05,0.999682027381741,0.000317972618259385,0.999682027381741,1.00006288145285
-6.2057288067765e-05,0.99967759840511,0.000322401594890141,0.99967759840511,1.00006201727978
-6.1204983724767e-05,0.999673107715099,0.000326892284901298,0.999673107715099,1.00006116497539
-6.03643850607586e-05,0.999668554451254,0.000331445548745657,0.999668554451254,1.00006032437668
-5.95353313081437e-05,0.999663937741112,0.000336062258888191,0.999663937741112,1.00005949532288
-5.87176639073326e-05,0.999659256700026,0.000340743299974164,0.999659256700026,1.00005867765542
-5.79112264764176e-05,0.999654510431,0.000345489568999614,0.999654510431,1.00005787121794
-5.71158647812644e-05,0.999649698024516,0.000350301975484235,0.999649698024516,1.00005707585619
-5.63314267060135e-05,0.999644818558353,0.000355181441646691,0.999644818558353,1.00005629141806
-5.55577622239888e-05,0.999639871097418,0.000360128902582395,0.999639871097418,1.00005551775352
-5.47947233690028e-05,0.999634854693556,0.000365145306443794,0.999634854693556,1.0000547547146
-5.40421642070591e-05,0.999629768385377,0.00037023161462319,0.999629768385377,1.00005400215538
-5.32999408084409e-05,0.999624611198062,0.000375388801938135,0.999624611198062,1.00005325993192
-5.25679112201842e-05,0.999619382143181,0.000380617856819435,0.999619382143181,1.00005252790226
-5.18459354389291e-05,0.999614080218498,0.000385919781501804,0.999614080218498,1.00005180592642
-5.11338753841432e-05,0.999608704407783,0.000391295592217204,0.999608704407783,1.00005109386629
-5.04315948717136e-05,0.999603253680609,0.000396746319390902,0.999603253680609,1.00005039158571
-4.97389595879007e-05,0.99959772699216,0.000402273007840303,0.99959772699216,1.00004969895035
-4.90558370636505e-05,0.999592123283023,0.00040787671697657,0.999592123283023,1.00004901582776
-4.83820966492596e-05,0.999586441478991,0.000413558521009093,0.999586441478991,1.00004834208727
-4.77176094893874e-05,0.999580680490847,0.000419319509152841,0.999580680490847,1.00004767760003
-4.70622484984128e-05,0.999574839214161,0.000425160785838637,0.999574839214161,1.00004702223896
-4.64158883361278e-05,0.999568916529074,0.000431083470926396,0.999568916529074,1.00004637587872
-4.57784053837662e-05,0.999562911300079,0.000437088699921372,0.999562911300079,1.00004573839568
-4.5149677720361e-05,0.999556822375807,0.000443177624193455,0.999556822375807,1.00004510966793
-4.45295850994265e-05,0.9995506485888,0.000449351411199562,0.9995506485888,1.00004448957523
-4.39180089259609e-05,0.999544388755291,0.000455611244709168,0.999544388755291,1.00004387799897
-4.3314832233764e-05,0.999538041674967,0.000461958325033019,0.999538041674967,1.00004327482218
-4.27199396630678e-05,0.999531606130745,0.000468393869255072,0.999531606130745,1.00004267992952
-4.21332174384729e-05,0.999525080888532,0.00047491911146771,0.999525080888532,1.0000420932072
-4.15545533471887e-05,0.99951846469699,0.000481535303010286,0.99951846469699,1.00004151454301
-4.09838367175726e-05,0.999511756287289,0.000488243712711023,0.999511756287289,1.00004094382629
-4.04209583979631e-05,0.999504954372868,0.000495045627132343,0.999504954372868,1.00004038094787
-3.98658107358044e-05,0.99949805764918,0.000501942350819662,0.99949805764918,1.0000398258001
-3.93182875570577e-05,0.999491064793446,0.000508935206553689,0.999491064793446,1.00003927827682
-3.87782841458945e-05,0.999483974464394,0.000516025535606309,0.999483974464394,1.0000387382733
-3.824569722467e-05,0.999476785302,0.000523214698000069,0.999476785302,1.00003820568627
-3.772042493417e-05,0.999469495927229,0.000530504072771346,0.999469495927229,1.00003768041387
-3.72023668141307e-05,0.999462104941763,0.000537895058237228,0.999462104941763,1.00003716235564
-3.66914237840249e-05,0.999454610927734,0.000545389072266172,0.999454610927734,1.00003665141249
-3.61874981241128e-05,0.999447012447447,0.000552987552552502,0.999447012447447,1.00003614748672
-3.56904934567523e-05,0.999439308043105,0.000560691956894779,0.999439308043105,1.00003565048193
-3.52003147279668e-05,0.999431496236522,0.000568503763478119,0.999431496236522,1.00003516030308
-3.47168681892656e-05,0.99942357552884,0.000576424471160512,0.99942357552884,1.00003467685642
-3.42400613797143e-05,0.999415544400237,0.000584455599763185,0.999415544400237,1.00003420004948
-3.37698031082509e-05,0.999407401309635,0.000592598690365095,0.999407401309635,1.00003372979109
-3.33060034362459e-05,0.999399144694398,0.000600855305601578,0.999399144694398,1.00003326599128
-3.28485736603005e-05,0.999390772970033,0.000609227029967246,0.999390772970033,1.00003280856137
-3.2397426295282e-05,0.999382284529877,0.000617715470123168,0.999382284529877,1.00003235741387
-3.19524750575921e-05,0.999373677744792,0.00062632225520841,0.999373677744792,1.0000319124625
-3.15136348486648e-05,0.999364950962844,0.000635049037156002,0.999364950962844,1.00003147362215
-3.10808217386906e-05,0.999356102508987,0.000643897491013372,0.999356102508987,1.0000310408089
-3.06539529505653e-05,0.999347130684733,0.000652869315267342,0.999347130684733,1.00003061393997
-3.02329468440578e-05,0.999338033767826,0.000661966232173736,0.999338033767826,1.00003019293371
-2.98177229001967e-05,0.999328810011908,0.000671189988091653,0.999328810011908,1.00002977770962
-2.94082017058706e-05,0.999319457646177,0.000680542353822514,0.999319457646177,1.00002936818827
-2.90043049386399e-05,0.999309974875046,0.000690025124953896,0.999309974875046,1.00002896429135
-2.86059553517574e-05,0.999300359877792,0.000699640122208282,0.999300359877792,1.00002856594161
-2.82130767593947e-05,0.999290610808203,0.000709389191796748,0.999290610808203,1.00002817306285
-2.78255940220713e-05,0.999280725794222,0.000719274205777679,0.999280725794222,1.00002778557995
-2.74434330322836e-05,0.999270702937579,0.000729297062420606,0.999270702937579,1.0000274034188
-2.70665207003324e-05,0.999260540313425,0.000739459686575192,0.999260540313425,1.0000270265063
-2.66947849403432e-05,0.999250235969955,0.000749764030045499,0.999250235969955,1.00002665477037
-2.63281546564802e-05,0.99923978792803,0.00076021207196956,0.99923978792803,1.00002628813991
-2.59665597293487e-05,0.999229194180796,0.000770805819204359,0.999229194180796,1.00002592654481
-2.56099310025846e-05,0.999218452693284,0.000781547306716314,0.999218452693284,1.0000255699159
-2.52582002696278e-05,0.999207561402023,0.000792438597977293,0.999207561402023,1.00002521818498
-2.49113002606779e-05,0.999196518214634,0.000803481785366306,0.999196518214634,1.00002487128479
-2.45691646298279e-05,0.999185321009423,0.000814678990576906,0.999185321009423,1.00002452914897
-2.4231727942376e-05,0.99917396763497,0.000826032365030395,0.99917396763497,1.00002419171209
-2.38989256623105e-05,0.999162455909705,0.000837544090294949,0.999162455909705,1.00002385890962
-2.35706941399673e-05,0.999150783621489,0.000849216378510698,0.999150783621489,1.0000235306779
-2.32469705998565e-05,0.999138948527179,0.000861051472820898,0.999138948527179,1.00002320695416
-2.29276931286565e-05,0.999126948352191,0.000873051647809245,0.999126948352191,1.00002288767648
-2.26128006633728e-05,0.999114780790057,0.000885219209943437,0.999114780790057,1.00002257278381
-2.23022329796594e-05,0.999102443501975,0.000897556498025094,0.999102443501975,1.00002226221592
-2.19959306803007e-05,0.999089934116354,0.000910065883646078,0.999089934116354,1.00002195591341
-2.16938351838519e-05,0.999077250228349,0.000922749771651379,0.999077250228349,1.00002165381769
-2.13958887134342e-05,0.999064389399391,0.000935610600608587,0.999064389399391,1.000021355871
-2.1102034285686e-05,0.999051349156716,0.000948650843284103,0.999051349156716,1.00002106201635
-2.08122156998634e-05,0.999038126992874,0.000961873007126171,0.999038126992874,1.00002077219754
-2.05263775270925e-05,0.999024720365245,0.00097527963475481,0.999024720365245,1.00002048635914
-2.02444650997681e-05,0.999011126695541,0.000988873304458789,0.999011126695541,1.00002020444647
-1.99664245010979e-05,0.9989973433693,0.00100265663069972,0.9989973433693,1.00001992640564
-1.96922025547917e-05,0.998983367735377,0.00101663226462334,0.998983367735377,1.00001965218345
-1.94217468148902e-05,0.998969197105422,0.00103080289457822,0.998969197105422,1.00001938172747
-1.91550055557353e-05,0.998954828753358,0.00104517124664181,0.998954828753358,1.00001911498596
-1.88919277620767e-05,0.998940259914846,0.00105974008515412,0.998940259914846,1.00001885190791
-1.86324631193156e-05,0.998925487786741,0.00107451221325902,0.998925487786741,1.00001859244301
-1.83765620038817e-05,0.998910509526547,0.00108949047345334,0.998910509526547,1.00001833654164
-1.81241754737424e-05,0.998895322251856,0.00110467774814385,0.998895322251856,1.00001808415484
-1.78752552590424e-05,0.998879923039788,0.00112007696021225,0.998879923039788,1.00001783523436
-1.7629753752872e-05,0.998864308926412,0.00113569107358835,0.998864308926412,1.00001758973258
-1.73876240021625e-05,0.998848476906169,0.00115152309383136,0.998848476906169,1.00001734760256
-1.71488196987054e-05,0.99883242393128,0.00116757606871972,0.99883242393128,1.00001710879797
-1.69132951702965e-05,0.998816146911151,0.0011838530888493,0.998816146911151,1.00001687327316
-1.66810053720006e-05,0.99879964271176,0.00120035728824031,0.99879964271176,1.00001664098307
-1.64519058775366e-05,0.998782908155047,0.00121709184495287,0.998782908155047,1.00001641188329
-1.62259528707809e-05,0.998765940018288,0.00123405998171158,0.998765940018288,1.00001618592998
-1.6003103137387e-05,0.998748735033461,0.00125126496653899,0.998748735033461,1.00001596307995
-1.57833140565212e-05,0.998731289886602,0.00126871011339831,0.998731289886602,1.00001574329056
-1.55665435927106e-05,0.998713601217155,0.00128639878284532,0.998713601217155,1.00001552651979
-1.53527502878042e-05,0.99869566561731,0.00130433438268984,0.99869566561731,1.00001531272617
-1.51418932530435e-05,0.998677479631333,0.00132252036866656,0.998677479631333,1.00001510186881
-1.49339321612425e-05,0.998659039754884,0.00134096024511582,0.998659039754884,1.0000148939074
-1.4728827239075e-05,0.998640342434326,0.00135965756567405,0.998640342434326,1.00001468880215
-1.45265392594678e-05,0.998621384066026,0.0013786159339743,0.998621384066026,1.00001448651383
-1.43270295340983e-05,0.998602160995643,0.00139783900435697,0.998602160995643,1.00001428700377
-1.41302599059953e-05,0.998582669517409,0.0014173304825907,0.998582669517409,1.00001409023379
-1.39361927422414e-05,0.998562905873396,0.00143709412660391,0.998562905873396,1.00001389616628
-1.37447909267754e-05,0.998542866252773,0.00145713374722679,0.998542866252773,1.00001370476411
-1.35560178532937e-05,0.998522546791056,0.00147745320894419,0.998522546791056,1.00001351599068
-1.33698374182495e-05,0.998501943569341,0.00149805643065939,0.998501943569341,1.00001332980988
-1.31862140139475e-05,0.998481052613531,0.00151894738646898,0.998481052613531,1.00001314618611
-1.30051125217341e-05,0.998459869893551,0.00154013010644909,0.998459869893551,1.00001296508424
-1.28264983052806e-05,0.998438391322547,0.00156160867745296,0.998438391322547,1.00001278646964
-1.2650337203959e-05,0.99841661275608,0.00158338724392019,0.99841661275608,1.00001261030815
-1.24765955263087e-05,0.998394529991302,0.00160547000869782,0.998394529991302,1.00001243656609
-1.23052400435926e-05,0.998372138766127,0.0016278612338733,0.998372138766127,1.00001226521021
-1.21362379834424e-05,0.99834943475838,0.00165056524161973,0.99834943475838,1.00001209620774
-1.19695570235904e-05,0.998326413584947,0.00167358641505333,0.998326413584947,1.00001192952637
-1.18051652856881e-05,0.998303070800896,0.00169692919910354,0.998303070800896,1.00001176513422
-1.16430313292088e-05,0.998279401898604,0.00172059810139579,0.998279401898604,1.00001160299984
-1.14831241454351e-05,0.998255402306853,0.00174459769314723,0.998255402306853,1.00001144309223
-1.13254131515281e-05,0.998231067389925,0.00176893261007553,0.998231067389925,1.0000112853808
-1.11698681846782e-05,0.998206392446679,0.00179360755332103,0.998206392446679,1.0000111298354
-1.10164594963366e-05,0.998181372709618,0.00181862729038244,0.998181372709618,1.00001097642626
-1.08651577465254e-05,0.998156003343934,0.00184399665606621,0.998156003343934,1.00001082512406
-1.07159339982267e-05,0.99813027944655,0.0018697205534499,0.99813027944655,1.00001067589986
-1.05687597118481e-05,0.99810419604514,0.00189580395485968,0.99810419604514,1.0000105287251
-1.0423606739764e-05,0.998077748097138,0.00192225190286222,0.998077748097138,1.00001038357166
-1.02804473209331e-05,0.998050930488729,0.00194906951127113,0.998050930488729,1.00001024041176
-1.01392540755881e-05,0.998023738033832,0.00197626196616836,0.998023738033832,1.00001009921803
-1e-05,0.99799616547306,0.00200383452694047,0.99799616547306,1.00000995996346
-9.86265846131283e-06,0.99796820747267,0.00203179252733034,0.99796820747267,1.00000982262142
-9.72720319245054e-06,0.997939858623496,0.00206014137650435,0.997939858623496,1.00000968716565
-9.59360828709315e-06,0.997911113439865,0.00208888656013528,0.997911113439865,1.00000955357023
-9.46184819472199e-06,0.997881966358499,0.00211803364150136,0.997881966358499,1.00000942180962
-9.33189771573324e-06,0.997852411737399,0.00214758826260139,0.997852411737399,1.00000929185861
-9.20373199661823e-06,0.997822443854713,0.0021775561452866,0.997822443854713,1.00000916369235
-9.07732652521022e-06,0.997792056907591,0.00220794309240908,0.997792056907591,1.00000903728634
-8.9526571259964e-06,0.997761245011013,0.0022387549889874,0.997761245011013,1.00000891261639
-8.82969995549408e-06,0.997730002196611,0.00226999780338946,0.997730002196611,1.00000878965865
-8.70843149769072e-06,0.997698322411467,0.00230167758853293,0.997698322411467,1.00000866838963
-8.58882855954626e-06,0.997666199516896,0.0023338004831036,0.997666199516896,1.00000854878612
-8.4708682665574e-06,0.997633627287208,0.00236637271279179,0.997633627287208,1.00000843082524
-8.35452805838287e-06,0.997600599408453,0.00239940059154721,0.997600599408453,1.00000831448444
-8.23978568452851e-06,0.997567109477147,0.00243289052285261,0.997567109477147,1.00000819974146
-8.12661920009195e-06,0.997533150998984,0.0024668490010163,0.997533150998984,1.00000808657437
-8.01500696156541e-06,0.997498717387516,0.00250128261248415,0.997498717387516,1.00000797496151
-7.90492762269642e-06,0.997463801962829,0.00253619803717106,0.997463801962829,1.00000786488155
-7.79636013040524e-06,0.997428397950188,0.00257160204981248,0.997428397950188,1.00000775631342
-7.68928372075831e-06,0.997392498478664,0.00260750152133611,0.997392498478664,1.00000764923636
-7.58367791499719e-06,0.997356096579746,0.00264390342025421,0.997356096579746,1.0000075436299
-7.47952251562183e-06,0.997319185185923,0.00268081481407683,0.997319185185923,1.00000743947384
-7.37679760252773e-06,0.997281757129254,0.00271824287074623,0.997281757129254,1.00000733674825
-7.27548352919622e-06,0.997243805139907,0.00275619486009295,0.997243805139907,1.0000072354335
-7.17556091893692e-06,0.997205321844686,0.00279467815531373,0.997205321844686,1.00000713551019
-7.07701066118189e-06,0.997166299765528,0.00283370023447179,0.997166299765528,1.00000703695924
-6.97981390783067e-06,0.99712673131798,0.00287326868201972,0.99712673131798,1.00000693976177
-6.8839520696455e-06,0.997086608809655,0.00291339119034539,0.997086608809655,1.00000684389921
-6.7894068126961e-06,0.997045924438659,0.00295407556134118,0.997045924438659,1.00000674935322
-6.69616005485322e-06,0.997004670292003,0.00299532970799711,0.997004670292003,1.00000665610572
-6.60419396233031e-06,0.996962838343982,0.00303716165601796,0.996962838343982,1.00000656413887
-6.51349094627281e-06,0.996920420454535,0.00307957954546508,0.996920420454535,1.00000647343509
-6.42403365939419e-06,0.996877408367577,0.00312259163242303,0.996877408367577,1.00000638397703
-6.33580499265824e-06,0.996833793709308,0.00316620629069164,0.996833793709308,1.00000629574758
-6.24878807200689e-06,0.996789567986496,0.00321043201350378,0.996789567986496,1.00000620872986
-6.16296625513294e-06,0.996744722584731,0.00325527741526944,0.996744722584731,1.00000612290723
-6.07832312829724e-06,0.996699248766654,0.00330075123334627,0.996699248766654,1.00000603826329
-5.99484250318941e-06,0.996653137670163,0.00334686232983732,0.996653137670163,1.00000595478183
-5.91250841383187e-06,0.996606380306584,0.0033936196934162,0.996606380306584,1.0000058724469
-5.83130511352622e-06,0.99655896755882,0.00344103244118027,0.99655896755882,1.00000579124274
-5.75121707184161e-06,0.996510890179468,0.00348910982053223,0.996510890179468,1.00000571115383
-5.67222897164455e-06,0.996462138788909,0.00353786121109063,0.996462138788909,1.00000563216485
-5.59432570616938e-06,0.99641270387337,0.00358729612662973,0.99641270387337,1.00000555426069
-5.51749237612912e-06,0.996362575782951,0.00363742421704926,0.996362575782951,1.00000547742646
-5.44171428686589e-06,0.996311744729625,0.00368825527037458,0.996311744729625,1.00000540164745
-5.36697694554048e-06,0.996260200785212,0.00373979921478772,0.996260200785212,1.00000532690918
-5.29326605836057e-06,0.99620793387931,0.00379206612068978,0.99620793387931,1.00000525319734
-5.22056752784698e-06,0.996154933797205,0.00384506620279534,0.996154933797205,1.00000518049786
-5.14886745013749e-06,0.996101190177741,0.00389880982225927,0.996101190177741,1.00000510879681
-5.07815211232767e-06,0.996046692511163,0.00395330748883663,0.996046692511163,1.00000503808048
-5.00840798984821e-06,0.995991430136924,0.00400856986307614,0.995991430136924,1.00000496833536
-4.93962174387833e-06,0.995935392241452,0.00406460775854781,0.995935392241452,1.0000048995481
-4.87178021879463e-06,0.995878567855895,0.00412143214410529,0.995878567855895,1.00000483170555
-4.80487043965512e-06,0.995820945853816,0.00417905414618359,0.995820945853816,1.00000476479473
-4.73887960971765e-06,0.995762514948867,0.0042374850511327,0.995762514948867,1.00000469880284
-4.67379510799246e-06,0.995703263692412,0.00429673630758786,0.995703263692412,1.00000463371727
-4.60960448682844e-06,0.995643180471123,0.0043568195288769,0.995643180471123,1.00000456952556
-4.5462954695324e-06,0.995582253504534,0.00441774649546553,0.995582253504534,1.00000450621544
-4.48385594802118e-06,0.995520470842559,0.00447952915744101,0.995520470842559,1.0000044437748
-4.4222739805059e-06,0.995457820362965,0.00454217963703506,0.995457820362965,1.00000438219169
-4.36153778920801e-06,0.995394289768813,0.00460571023118659,0.995394289768813,1.00000432145435
-4.3016357581068e-06,0.995329866585855,0.00467013341414492,0.995329866585855,1.00000426155115
-4.24255643071778e-06,0.995264538159886,0.00473546184011434,0.995264538159886,1.00000420247064
-4.18428850790158e-06,0.995198291654059,0.00480170834594048,0.995198291654059,1.00000414420152
-4.12682084570295e-06,0.99513111404616,0.00486888595383957,0.99513111404616,1.00000408673264
-4.07014245321944e-06,0.995062992125829,0.00493700787417103,0.995062992125829,1.00000403005301
-4.01424249049933e-06,0.994993912491746,0.00500608750825431,0.994993912491746,1.00000397415179
-3.95911026646846e-06,0.994923861548769,0.00507613845123084,0.994923861548769,1.0000039190183
-3.90473523688556e-06,0.994852825505028,0.00514717449497159,0.994852825505028,1.00000386464198
-3.85110700232557e-06,0.994780790368968,0.00521920963103148,0.994780790368968,1.00000381101244
-3.79821530619074e-06,0.994707741946349,0.00529225805365113,0.994707741946349,1.00000375811942
-3.746050032749e-06,0.994633665837193,0.00536633416280697,0.994633665837193,1.0000037059528
-3.6946012051993e-06,0.994558547432689,0.0054414525673105,0.994558547432689,1.00000365450261
-3.64385898376354e-06,0.994482371912042,0.00551762808795764,0.994482371912042,1.000003603759
-3.59381366380463e-06,0.994405124239271,0.00559487576072908,0.994405124239271,1.00000355371228
-3.54445567397044e-06,0.994326789159957,0.00567321084004255,0.994326789159957,1.00000350435286
-3.49577557436328e-06,0.994247351197942,0.00575264880205786,0.994247351197942,1.00000345567132
-3.44776405473446e-06,0.994166794651964,0.00583320534803584,0.994166794651964,1.00000340765834
-3.4004119327037e-06,0.994085103592248,0.00591489640775204,0.994085103592248,1.00000336030473
-3.35371015200293e-06,0.994002261857034,0.00599773814296622,0.994002261857034,1.00000331360144
-3.30764978074424e-06,0.993918253049051,0.00608174695094876,0.993918253049051,1.00000326753954
-3.26222200971167e-06,0.993833060531935,0.00616693946806491,0.993833060531935,1.00000322211022
-3.21741815067637e-06,0.993746667426582,0.00625333257341792,0.993746667426582,1.00000317730479
-3.17322963473497e-06,0.993659056607448,0.00634094339255239,0.993659056607448,1.00000313311468
-3.12964801067075e-06,0.993570210698781,0.00642978930121865,0.993570210698781,1.00000308953144
-3.08666494333727e-06,0.9934801120708,0.00651988792919963,0.9934801120708,1.00000304654674
-3.04427221206431e-06,0.993388742835799,0.00661125716420105,0.993388742835799,1.00000300415234
-3.00246170908555e-06,0.993296084844194,0.00670391515580646,0.993296084844194,1.00000296234015
-2.96122543798803e-06,0.993202119680502,0.00679788031949806,0.993202119680502,1.00000292110217
-2.92055551218274e-06,0.993106828659255,0.00689317134074484,0.993106828659255,1.00000288043051
-2.8804441533963e-06,0.993010192820841,0.00698980717915906,0.993010192820841,1.00000284031739
-2.84088369018331e-06,0.992912192927277,0.00708780707272257,0.992912192927277,1.00000280075514
-2.8018665564592e-06,0.992812809457916,0.00718719054208414,0.992812809457916,1.00000276173619
-2.76338529005317e-06,0.992712022605071,0.00728797739492929,0.992712022605071,1.00000272325309
-2.72543253128103e-06,0.992609812269576,0.00739018773042405,0.992609812269576,1.00000268529846
-2.68800102153761e-06,0.992506158056266,0.00749384194373397,0.992506158056266,1.00000264786506
-2.65108360190854e-06,0.99240103926938,0.00759896073061984,0.99240103926938,1.00000261094573
-2.61467321180109e-06,0.992294434907888,0.00770556509211178,0.992294434907888,1.00000257453339
-2.5787628875938e-06,0.992186323660737,0.00781367633926299,0.992186323660737,1.00000253862109
-2.54334576130465e-06,0.992076683902015,0.00792331609798501,0.992076683902015,1.00000250320197
-2.50841505927754e-06,0.991965493686034,0.00803450631396586,0.991965493686034,1.00000246826923
-2.47396410088682e-06,0.991852730742327,0.00814726925767284,0.991852730742327,1.00000243381621
-2.43998629725955e-06,0.991738372470558,0.00826162752944155,0.991738372470558,1.00000239983632
-2.40647515001542e-06,0.991622395935347,0.00837760406465302,0.991622395935347,1.00000236632305
-2.37342425002387e-06,0.991504777860999,0.00849522213900053,0.991504777860999,1.00000233327
-2.34082727617829e-06,0.991385494626152,0.00861450537384821,0.991385494626152,1.00000230067085
-2.30867799418717e-06,0.991264522258317,0.00873547774168279,0.991264522258317,1.00000226851936
-2.27697025538168e-06,0.991141836428339,0.00885816357166097,0.991141836428339,1.00000223680937
-2.24569799553977e-06,0.991017412444746,0.0089825875552538,0.991017412444746,1.00000220553484
-2.21485523372636e-06,0.990891225248009,0.00910877475199055,0.990891225248009,1.00000217468976
-2.18443607114943e-06,0.990763249404696,0.0092367505953038,0.990763249404696,1.00000214426826
-2.15443469003189e-06,0.990633459101522,0.00936654089847783,0.990633459101522,1.0000021142645
-2.12484535249888e-06,0.990501828139297,0.00949817186070266,0.990501828139297,1.00000208467275
-2.09566239948043e-06,0.990368329926764,0.00963167007323567,0.990368329926764,1.00000205548735
-2.06688024962908e-06,0.990232937474327,0.00976706252567333,0.990232937474327,1.00000202670272
-2.03849339825246e-06,0.990095623387665,0.00990437661233513,0.990095623387665,1.00000199831336
-2.0104964162605e-06,0.989956359861238,0.0100436401387621,0.989956359861238,1.00000197031382
-1.98288394912707e-06,0.989815118671668,0.0101848813283324,0.989815118671668,1.00000194269876
-1.95565071586595e-06,0.989671871171004,0.0103281288289963,0.989671871171004,1.0000019154629
-1.92879150802078e-06,0.989526588279866,0.0104734117201338,0.989526588279866,1.00000188860103
-1.90230118866895e-06,0.989379240480464,0.0106207595195359,0.989379240480464,1.000001862108
-1.87617469143912e-06,0.989229797809486,0.0107702021905145,0.989229797809486,1.00000183597876
-1.8504070195423e-06,0.989078229850859,0.010921770149141,0.989078229850859,1.00000181020831
-1.82499324481615e-06,0.988924505728381,0.0110754942716194,0.988924505728381,1.00000178479171
-1.79992850678248e-06,0.988768594098206,0.0112314059017935,0.988768594098206,1.0000017597241
-1.77520801171764e-06,0.988610463141205,0.0113895368587948,0.988610463141205,1.0000017350007
-1.75082703173573e-06,0.98845008055517,0.0115499194448302,0.98845008055517,1.00000171061677
-1.72678090388436e-06,0.988287413546883,0.0117125864531167,0.988287413546883,1.00000168656765
-1.70306502925284e-06,0.988122428824038,0.0118775711759624,0.988122428824038,1.00000166284874
-1.67967487209265e-06,0.987955092587,0.0120449074130004,0.987955092587,1.0000016394555
-1.65660595894992e-06,0.987785370520423,0.0122146294795769,0.987785370520423,1.00000161638346
-1.63385387780986e-06,0.987613227784702,0.012386772215298,0.987613227784702,1.00000159362821
-1.61141427725302e-06,0.987438629007262,0.0125613709927377,0.987438629007262,1.00000157118539
-1.58928286562298e-06,0.987261538273687,0.0127384617263125,0.987261538273687,1.00000154905072
-1.5674554102056e-06,0.987081919118675,0.0129180808813248,0.987081919118675,1.00000152721995
-1.54592773641948e-06,0.98689973451682,0.0131002654831796,0.98689973451682,1.00000150568892
-1.52469572701758e-06,0.986714946873222,0.0132850531267783,0.986714946873222,1.0000014844535
-1.50375532129974e-06,0.986527518013905,0.0134724819860945,0.986527518013905,1.00000146350963
-1.4831025143361e-06,0.986337409176066,0.0136625908239342,0.986337409176066,1.00000144285331
-1.46273335620113e-06,0.986144580998113,0.0138554190018874,0.986144580998113,1.00000142248059
-1.44264395121816e-06,0.985948993509528,0.0140510064904723,0.985948993509528,1.00000140238757
-1.42283045721435e-06,0.98575060612052,0.0142493938794803,0.98575060612052,1.00000138257041
-1.40328908478587e-06,0.985549377611477,0.0144506223885228,0.985549377611477,1.00000136302532
-1.38401609657313e-06,0.985345266122212,0.0146547338777879,0.985345266122212,1.00000134374855
-1.36500780654601e-06,0.98513822914099,0.0148617708590097,0.98513822914099,1.00000132473643
-1.34626057929891e-06,0.984928223493343,0.015071776506657,0.984928223493343,1.00000130598532
-1.32777082935543e-06,0.984715205330655,0.0152847946693449,0.984715205330655,1.00000128749162
-1.30953502048267e-06,0.984499130118523,0.0155008698814769,0.984499130118523,1.00000126925181
-1.29154966501488e-06,0.984279952624879,0.015720047375121,0.984279952624879,1.00000125126239
-1.27381132318648e-06,0.984057626907873,0.0159423730921269,0.984057626907873,1.00000123351992
-1.25631660247412e-06,0.98383210630351,0.0161678936964901,0.98383210630351,1.00000121602102
-1.23906215694792e-06,0.983603343413032,0.0163966565869684,0.983603343413032,1.00000119876233
-1.22204468663149e-06,0.983371290090042,0.0166287099099578,0.983371290090042,1.00000118174055
-1.20526093687084e-06,0.983135897427366,0.0168641025726338,0.983135897427366,1.00000116495242
-1.1887076977119e-06,0.982897115743635,0.0171028842563651,0.982897115743635,1.00000114839474
-1.1723818032866e-06,0.982654894569593,0.0173451054304066,0.982654894569593,1.00000113206435
-1.15628013120738e-06,0.982409182634121,0.0175908173658787,0.982409182634121,1.0000011159581
-1.14039960197003e-06,0.98215992784996,0.0178400721500401,0.98215992784996,1.00000110007293
-1.12473717836475e-06,0.981907077299138,0.0180929227008622,0.981907077299138,1.0000010844058
-1.10928986489522e-06,0.981650577218088,0.0183494227819121,0.981650577218088,1.00000106895371
-1.09405470720574e-06,0.981390372982446,0.0186096270175536,0.981390372982446,1.0000010537137
-1.07902879151618e-06,0.981126409091528,0.0188735909084724,0.981126409091528,1.00000103868286
-1.06420924406472e-06,0.980858629152464,0.0191413708475362,0.980858629152464,1.00000102385831
-1.04959323055823e-06,0.980586975864002,0.019413024135998,0.980586975864002,1.00000100923723
-1.03517795563018e-06,0.98031139099995,0.0196886090000501,0.98031139099995,1.00000099481681
-1.02096066230605e-06,0.980031815392259,0.0199681846077411,0.980031815392259,1.00000098059429
-1.00693863147603e-06,0.979748188913737,0.0202518110862633,0.979748188913737,1.00000096656695
-9.9310918137498e-07,0.979460450460379,0.0205395495396212,0.979460450460379,1.00000095273212
-9.79469667069539e-07,0.979168537933307,0.0208314620666928,0.979168537933307,1.00000093908714
-9.66017479952265e-07,0.978872388220308,0.021127611779692,0.978872388220308,1.0000009256294
-9.5275004724273e-07,0.978571937176954,0.0214280628230458,0.978571937176954,1.00000091235634
-9.39664831495469e-07,0.978267119607304,0.021732880392696,0.978267119607304,1.00000089926541
-9.26759330114688e-07,0.977957869244162,0.022042130755838,0.977957869244162,1.0000008863541
-9.14031074875622e-07,0.977644118728891,0.0223558812711088,0.977644118728891,1.00000087361995
-9.01477631452492e-07,0.977325799590763,0.0226742004092373,0.977325799590763,1.00000086106053
-8.89096598952917e-07,0.977002842225831,0.0229971577741693,0.977002842225831,1.00000084867343
-8.76885609458743e-07,0.976675175875318,0.0233248241246819,0.976675175875318,1.00000083645627
-8.64842327573173e-07,0.9763427286035,0.0236572713965001,0.9763427286035,1.00000082440673
-8.52964449974102e-07,0.976005427275069,0.0239945727249313,0.976005427275069,1.0000008125225
-8.41249704973612e-07,0.975663197531968,0.024336802468032,0.975663197531968,1.0000008008013
-8.29695852083491e-07,0.975315963769677,0.0246840362303233,0.975315963769677,1.0000007892409
-8.18300681586739e-07,0.97496364911293,0.0250363508870699,0.97496364911293,1.00000077783908
-8.07062014114951e-07,0.974606175390859,0.0253938246091412,0.974606175390859,1.00000076659366
-7.95977700231498e-07,0.97424346311153,0.0257565368884705,0.97424346311153,1.00000075550249
-7.85045620020451e-07,0.973875431435869,0.0261245685641307,0.973875431435869,1.00000074456345
-7.74263682681128e-07,0.973501998150954,0.026498001849046,0.973501998150954,1.00000073377445
-7.63629826128224e-07,0.973123079642642,0.0268769203573575,0.973123079642642,1.00000072313341
-7.53142016597438e-07,0.972738590867536,0.0272614091324642,0.972738590867536,1.00000071263831
-7.42798248256491e-07,0.97234844532424,0.0276515546757596,0.97234844532424,1.00000070228715
-7.32596542821523e-07,0.971952555023915,0.0280474449760855,0.971952555023915,1.00000069207792
-7.22534949178722e-07,0.971550830460074,0.028449169539926,0.971550830460074,1.0000006820087
-7.12611543011174e-07,0.971143180577635,0.0288568194223648,0.971143180577635,1.00000067207754
-7.02824426430834e-07,0.970729512741171,0.0292704872588288,0.970729512741171,1.00000066228255
-6.9317172761554e-07,0.970309732702354,0.0296902672976462,0.970309732702354,1.00000065262186
-6.83651600451024e-07,0.969883744566558,0.0301162554334422,0.969883744566558,1.00000064309361
-6.74262224177835e-07,0.969451450758599,0.0305485492414009,0.969451450758599,1.00000063369599
-6.65001803043112e-07,0.969012751987578,0.0309872480124215,0.969012751987578,1.00000062442719
-6.55868565957142e-07,0.968567547210801,0.0314324527891988,0.968567547210801,1.00000061528545
-6.46860766154632e-07,0.968115733596743,0.0318842664032568,0.968115733596743,1.00000060626901
-6.37976680860628e-07,0.96765720648703,0.0323427935129698,0.96765720648703,1.00000059737614
-6.29214610961035e-07,0.967191859357398,0.0328081406426016,0.967191859357398,1.00000058860516
-6.2057288067765e-07,0.966719583777601,0.0332804162223989,0.966719583777601,1.00000057995437
-6.12049837247669e-07,0.966240269370226,0.0337597306297743,0.966240269370226,1.00000057142213
-6.03643850607586e-07,0.965753803768384,0.0342461962316158,0.965753803768384,1.00000056300679
-5.95353313081437e-07,0.965260072572237,0.0347399274277629,0.965260072572237,1.00000055470676
-5.87176639073326e-07,0.964758959304311,0.0352410406956888,0.964758959304311,1.00000054652044
-5.79112264764176e-07,0.964250345363569,0.0357496546364311,0.964250345363569,1.00000053844627
-5.71158647812642e-07,0.963734109978184,0.036265890021816,0.963734109978184,1.00000053048269
-5.63314267060135e-07,0.963210130156979,0.0367898698430208,0.963210130156979,1.00000052262819
-5.55577622239888e-07,0.962678280639476,0.0373217193605242,0.962678280639476,1.00000051488127
-5.47947233690029e-07,0.962138433844507,0.0378615661554926,0.962138433844507,1.00000050724043
-5.40421642070592e-07,0.961590459817343,0.0384095401826565,0.961590459817343,1.00000049970423
-5.32999408084408e-07,0.96103422617527,0.0389657738247303,0.96103422617527,1.00000049227121
-5.25679112201842e-07,0.960469598051566,0.0395304019484337,0.960469598051566,1.00000048493995
-5.18459354389291e-07,0.959896438037827,0.0401035619621735,0.959896438037827,1.00000047770906
-5.11338753841433e-07,0.959314606124552,0.0406853938754482,0.959314606124552,1.00000047057714
-5.04315948717136e-07,0.958723959639959,0.0412760403600412,0.958723959639959,1.00000046354283
-4.97389595879006e-07,0.95812435318693,0.04187564681307,0.95812435318693,1.00000045660478
-4.90558370636505e-07,0.957515638578037,0.0424843614219632,0.957515638578037,1.00000044976167
-4.83820966492596e-07,0.956897664768559,0.0431023352314406,0.956897664768559,1.00000044301219
-4.77176094893875e-07,0.956270277787428,0.0437297222125725,0.956270277787428,1.00000043635504
-4.70622484984128e-07,0.955633320665997,0.0443666793340029,0.955633320665997,1.00000042978895
-4.64158883361277e-07,0.95498663336458,0.0450133666354201,0.95498663336458,1.00000042331266
-4.57784053837662e-07,0.954330052696634,0.0456699473033662,0.954330052696634,1.00000041692493
-4.5149677720361e-07,0.953663412250521,0.0463365877494792,0.953663412250521,1.00000041062454
-4.45295850994266e-07,0.952986542308734,0.0470134576912664,0.952986542308734,1.00000040441028
-4.39180089259609e-07,0.952299269764486,0.0477007302355139,0.952299269764486,1.00000039828096
-4.33148322337639e-07,0.951601418035561,0.0483985819644394,0.951601418035561,1.00000039223541
-4.27199396630678e-07,0.950892806975294,0.0491071930247062,0.950892806975294,1.00000038627247
-4.21332174384729e-07,0.950173252780585,0.0498267472194146,0.950173252780585,1.00000038039099
-4.15545533471888e-07,0.9494425678968,0.0505574321032002,0.9494425678968,1.00000037458986
-4.09838367175726e-07,0.948700560919429,0.0512994390805706,0.948700560919429,1.00000036886795
-4.0420958397963e-07,0.947947036492379,0.0520529635076212,0.947947036492379,1.00000036322418
-3.98658107358044e-07,0.947181795202724,0.0528182047972764,0.947181795202724,1.00000035765746
-3.93182875570577e-07,0.946404633471787,0.0535953665282126,0.946404633471787,1.00000035216672
-3.87782841458946e-07,0.945615343442375,0.0543846565576248,0.945615343442375,1.00000034675091
-3.824569722467e-07,0.944813712861991,0.0551862871380094,0.944813712861991,1.00000034140899
-3.77204249341699e-07,0.943999524961855,0.0560004750381449,0.943999524961855,1.00000033613995
-3.72023668141307e-07,0.943172558331539,0.0568274416684614,0.943172558331539,1.00000033094276
-3.66914237840249e-07,0.942332586788998,0.0576674132110018,0.942332586788998,1.00000032581643
-3.61874981241128e-07,0.941479379245815,0.0585206207541852,0.941479379245815,1.00000032075998
-3.56904934567523e-07,0.940612699567398,0.0593873004326016,0.940612699567398,1.00000031577244
-3.52003147279668e-07,0.939732306427929,0.0602676935720714,0.939732306427929,1.00000031085286
-3.47168681892656e-07,0.938837953159775,0.0611620468402253,0.938837953159775,1.00000030600027
-3.42400613797143e-07,0.937929387597132,0.0620706124028683,0.937929387597132,1.00000030121377
-3.37698031082509e-07,0.937006351913591,0.0629936480864093,0.937006351913591,1.00000029649242
-3.33060034362459e-07,0.936068582453344,0.0639314175466565,0.936068582453344,1.00000029183533
-3.28485736603004e-07,0.935115809555708,0.0648841904442916,0.935115809555708,1.00000028724159
-3.2397426295282e-07,0.934147757372639,0.0658522426273613,0.934147757372639,1.00000028271032
-3.19524750575921e-07,0.933164143678861,0.0668358563211389,0.933164143678861,1.00000027824066
-3.15136348486648e-07,0.932164679674267,0.0678353203257333,0.932164679674267,1.00000027383174
-3.10808217386906e-07,0.931149069778153,0.0688509302218469,0.931149069778153,1.00000026948272
-3.06539529505652e-07,0.930117011414893,0.0698829885851069,0.930117011414893,1.00000026519276
-3.02329468440578e-07,0.929068194790577,0.0709318052094228,0.929068194790577,1.00000026096104
-2.98177229001967e-07,0.928002302660148,0.0719976973398518,0.928002302660148,1.00000025678673
-2.94082017058707e-07,0.926919010084517,0.0730809899154831,0.926919010084517,1.00000025266905
-2.90043049386399e-07,0.925817984177113,0.0741820158228873,0.925817984177113,1.00000024860719
-2.86059553517574e-07,0.924698883839287,0.0753011161607127,0.924698883839287,1.00000024460038
-2.82130767593947e-07,0.923561359483951,0.0764386405160488,0.923561359483951,1.00000024064784
-2.78255940220713e-07,0.922405052746781,0.0775949472532186,0.922405052746781,1.0000002367488
-2.74434330322837e-07,0.921229596184293,0.0787704038157066,0.921229596184293,1.00000023290253
-2.70665207003324e-07,0.920034612958021,0.0799653870419785,0.920034612958021,1.00000022910827
-2.66947849403432e-07,0.918819716504,0.0811802834960001,0.918819716504,1.0000002253653
-2.63281546564802e-07,0.917584510186679,0.0824154898133211,0.917584510186679,1.00000022167288
-2.59665597293487e-07,0.916328586936349,0.0836714130636507,0.916328586936349,1.00000021803032
-2.56099310025846e-07,0.915051528869084,0.084948471130916,0.915051528869084,1.0000002144369
-2.52582002696278e-07,0.91375290688813,0.0862470931118704,0.91375290688813,1.00000021089192
-2.49113002606779e-07,0.912432280265605,0.087567719734395,0.912432280265605,1.00000020739471
-2.45691646298279e-07,0.911089196203277,0.088910803796723,0.911089196203277,1.00000020394459
-2.4231727942376e-07,0.909723189371093,0.0902768106289075,0.909723189371093,1.00000020054088
-2.38989256623105e-07,0.908333781422045,0.0916662185779552,0.908333781422045,1.00000019718293
-2.35706941399673e-07,0.90692048048184,0.0930795195181598,0.90692048048184,1.00000019387008
-2.32469705998565e-07,0.905482780611715,0.0945172193882852,0.905482780611715,1.00000019060169
-2.29276931286565e-07,0.904020161242616,0.0959798387573843,0.904020161242616,1.00000018737713
-2.26128006633728e-07,0.902532086578823,0.0974679134211772,0.902532086578823,1.00000018419577
-2.23022329796594e-07,0.901018004968927,0.0989819950310725,0.901018004968927,1.00000018105699
-2.19959306803007e-07,0.899477348241915,0.100522651758085,0.899477348241915,1.00000017796017
-2.16938351838518e-07,0.897909531005906,0.102090468994094,0.897909531005906,1.00000017490471
-2.13958887134342e-07,0.896313949906913,0.103686050093087,0.896313949906913,1.00000017189001
-2.1102034285686e-07,0.894689982844734,0.105310017155266,0.894689982844734,1.00000016891549
-2.08122156998634e-07,0.893036988142853,0.106963011857147,0.893036988142853,1.00000016598055
-2.05263775270925e-07,0.891354303668959,0.108645696331041,0.891354303668959,1.00000016308463
-2.0244465099768e-07,0.889641245902371,0.110358754097629,0.889641245902371,1.00000016022716
-1.99664245010979e-07,0.887897108944329,0.112102891055671,0.887897108944329,1.00000015740756
-1.96922025547917e-07,0.886121163466742,0.113878836533258,0.886121163466742,1.00000015462528
-1.94217468148903e-07,0.884312655594575,0.115687344405425,0.884312655594575,1.00000015187978
-1.91550055557353e-07,0.882470805716589,0.117529194283411,0.882470805716589,1.00000014917051
-1.88919277620766e-07,0.880594807218655,0.119405192781345,0.880594807218655,1.00000014649693
-1.86324631193156e-07,0.878683825133283,0.121316174866717,0.878683825133283,1.0000001438585
-1.83765620038817e-07,0.876736994698393,0.123263005301607,0.876736994698393,1.00000014125471
-1.81241754737424e-07,0.874753419817648,0.125246580182352,0.874753419817648,1.00000013868502
-1.78752552590424e-07,0.872732171413867,0.127267828586133,0.872732171413867,1.00000013614893
-1.7629753752872e-07,0.870672285666183,0.129327714333817,0.870672285666183,1.00000013364591
-1.73876240021625e-07,0.868572762120602,0.131427237879398,0.868572762120602,1.00000013117548
-1.71488196987054e-07,0.866432561662512,0.133567438337488,0.866432561662512,1.00000012873711
-1.69132951702965e-07,0.86425060433844,0.13574939566156,0.86425060433844,1.00000012633032
-1.66810053720006e-07,0.862025767012956,0.137974232987044,0.862025767012956,1.00000012395462
-1.64519058775366e-07,0.859756880844991,0.140243119155009,0.859756880844991,1.00000012160951
-1.62259528707809e-07,0.857442728566055,0.142557271433945,0.857442728566055,1.00000011929451
-1.6003103137387e-07,0.855082041540777,0.144917958459223,0.855082041540777,1.00000011700914
-1.57833140565212e-07,0.852673496587826,0.147326503412174,0.852673496587826,1.00000011475291
-1.55665435927106e-07,0.850215712536631,0.149784287463369,0.850215712536631,1.00000011252537
-1.53527502878042e-07,0.847707246492236,0.152292753507764,0.847707246492236,1.00000011032603
-1.51418932530435e-07,0.845146589777116,0.154853410222884,0.845146589777116,1.00000010815442
-1.49339321612425e-07,0.842532163514779,0.157467836485221,0.842532163514779,1.00000010601008
-1.4728827239075e-07,0.839862313815301,0.160137686184699,0.839862313815301,1.00000010389254
-1.45265392594678e-07,0.837135306517582,0.162864693482418,0.837135306517582,1.00000010180134
-1.43270295340983e-07,0.834349321436888,0.165650678563112,0.834349321436888,1.00000009973601
-1.41302599059953e-07,0.831502446058997,0.168497553941003,0.831502446058997,1.0000000976961
-1.39361927422414e-07,0.828592668613825,0.171407331386175,0.828592668613825,1.00000009568113
-1.37447909267754e-07,0.825617870451524,0.174382129548476,0.825617870451524,1.00000009369066
-1.35560178532937e-07,0.822575817632431,0.177424182367569,0.822575817632431,1.00000009172422
-1.33698374182495e-07,0.819464151628591,0.180535848371409,0.819464151628591,1.00000008978133
-1.31862140139475e-07,0.816280379018368,0.183719620981632,0.816280379018368,1.00000008786154
-1.30051125217341e-07,0.813021860036466,0.186978139963534,0.813021860036466,1.00000008596438
-1.28264983052806e-07,0.809685795818786,0.190314204181214,0.809685795818786,1.00000008408938
-1.2650337203959e-07,0.806269214154081,0.193730785845919,0.806269214154081,1.00000008223605
-1.24765955263087e-07,0.802768953521409,0.197231046478591,0.802768953521409,1.00000008040392
-1.23052400435926e-07,0.799181645152496,0.200818354847504,0.799181645152496,1.0000000785925
-1.21362379834424e-07,0.795503692809694,0.204496307190306,0.795503692809694,1.00000007680128
-1.19695570235904e-07,0.791731249911072,0.208268750088928,0.791731249911072,1.00000007502978
-1.18051652856881e-07,0.787860193561622,0.212139806438378,0.787860193561622,1.00000007327746
-1.16430313292088e-07,0.783886094959838,0.216113905040162,0.783886094959838,1.0000000715438
-1.14831241454351e-07,0.779804185537619,0.220195814462381,0.779804185537619,1.00000006982825
-1.13254131515281e-07,0.775609318052016,0.224390681947984,0.775609318052016,1.00000006813027
-1.11698681846782e-07,0.771295921671921,0.228704078328079,0.771295921671921,1.00000006644926
-1.10164594963366e-07,0.766857949880065,0.233142050119935,0.766857949880065,1.00000006478462
-1.08651577465254e-07,0.762288819725899,0.237711180274101,0.762288819725899,1.00000006313572
-1.07159339982267e-07,0.757581340597574,0.242418659402426,0.757581340597574,1.00000006150191
-1.05687597118481e-07,0.752727630203058,0.247272369796942,0.752727630203058,1.00000005988247
-1.0423606739764e-07,0.747719014822015,0.252280985177985,0.747719014822015,1.00000005827669
-1.02804473209331e-07,0.742545910055348,0.257454089944652,0.742545910055348,1.00000005668376
-1.01392540755881e-07,0.737197677178074,0.262802322821926,0.737197677178074,1.00000005510283
-1e-07,0.731662448676417,0.268337551323583,0.731662448676417,1.00000005353299
-9.86265846131283e-08,0.725926914448567,0.274073085551433,0.725926914448567,1.00000005197324
-9.72720319245054e-08,0.719976057209925,0.280023942790075,0.719976057209925,1.00000005042247
-9.59360828709315e-08,0.713792821468074,0.286207178531926,0.713792821468074,1.00000004887945
-9.46184819472199e-08,0.707357694394276,0.292642305605724,0.707357694394276,1.00000004734282
-9.33189771573324e-08,0.700648168014277,0.299351831985723,0.700648168014277,1.00000004581102
-9.20373199661823e-08,0.693638038724113,0.306361961275887,0.693638038724113,1.00000004428226
-9.07732652521022e-08,0.686296479422287,0.313703520577713,0.686296479422287,1.00000004275447
-8.9526571259964e-08,0.678586786681426,0.321413213318574,0.678586786681426,1.0000000412252
-8.82969995549408e-08,0.670464651578569,0.329535348421431,0.670464651578569,1.00000003969152
-8.70843149769072e-08,0.661875711519544,0.338124288480456,0.661875711519544,1.00000003814985
-8.58882855954626e-08,0.652751978947085,0.347248021052915,0.652751978947085,1.00000003659572
-8.4708682665574e-08,0.643006442967032,0.356993557032968,0.643006442967032,1.00000003502342
-8.35452805838287e-08,0.632524549421827,0.367475450578173,0.632524549421827,1.00000003342541
-8.23978568452851e-08,0.621150015903627,0.378849984096373,0.621150015903627,1.00000003179135
-8.12661920009195e-08,0.608659548751187,0.391340451248813,0.608659548751187,1.0000000301064
-8.01500696156541e-08,0.594713521437908,0.405286478562092,0.594713521437908,1.00000002834781
-7.90492762269642e-08,0.57874681810179,0.42125318189821,0.57874681810179,1.00000002647739
-7.79636013040524e-08,0.559676126122502,0.440323873877498,0.559676126122502,1.00000002442111
-7.68928372075831e-08,0.534793904469283,0.465206095530717,0.534793904469283,1.0000000219917
-7.58367791499719e-08,0.486895300785042,0.513104699214958,0.486895300785042,1.0000000179784
