-0.001,0.933168959834298,0.00446635322218746,0.0623646869435144,0.0623646869435144,0.870804272890784,1.00099998005169
-0.000986265846131283,0.932937957845377,0.0044972828081493,0.0625647593464733,0.0625647593464732,0.870373198498904,1.00098624589836
-0.000972720319245054,0.93270615510652,0.00452842688844849,0.0627654180050318,0.0627654180050318,0.869940737101488,1.00097270037201
-0.000959360828709315,0.932473548881703,0.00455978694628899,0.0629666641720076,0.0629666641720076,0.869506884709696,1.00095934088201
-0.000946184819472199,0.932240136425283,0.00459136447513507,0.0631684990995816,0.0631684990995816,0.869071637325702,1.0009461648733
-0.000933189771573324,0.932005914981961,0.00462316097878186,0.0633709240392571,0.063370924039257,0.868634990942704,1.00093316982593
-0.000920373199661823,0.931770881786755,0.00465517797142654,0.0635739402418185,0.0635739402418185,0.868196941544936,1.00092035325455
-0.000907732652521022,0.93153503406497,0.00468741697773992,0.0637775489572905,0.0637775489572906,0.867757485107679,1.00090771270793
-0.00089526571259964,0.931298369032166,0.00471987953293858,0.0639817514348953,0.0639817514348953,0.867316617597271,1.00089524576853
-0.000882969995549408,0.931060883894131,0.00475256718285747,0.0641865489230111,0.0641865489230111,0.86687433497112,1.000882950052
-0.000870843149769072,0.930822575846848,0.004785481484023,0.064391942669129,0.064391942669129,0.866430633177719,1.00087082320674
-0.000858882855954626,0.930583442076463,0.00481862400372666,0.0645979339198104,0.0645979339198103,0.865985508156653,1.00085886291344
-0.00084708682665574,0.930343479759258,0.00485199632009913,0.0648045239206434,0.0648045239206433,0.865538955838614,1.00084706688465
-0.000835452805838287,0.930102686061616,0.00488560002218489,0.065011713916199,0.0650117139161991,0.865090972145417,1.00083543286434
-0.000823978568452851,0.929861058139995,0.00491943671001736,0.0652195051499874,0.0652195051499874,0.864641552990008,1.00082395862746
-0.000812661920009195,0.929618593140893,0.00495350799469454,0.0654278988644125,0.0654278988644126,0.86419069427648,1.00081264197953
-0.000801500696156541,0.929375288200817,0.00498781549845517,0.0656368963007282,0.0656368963007282,0.863738391900088,1.00080148075618
-0.000790492762269642,0.929131140446253,0.00502236085475545,0.065846498698992,0.065846498698992,0.863284641747261,1.00079047282279
-0.000779636013040524,0.928886146993634,0.0050571457083462,0.0660567072980197,0.0660567072980197,0.862829439695614,1.00077961607407
-0.000768928372075831,0.92864030494931,0.00509217171535065,0.0662675233353397,0.0662675233353396,0.86237278161397,1.0007689084336
-0.000758367791499719,0.928393611409512,0.00512744054334267,0.0664789480471453,0.0664789480471453,0.861914663362367,1.00075834785352
-0.000747952251562183,0.928146063460326,0.00516295387142565,0.0666909826682488,0.0666909826682488,0.861455080792077,1.00074793231408
-0.000737679760252773,0.927897658177655,0.00519871339031177,0.0669036284320337,0.0669036284320337,0.860994029745621,1.00073765982326
-0.000727548352919623,0.927648392627191,0.00523472080240195,0.0671168865704067,0.0671168865704067,0.860531506056785,1.00072752841642
-0.000717556091893692,0.927398263864384,0.00527097782186629,0.0673307583137499,0.0673307583137499,0.860067505550634,1.00071753615588
-0.000707701066118189,0.927147268934403,0.00530748617472503,0.0675452448908716,0.0675452448908717,0.859602024043532,1.0007076811306
-0.000697981390783067,0.926895404872112,0.00534424759893016,0.0677603475289577,0.0677603475289578,0.859135057343154,1.00069796145575
-0.00068839520696455,0.926642668702031,0.00538126384444747,0.0679760674535219,0.0679760674535218,0.858666601248509,1.00068837527242
-0.000678940681269611,0.926389057438305,0.00541853667333924,0.0681924058883556,0.0681924058883556,0.85819665154995,1.0006789207472
-0.000669616005485322,0.926134568084674,0.00545606785984751,0.068409364055478,0.0684093640554779,0.857725204029196,1.0006695960719
-0.000660419396233031,0.925879197634438,0.00549385919047782,0.0686269431750845,0.0686269431750844,0.857252254459353,1.00066039946313
-0.000651349094627281,0.92562294307042,0.00553191246408365,0.0688451444654961,0.0688451444654961,0.856777798604924,1.00065132916201
-0.000642403365939419,0.925365801364941,0.00557022949195139,0.0690639691431072,0.0690639691431072,0.856301832221834,1.0006423834338
-0.000633580499265825,0.925107769479781,0.00560881209788581,0.0692834184223334,0.0692834184223334,0.855824351057447,1.0006335605676
-0.000624878807200689,0.924848844366145,0.00564766211829625,0.069503493515559,0.069503493515559,0.855345350850586,1.00062485887601
-0.000616296625513294,0.924589022964633,0.0056867814022833,0.0697241956330837,0.0697241956330836,0.854864827331549,1.0006162766948
-0.000607832312829724,0.924328302205205,0.00572617181172616,0.069945525983069,0.069945525983069,0.854382776222136,1.00060781238259
-0.000599484250318941,0.924066679007145,0.0057658352213705,0.0701674857714841,0.0701674857714841,0.853899193235661,1.00059946432055
-0.000591250841383188,0.923804150279031,0.00580577351891697,0.0703900762020516,0.0703900762020516,0.85341407407698,1.00059123091209
-0.000583130511352622,0.923540712918698,0.00584598860511035,0.0706132984761917,0.0706132984761918,0.852927414442506,1.00058311058253
-0.000575121707184161,0.923276363813203,0.00588648239382924,0.0708371537929677,0.0708371537929676,0.852439210020235,1.00057510177883
-0.000567222897164455,0.923011099838795,0.00592725681217644,0.071061643349029,0.071061643349029,0.851949456489766,1.00056720296928
-0.000559432570616938,0.922744917860875,0.00596831380056988,0.0712867683385552,0.0712867683385552,0.85145814952232,1.0005594126432
-0.000551749237612913,0.922477814733967,0.00600965531283418,0.0715125299531988,0.0715125299531988,0.850965284780768,1.00055172931066
-0.000544171428686589,0.922209787301679,0.00605128331629291,0.071738929382028,0.0717389293820281,0.850470857919651,1.0005441515022
-0.000536697694554048,0.921940832396671,0.00609319979186139,0.071965967811468,0.071965967811468,0.849974864585203,1.00053667776853
-0.000529326605836056,0.921670946840616,0.00613540673414017,0.0721936464252434,0.0721936464252434,0.849477300415373,1.00052930668028
-0.000522056752784698,0.921400127444173,0.00617790615150914,0.0724219664043181,0.0724219664043181,0.848978161039855,1.00052203682769
-0.00051488674501375,0.921128371006941,0.00622070006622228,0.0726509289268367,0.0726509289268367,0.848477442080104,1.00051486682038
-0.000507815211232767,0.920855674317433,0.00626379051450312,0.072880535168064,0.072880535168064,0.847975139149369,1.00050779528707
-0.000500840798984821,0.920582034153035,0.00630717954664067,0.073110786300324,0.0731107863003241,0.847471247852711,1.00050082087528
-0.000493962174387832,0.920307447279974,0.00635086922708627,0.0733416834929395,0.0733416834929396,0.846965763787035,1.00049394225114
-0.000487178021879463,0.920031910453279,0.00639486163455087,0.0735732279121699,0.0735732279121699,0.846458682541109,1.0004871580991
-0.000480487043965513,0.919755420416748,0.00643915886210313,0.0738054207211491,0.0738054207211492,0.845949999695599,1.00048046712164
-0.000473887960971765,0.919477973902909,0.00648376301726807,0.074038263079823,0.074038263079823,0.845439710823086,1.00047386803911
-0.000467379510799246,0.919199567632988,0.0065286762221265,0.0742717561448855,0.0742717561448855,0.844927811488102,1.0004673595894
-0.000460960448682843,0.918920198316869,0.00657390061341508,0.0745059010697156,0.0745059010697157,0.844414297247154,1.00046094052774
-0.00045462954695324,0.918639862653061,0.00661943834262701,0.0747406990043121,0.074740699004312,0.843899163648749,1.00045460962647
-0.000448385594802119,0.918358557328657,0.00666529157611356,0.0749761510952291,0.0749761510952291,0.843382406233428,1.00044836567477
-0.00044222739805059,0.918076279019303,0.0067114624951861,0.0752122584855106,0.0752122584855105,0.842864020533793,1.00044220747848
-0.000436153778920801,0.917793024389157,0.00675795329621899,0.0754490223146236,0.0754490223146236,0.842344002074534,1.00043613385981
-0.000430163575810679,0.917508790090855,0.0068047661907531,0.0756864437183924,0.0756864437183924,0.841822346372462,1.00043014365715
-0.000424255643071778,0.917223572765469,0.0068519034056,0.0759245238289306,0.0759245238289306,0.841299048936539,1.00042423572487
-0.000418428850790158,0.916937369042479,0.00689936718294696,0.0761632637745737,0.0761632637745737,0.840774105267906,1.00041840893305
-0.000412682084570295,0.916650175539727,0.00694715978046258,0.0764026646798104,0.0764026646798104,0.840247510859917,1.00041266216728
-0.000407014245321944,0.916361988863383,0.00699528347140318,0.0766427276652134,0.0766427276652134,0.83971926119817,1.00040699432849
-0.000401424249049932,0.91607280560791,0.00704374054471994,0.0768834538473705,0.0768834538473705,0.839189351760539,1.00040140433267
-0.000395911026646846,0.91578262235602,0.00709253330516667,0.0771248443388132,0.0771248443388132,0.838657778017207,1.00039589111073
-0.000390473523688556,0.915491435678644,0.00714166407340845,0.0773669002479472,0.0773669002479472,0.838124535430697,1.00039045360822
-0.000385110700232557,0.915199242134889,0.00719113518613096,0.0776096226789797,0.0776096226789796,0.83758961945591,1.00038509078522
-0.000379821530619074,0.914906038272001,0.00724094899615046,0.0778530127318481,0.0778530127318481,0.837053025540153,1.00037980161607
-0.000374605003274899,0.914611820625328,0.0072911078725247,0.0780970715021472,0.0780970715021472,0.836514749123181,1.00037458508918
-0.00036946012051993,0.91431658571828,0.00734161420066441,0.0783418000810556,0.0783418000810556,0.835974785637224,1.00036944020688
-0.000364385898376355,0.914020330062292,0.00739247038244569,0.0785871995552619,0.0785871995552618,0.83543313050703,1.00036436598519
-0.000359381366380463,0.913723050156787,0.00744367883632311,0.0788332710068903,0.0788332710068903,0.834889779149896,1.00035936145365
-0.000354445567397044,0.913424742489132,0.00749524199744351,0.0790800155134249,0.0790800155134249,0.834344726975707,1.00035442565512
-0.000349577557436327,0.913125403534605,0.00754716231776072,0.0793274341476344,0.0793274341476344,0.83379796938697,1.00034955764562
-0.000344776405473446,0.912825029756354,0.00759944226615093,0.0795755279774951,0.0795755279774951,0.833249501778859,1.00034475649411
-0.000340041193270371,0.912523617605357,0.00765208432852897,0.0798242980661138,0.0798242980661139,0.832699319539243,1.00034002128236
-0.000335371015200293,0.912221163520384,0.00770509100796524,0.0800737454716504,0.0800737454716504,0.832147418048734,1.00033535110475
-0.000330764978074424,0.911917663927958,0.00775846482480357,0.0803238712472385,0.0803238712472384,0.83159379268072,1.00033074506808
-0.000326222200971167,0.911613115242313,0.0078122083167798,0.0805746764409071,0.0805746764409071,0.831038438801406,1.00032620229143
-0.000321741815067637,0.911307513865358,0.0078663240391412,0.0808261620955002,0.0808261620955003,0.830481351769858,1.00032172190599
-0.000317322963473498,0.911000856186637,0.00792081456476668,0.0810783292485966,0.0810783292485966,0.82992252693804,1.00031730305485
-0.000312964801067075,0.910693138583284,0.00797568248428788,0.0813311789324282,0.0813311789324281,0.829361959650856,1.0003129448929
-0.000308666494333727,0.910384357419991,0.00803093040621099,0.0815847121737984,0.0815847121737985,0.828799645246192,1.00030864658663
-0.00030442722120643,0.910074509048961,0.00808656095703949,0.0818389299939996,0.0818389299939996,0.828235579054961,1.00030440731396
-0.000300246170908555,0.909763589809873,0.00814257678139765,0.0820938334087294,0.0820938334087294,0.827669756401144,1.00030022626412
-0.000296122543798804,0.909451596029838,0.00819898054215496,0.082349423428007,0.0823494234280069,0.827102172601831,1.00029610263747
-0.000292055551218275,0.90913852402336,0.00825577492055129,0.0826057010560882,0.0826057010560882,0.826532822967272,1.00029203564535
-0.00028804441533963,0.908824370092297,0.008312962616323,0.0828626672913799,0.0828626672913799,0.825961702800917,1.00028802450993
-0.00028408836901833,0.908509130525816,0.0083705463478299,0.0831203231263541,0.0831203231263541,0.825388807399462,1.00028406846407
-0.00028018665564592,0.908192801600356,0.00842852885218297,0.0833786695474607,0.0833786695474608,0.824814132052896,1.00028016675116
-0.000276338529005317,0.907875379579587,0.00848691288537313,0.0836377075350401,0.0836377075350401,0.824237672044547,1.00027631862498
-0.000272543253128103,0.907556860714365,0.0085457012224007,0.0838974380632345,0.0838974380632345,0.82365942265113,1.00027252334956
-0.000268800102153761,0.907237241242695,0.00860489665740585,0.0841578620998988,0.0841578620998988,0.823079379142796,1.00026878019905
-0.000265108360190854,0.906916517389689,0.00866450200379993,0.084418980606511,0.0844189806065109,0.822497536783178,1.00026508845755
-0.000261467321180109,0.906594685367522,0.00872452009439764,0.0846807945380808,0.0846807945380809,0.821913890829441,1.00026144741901
-0.00025787628875938,0.906271741375391,0.00878495378155017,0.0849433048430591,0.084943304843059,0.821328436532332,1.00025785638705
-0.000254334576130465,0.905947681599476,0.00884580593727919,0.0852065124632448,0.0852065124632448,0.820741169136231,1.00025431467489
-0.000250841505927754,0.905622502212896,0.00890707945341174,0.0854704183336925,0.0854704183336925,0.820152083879203,1.00025082160515
-0.000247396410088681,0.905296199375665,0.00896877724171613,0.0857350233826186,0.0857350233826186,0.819561175993047,1.00024737650978
-0.000243998629725955,0.904968769234655,0.00903090223403862,0.0860003285313061,0.0860003285313061,0.818968440703349,1.00024397872988
-0.000240647515001543,0.904640207923548,0.00909345738244119,0.0862663346940103,0.0862663346940102,0.818373873229538,1.00024062761563
-0.000237342425002387,0.904310511562798,0.0091564456593401,0.0865330427778617,0.0865330427778617,0.817777468784937,1.0002373225261
-0.000234082727617829,0.903979676259585,0.00921987005764547,0.0868004536827694,0.0868004536827695,0.817179222576816,1.00023406282918
-0.000230867799418717,0.903647698107775,0.00928373359090182,0.0870685683013233,0.0870685683013233,0.816579129806452,1.00023084790145
-0.000227697025538168,0.903314573187875,0.00934803929342949,0.0873373875186954,0.0873373875186954,0.81597718566918,1.00022767712804
-0.000224569799553978,0.902980297566992,0.00941279022046712,0.0876069122125404,0.0876069122125404,0.815373385354452,1.00022454990253
-0.000221485523372636,0.90264486729879,0.00947798944831501,0.0878771432528954,0.0878771432528954,0.814767724045894,1.00022146562682
-0.000218443607114943,0.902308278423442,0.00954364007447946,0.0881480815020788,0.0881480815020788,0.814160196921363,1.00021842371104
-0.000215443469003188,0.901970526967593,0.00960974521781822,0.0884197278145884,0.0884197278145884,0.813550799153005,1.0002154235734
-0.000212484535249888,0.901631608944315,0.00967630801868668,0.0886920830369983,0.0886920830369983,0.812939525907317,1.00021246464012
-0.000209566239948044,0.901291520353059,0.00974333163908531,0.0889651480078554,0.0889651480078554,0.812326372345204,1.0002095463453
-0.000206688024962908,0.900950257179617,0.00981081926280796,0.0892389235575753,0.0892389235575753,0.811711333622041,1.00020666813079
-0.000203849339825246,0.900607815396073,0.00987877409559114,0.0895134105083359,0.0895134105083359,0.811094404887737,1.00020382944613
-0.00020104964162605,0.900264190960763,0.00994719936526442,0.0897886096739721,0.0897886096739721,0.810475581286791,1.00020102974841
-0.000198288394912707,0.89991937981823,0.0100160983219018,0.0900645218598679,0.090064521859868,0.809854857958362,1.00019826850218
-0.000195565071586595,0.899573377899177,0.010085474237974,0.0903411478628488,0.0903411478628489,0.809232230036328,1.00019554517934
-0.000192879150802078,0.899226181120425,0.010155330408502,0.0906184884710726,0.0906184884710727,0.808607692649353,1.00019285925903
-0.000190230118866895,0.898877785384869,0.0102256701512114,0.0908965444639194,0.0908965444639194,0.80798124092095,1.00019021022758
-0.000187617469143912,0.89852818658143,0.0102964968066882,0.0911753166118813,0.0911753166118814,0.807352869969549,1.00018759757834
-0.00018504070195423,0.898177380585015,0.0103678137385349,0.0914548056764501,0.0914548056764501,0.806722574908565,1.00018502081164
-0.000182499324481615,0.897825363256466,0.0104396243335284,0.0917350124100052,0.0917350124100051,0.806090350846461,1.00018247943465
-0.000179992850678248,0.897472130442521,0.0105119320017789,0.0920159375556996,0.0920159375556996,0.805456192886822,1.00017997296134
-0.000177520801171764,0.897117677975765,0.010584740176889,0.0922975818473455,0.0922975818473456,0.80482009612842,1.00017750091232
-0.000175082703173572,0.896762001674585,0.0106580523161154,0.0925799460092993,0.0925799460092993,0.804182055665286,1.00017506281482
-0.000172678090388436,0.896405097343125,0.0107318719005301,0.0928630307563444,0.0928630307563444,0.803542066586781,1.00017265820252
-0.000170306502925284,0.896046960771242,0.0108062024351839,0.0931468367935746,0.0931468367935745,0.802900123977667,1.00017028661555
-0.000167967487209265,0.895687587734455,0.0108810474492703,0.0934313648162751,0.093431364816275,0.80225622291818,1.00016794760033
-0.000165660595894992,0.895326973993905,0.0109564104962908,0.0937166155098037,0.0937166155098038,0.801610358484102,1.00016564070951
-0.000163385387780986,0.894965115296308,0.0110322951542214,0.0940025895494705,0.0940025895494706,0.800962525746837,1.00016336550189
-0.000161141427725302,0.894602007373904,0.0111087050256797,0.0942892876004161,0.0942892876004162,0.800312719773488,1.00016112154234
-0.000158928286562298,0.894237645944416,0.0111856437380941,0.0945767103174899,0.0945767103174898,0.799660935626926,1.00015890840167
-0.00015674554102056,0.893872026711001,0.0112631149438729,0.0948648583451264,0.0948648583451265,0.799007168365874,1.00015672565663
-0.000154592773641948,0.893505145362203,0.0113411223205759,0.0951537323172212,0.0951537323172212,0.798351413044982,1.00015457288976
-0.000152469572701757,0.893136997571909,0.0114196695710857,0.0954433328570055,0.0954433328570055,0.797693664714903,1.00015244968932
-0.000150375532129974,0.892767578999298,0.0114987604237817,0.0957336605769199,0.0957336605769199,0.797033918422378,1.00015035564925
-0.00014831025143361,0.892396885288799,0.0115783986327139,0.0960247160784869,0.0960247160784868,0.796372169210312,1.00014829036906
-0.000146273335620113,0.892024912070039,0.0116585879777788,0.0963164999521824,0.0963164999521824,0.795708412117856,1.00014625345376
-0.000144264395121816,0.891651654957798,0.0117393322648959,0.0966090127773066,0.0966090127773066,0.795042642180491,1.00014424451377
-0.000142283045721435,0.891277109551961,0.011820635326186,0.0969022551218529,0.0969022551218529,0.794374854430108,1.00014226316488
-0.000140328908478587,0.890901271437473,0.01190250102015,0.0971962275423769,0.0971962275423769,0.793705043895096,1.00014030902815
-0.000138401609657313,0.890524136184287,0.0119849332318495,0.0974909305838632,0.0974909305838633,0.793033205600424,1.00013838172984
-0.000136500780654601,0.89014569934732,0.0120679358730882,0.0977863647795921,0.0977863647795921,0.792359334567728,1.00013648090135
-0.000134626057929891,0.889765956466401,0.0121515128825949,0.0980825306510043,0.0980825306510044,0.791683425815396,1.00013460617915
-0.000132777082935543,0.889384903066227,0.0122356682262073,0.0983794287075656,0.0983794287075657,0.791005474358662,1.00013275720467
-0.000130953502048267,0.889002534656314,0.0123204058970574,0.098677059446629,0.0986770594466291,0.790325475209685,1.0001309336243
-0.000129154966501488,0.888618846730944,0.0124057299157582,0.0989754233532974,0.0989754233532973,0.789643423377647,1.00012913508928
-0.000127381132318648,0.888233834769125,0.012491644330591,0.0992745209002835,0.0992745209002834,0.788959313868842,1.00012736125562
-0.000125631660247412,0.887847494234535,0.0125781532176952,0.0995743525477702,0.0995743525477703,0.788273141686764,1.00012561178407
-0.000123906215694792,0.887459820575474,0.0126652606812577,0.0998749187432684,0.0998749187432684,0.787584901832205,1.00012388634004
-0.000122204468663149,0.88707080922482,0.0127529708537053,0.100176219921475,0.100176219921475,0.786894589303345,1.00012218459354
-0.000120526093687084,0.886680455599976,0.012841287895897,0.100478256504127,0.100478256504127,0.786202199095849,1.00012050621909
-0.00011887076977119,0.88628875510282,0.0129302159973188,0.100781028899861,0.100781028899861,0.78550772620296,1.00011885089571
-0.00011723818032866,0.885895703119661,0.0130197593762785,0.101084537504061,0.101084537504061,0.7848111656156,1.0001172183068
-0.000115628013120738,0.885501295021181,0.0131099222801031,0.101388782698716,0.101388782698716,0.784112512322465,1.00011560814013
-0.000114039960197003,0.885105526162395,0.0132007089853367,0.101693764852269,0.101693764852269,0.783411761310126,1.00011402008774
-0.000112473717836475,0.884708391882593,0.0132921237979399,0.101999484319467,0.101999484319467,0.782708907563125,1.00011245384592
-0.000110928986489522,0.884309887505296,0.0133841710534906,0.102305941441213,0.102305941441213,0.782003946064084,1.00011090911511
-0.000109405470720574,0.883910008338205,0.0134768551173865,0.102613136544409,0.102613136544409,0.781296871793796,1.00010938559988
-0.000107902879151618,0.883508749673145,0.0135701803850483,0.102921069941806,0.102921069941806,0.780587679731339,1.00010788300886
-0.000106420924406472,0.883106106786025,0.0136641512821245,0.103229741931851,0.103229741931851,0.779876364854174,1.00010640105466
-0.000104959323055823,0.882702074936778,0.013758772264698,0.103539152798524,0.103539152798524,0.779162922138255,1.00010493945386
-0.000103517795563018,0.882296649369318,0.0138540478194936,0.103849302811189,0.103849302811189,0.778447346558129,1.00010349792691
-0.000102096066230605,0.881889825311482,0.0139499824640868,0.104160192224431,0.104160192224432,0.77772963308705,1.00010207619813
-0.000100693863147603,0.881481597974986,0.0140465807471148,0.104471821277899,0.104471821277899,0.777009776697087,1.0001006739956
-9.9310918137498e-05,0.881071962555372,0.0141438472484877,0.10478419019614,0.10478419019614,0.776287772359232,1.00009929105115
-9.79469667069539e-05,0.880660914231954,0.0142417865796025,0.105097299188444,0.105097299188444,0.77556361504351,1.00009792710027
-9.66017479952265e-05,0.880248448167769,0.0143404033835571,0.105411148448673,0.105411148448673,0.774837299719096,1.00009658188212
-9.5275004724273e-05,0.879834559509529,0.014439702335367,0.105725738155104,0.105725738155104,0.774108821354425,1.00009525513941
-9.39664831495469e-05,0.879419243387562,0.0145396881421826,0.106041068470255,0.106041068470255,0.773378174917307,1.0000939466184
-9.26759330114688e-05,0.879002494915768,0.0146403655435082,0.106357139540724,0.106357139540724,0.772645355375044,1.00009265606882
-9.14031074875622e-05,0.878584309191563,0.0147417393114231,0.106673951497014,0.106673951497014,0.771910357694548,1.00009138324387
-9.01477631452492e-05,0.878164681295827,0.0148438142508028,0.10699150445337,0.10699150445337,0.771173176842457,1.00009012790009
-8.89096598952917e-05,0.877743606292856,0.014946595199543,0.107309798507601,0.107309798507601,0.770433807785254,1.00008888979741
-8.76885609458743e-05,0.877321079230304,0.0150500870287846,0.107628833740911,0.107628833740911,0.769692245489393,1.00008766869904
-8.64842327573173e-05,0.876897095139137,0.0151542946431398,0.107948610217723,0.107948610217723,0.768948484921415,1.00008646437142
-8.52964449974102e-05,0.876471649033576,0.0152592229809207,0.108269127985503,0.108269127985503,0.768202521048074,1.00008527658424
-8.41249704973612e-05,0.876044735911047,0.0153648770143683,0.108590387074585,0.108590387074585,0.767454348836462,1.00008410511032
-8.29695852083492e-05,0.875616350752126,0.0154712617498839,0.10891238749799,0.10891238749799,0.766703963254135,1.00008294972561
-8.18300681586739e-05,0.875186488520488,0.0155783822282615,0.10923512925125,0.10923512925125,0.765951359269238,1.00008181020915
-8.07062014114951e-05,0.874755144162856,0.0156862435249222,0.109558612312221,0.109558612312221,0.765196531850635,1.00008068634299
-7.95977700231498e-05,0.874322312608945,0.0157948507501498,0.109882836640905,0.109882836640905,0.76443947596804,1.00007957791219
-7.85045620020451e-05,0.873887988771408,0.0159042090493281,0.110207802179264,0.110207802179264,0.763680186592144,1.00007848470475
-7.74263682681128e-05,0.873452167545787,0.0160143236031797,0.110533508851034,0.110533508851034,0.762918658694753,1.00007740651161
-7.63629826128224e-05,0.873014843810455,0.016125199628007,0.110859956561538,0.110859956561538,0.762154887248917,1.00007634312655
-7.53142016597438e-05,0.872576012426567,0.0162368423759335,0.1111871451975,0.1111871451975,0.761388867229067,1.0000752943462
-7.42798248256491e-05,0.872135668238001,0.0163492571351483,0.11151507462685,0.11151507462685,0.760620593611151,1.00007425996996
-7.32596542821523e-05,0.871693806071312,0.0164624492301507,0.111843744698538,0.111843744698538,0.759850061372774,1.00007323980002
-7.22534949178722e-05,0.871250420735667,0.0165764240219978,0.112173155242335,0.112173155242335,0.759077265493332,1.00007223364126
-7.12611543011175e-05,0.870805507022803,0.016691186908553,0.112503306068644,0.112503306068644,0.758302200954159,1.00007124130125
-7.02824426430835e-05,0.870359059706965,0.0168067433247357,0.1128341969683,0.1128341969683,0.757524862738665,1.0000702625902
-6.9317172761554e-05,0.869911073544853,0.016923098742774,0.113165827712373,0.113165827712373,0.756745245832479,1.00006929732093
-6.83651600451024e-05,0.869461543275569,0.0170402586724581,0.113498198051973,0.113498198051973,0.755963345223597,1.00006834530883
-6.74262224177835e-05,0.869010463620564,0.0171582286613953,0.11383130771804,0.11383130771804,0.755179155902524,1.00006740637181
-6.65001803043112e-05,0.86855782928358,0.0172770142952674,0.114165156421153,0.114165156421153,0.754392672862427,1.00006648033032
-6.55868565957144e-05,0.868103634950596,0.017396621198089,0.114499743851315,0.114499743851315,0.75360389109928,1.00006556700723
-6.46860766154632e-05,0.867647875289774,0.0175170550324686,0.114835069677758,0.114835069677758,0.752812805612016,1.00006466622787
-6.37976680860628e-05,0.867190544951405,0.0176383214998701,0.115171133548725,0.115171133548725,0.75201941140268,1.00006377781997
-6.29214610961035e-05,0.866731638567852,0.0177604263408769,0.115507935091272,0.115507935091271,0.75122370347658,1.00006290161361
-6.2057288067765e-05,0.866271150753494,0.017883375335458,0.115845473911048,0.115845473911048,0.750425676842446,1.00006203744121
-6.1204983724767e-05,0.865809076104675,0.0180071743032347,0.11618374959209,0.11618374959209,0.749625326512585,1.0000611851375
-6.03643850607586e-05,0.865345409199644,0.0181318291037505,0.116522761696606,0.116522761696606,0.748822647503038,1.00006034453947
-5.95353313081437e-05,0.864880144598499,0.0182573456367416,0.116862509764759,0.116862509764759,0.74801763483374,1.00005951548636
-5.87176639073326e-05,0.864413276843137,0.0183837298424099,0.117202993314453,0.117202993314453,0.747210283528684,1.0000586978196
-5.79112264764176e-05,0.863944800457192,0.0185109877016977,0.117544211841111,0.117544211841111,0.746400588616081,1.00005789138281
-5.71158647812644e-05,0.863474709945981,0.0186391252365639,0.117886164817455,0.117886164817455,0.745588545128526,1.00005709602176
-5.63314267060135e-05,0.863002999796451,0.0187681485102624,0.118228851693287,0.118228851693287,0.744774148103164,1.00005631158433
-5.55577622239888e-05,0.862529664477118,0.0188980636276222,0.11857227189526,0.11857227189526,0.743957392581857,1.0000555379205
-5.47947233690028e-05,0.862054698438012,0.0190288767353291,0.118916424826659,0.118916424826659,0.743138273611354,1.0000547748823
-5.40421642070591e-05,0.861578096110625,0.0191605940222099,0.119261309867165,0.119261309867165,0.742316786243461,1.0000540223238
-5.32999408084409e-05,0.861099851907848,0.019293221719518,0.119606926372634,0.119606926372634,0.741492925535214,1.00005328010106
-5.25679112201842e-05,0.860619960223918,0.0194267661012207,0.119953273674861,0.119953273674861,0.740666686549057,1.00005254807213
-5.18459354389291e-05,0.860138415434361,0.0195612334842889,0.12030035108135,0.12030035108135,0.739838064353011,1.00005182609701
-5.11338753841432e-05,0.859655211895934,0.0196966302289888,0.120648157875077,0.120648157875077,0.739007054020857,1.00005111403763
-5.04315948717136e-05,0.859170343946569,0.0198329627391745,0.120996693314256,0.120996693314256,0.738173650632313,1.00005041175778
-4.97389595879007e-05,0.858683805905316,0.0199702374625838,0.1213459566321,0.1213459566321,0.737337849273216,1.00004971912317
-4.90558370636505e-05,0.858195592072285,0.0201084608911355,0.12169594703658,0.12169594703658,0.736499645035705,1.00004903600133
-4.83820966492596e-05,0.857705696728588,0.020247639561228,0.122046663710184,0.122046663710184,0.735659033018404,1.00004836226159
-4.77176094893874e-05,0.857214114136286,0.020387780054041,0.122398105809673,0.122398105809673,0.734816008326612,1.00004769777511
-4.70622484984128e-05,0.856720838538324,0.0205288889958385,0.122750272465838,0.122750272465838,0.733970566072486,1.00004704241481
-4.64158883361278e-05,0.85622586415848,0.0206709730582736,0.123103162783246,0.123103162783246,0.733122701375233,1.00004639605533
-4.57784053837662e-05,0.855729185201305,0.020814038958696,0.123456775839999,0.123456775839999,0.732272409361306,1.00004575857307
-4.5149677720361e-05,0.855230795852064,0.0209580934604611,0.123811110687475,0.123811110687475,0.731419685164588,1.0000451298461
-4.45295850994265e-05,0.854730690276679,0.0211031433732411,0.12416616635008,0.12416616635008,0.730564523926599,1.00004450975418
-4.39180089259609e-05,0.854228862621672,0.021249195553338,0.12452194182499,0.12452194182499,0.729706920796681,1.0000438981787
-4.3314832233764e-05,0.853725307014105,0.0213962569039995,0.124878436081896,0.124878436081896,0.728846870932209,1.00004329500271
-4.27199396630678e-05,0.853220017561522,0.0215443343757358,0.125235648062742,0.125235648062742,0.72798436949878,1.00004270011085
-4.21332174384729e-05,0.852712988351894,0.0216934349666394,0.125593576681466,0.125593576681466,0.727119411670428,1.00004211338933
-4.15545533471887e-05,0.852204213453556,0.0218435657227064,0.125952220823738,0.125952220823738,0.726251992629818,1.00004153472595
-4.09838367175726e-05,0.851693686915149,0.0219947337381603,0.126311579346691,0.126311579346691,0.725382107568458,1.00004096401004
-4.04209583979631e-05,0.851181402765565,0.0221469461557777,0.126671651078657,0.126671651078657,0.724509751686908,1.00004040113243
-3.98658107358044e-05,0.850667355013885,0.0223002101672165,0.127032434818898,0.127032434818898,0.723634920194987,1.00003984598549
-3.93182875570577e-05,0.850151537649323,0.0224545330133454,0.127393929337332,0.127393929337332,0.722757608311991,1.00003929846304
-3.87782841458945e-05,0.849633944641161,0.0226099219845766,0.127756133374262,0.127756133374262,0.721877811266899,1.00003875846035
-3.824569722467e-05,0.8491145699387,0.0227663844212,0.1281190456401,0.1281190456401,0.7209955242986,1.00003822587416
-3.772042493417e-05,0.848593407471191,0.0229239277137199,0.128482664815089,0.128482664815089,0.720110742656102,1.00003770060261
-3.72023668141307e-05,0.848070451147781,0.0230825593031937,0.128846989549025,0.128846989549025,0.719223461598756,1.00003718254522
-3.66914237840249e-05,0.847545694857455,0.0232422866815728,0.129212018460973,0.129212018460973,0.718333676396482,1.00003667160293
-3.61874981241128e-05,0.847019132468971,0.0234031173920459,0.129577750138983,0.129577750138983,0.717441382329988,1.00003616767802
-3.56904934567523e-05,0.846490757830807,0.0235650590293848,0.129944183139808,0.129944183139808,0.716546574690999,1.0000356706741
-3.52003147279668e-05,0.845960564771098,0.0237281192402913,0.130311315988611,0.130311315988611,0.715649248782487,1.00003518049612
-3.47168681892656e-05,0.845428547097575,0.0238923057237483,0.130679147178676,0.130679147178676,0.714749399918899,1.00003469705033
-3.42400613797143e-05,0.844894698597511,0.0240576262313709,0.131047675171118,0.131047675171118,0.713847023426393,1.00003422024428
-3.37698031082509e-05,0.844359013037654,0.0242240885677618,0.131416898394584,0.131416898394584,0.71294211464307,1.00003374998677
-3.33060034362459e-05,0.843821484164173,0.0243917005908679,0.131786815244959,0.131786815244959,0.712034668919215,1.00003328618786
-3.28485736603005e-05,0.843282105702596,0.0245604702123393,0.132157424085064,0.132157424085064,0.711124681617532,1.00003282875885
-3.2397426295282e-05,0.842740871357749,0.0247304053978911,0.13252872324436,0.13252872324436,0.710212148113389,1.00003237761226
-3.19524750575921e-05,0.842197774813696,0.0249015141676672,0.132900711018636,0.132900711018636,0.70929706379506,1.00003193266179
-3.15136348486648e-05,0.841652809733683,0.0250738045966064,0.13327338566971,0.13327338566971,0.708379424063973,1.00003149382236
-3.10808217386906e-05,0.841105969760073,0.0252472848148109,0.133646745425116,0.133646745425116,0.707459224334956,1.00003106101003
-3.06539529505653e-05,0.840557248514286,0.0254219630079179,0.134020788477796,0.134020788477797,0.706536460036489,1.00003063414203
-3.02329468440578e-05,0.840006639596742,0.0255978474174724,0.134395512985786,0.134395512985786,0.705611126610956,1.00003021313671
-2.98177229001967e-05,0.839454136586798,0.0257749463413029,0.134770917071899,0.134770917071899,0.7046832195149,1.00002979791356
-2.94082017058706e-05,0.838899733042691,0.0259532681339005,0.135146998823409,0.135146998823409,0.703752734219282,1.00002938839316
-2.90043049386399e-05,0.83834342250147,0.0261328212067985,0.135523756291731,0.135523756291731,0.702819666209739,1.00002898449719
-2.86059553517574e-05,0.837785198478945,0.0263136140289566,0.135901187492098,0.135901187492098,0.701884010986847,1.00002858614841
-2.82130767593947e-05,0.83722505446962,0.0264956551271458,0.136279290403235,0.136279290403234,0.700945764066385,1.00002819327062
-2.78255940220713e-05,0.836662983946633,0.0266789530863366,0.13665806296703,0.13665806296703,0.700004920979603,1.0000278057887
-2.74434330322836e-05,0.836098980361699,0.02686351655009,0.137037503088211,0.137037503088211,0.699061477273489,1.00002742362852
-2.70665207003324e-05,0.835533037145046,0.0270493542209504,0.137417608634004,0.137417608634004,0.698115428511042,1.00002704671701
-2.66947849403432e-05,0.834965147705354,0.0272364748608412,0.137798377433805,0.137798377433805,0.697166770271548,1.00002667498207
-2.63281546564802e-05,0.834395305429695,0.0274248872914631,0.138179807278842,0.138179807278842,0.696215498150853,1.00002630835261
-2.59665597293487e-05,0.833823503683475,0.0276146003946951,0.13856189592183,0.13856189592183,0.695261607761645,1.00002594675851
-2.56099310025846e-05,0.833249735810367,0.0278056231129972,0.138944641076635,0.138944641076635,0.694305094733732,1.00002559013062
-2.52582002696278e-05,0.832673995132257,0.0279979644498172,0.139328040417925,0.139328040417925,0.693345954714332,1.00002523840072
-2.49113002606779e-05,0.832096274949177,0.0281916334699987,0.139712091580824,0.139712091580824,0.692384183368353,1.00002489150155
-2.45691646298279e-05,0.831516568539247,0.0283866393001923,0.140096792160561,0.140096792160561,0.691419776378686,1.00002454936677
-2.4231727942376e-05,0.830934869158614,0.0285829911292695,0.140482139712116,0.140482139712116,0.690452729446498,1.00002421193093
-2.38989256623105e-05,0.830351170041391,0.0287806982087393,0.14086813174987,0.14086813174987,0.689483038291521,1.0000238791295
-2.35706941399673e-05,0.829765464399594,0.0289797698531669,0.141254765747239,0.141254765747239,0.688510698652355,1.00002355089883
-2.32469705998565e-05,0.829177745423084,0.0291802154405961,0.14164203913632,0.14164203913632,0.687535706286764,1.00002322717615
-2.29276931286565e-05,0.828588006279502,0.0293820444129732,0.142029949307525,0.142029949307525,0.686558056971977,1.00002290789955
-2.26128006633728e-05,0.827996240114212,0.0295852662765743,0.142418493609213,0.142418493609213,0.685577746504999,1.00002259300795
-2.23022329796594e-05,0.827402440050238,0.0297898906024357,0.142807669347326,0.142807669347326,0.684594770702912,1.00002228244114
-2.19959306803007e-05,0.826806599188201,0.0299959270267859,0.143197473785013,0.143197473785013,0.683609125403188,1.00002197613972
-2.16938351838519e-05,0.826208710606261,0.0302033852514815,0.143587904142258,0.143587904142258,0.682620806464003,1.0000216740451
-2.13958887134342e-05,0.825608767360053,0.030412275044445,0.143978957595502,0.143978957595502,0.681629809764552,1.00002137609952
-2.1102034285686e-05,0.82500676248263,0.0306226062401061,0.144370631277264,0.144370631277264,0.680636131205366,1.00002108224598
-2.08122156998634e-05,0.824402688984397,0.0308343887398453,0.144762922275758,0.144762922275758,0.679639766708638,1.00002079242829
-2.05263775270925e-05,0.823796539853051,0.0310476325124402,0.145155827634509,0.145155827634509,0.678640712218542,1.00002050659101
-2.02444650997681e-05,0.823188308053523,0.0312623475945155,0.145549344351962,0.145549344351961,0.677638963701562,1.00002022467949
-1.99664245010979e-05,0.822577986527914,0.0314785440909949,0.145943469381091,0.145943469381091,0.676634517146822,1.0000199466398
-1.96922025547917e-05,0.821965568195434,0.031696232175556,0.14633819962901,0.146338199629011,0.675627368566423,1.00001967241876
-1.94217468148902e-05,0.821351045952341,0.0319154220910886,0.14673353195657,0.14673353195657,0.674617513995771,1.00001940196394
-1.91550055557353e-05,0.820734412671882,0.0321361241501555,0.147129463177962,0.147129463177962,0.67360494949392,1.0000191352236
-1.88919277620767e-05,0.820115661204229,0.0323583487354562,0.147525990060314,0.147525990060314,0.672589671143915,1.00001887214673
-1.86324631193156e-05,0.81949478437642,0.0325821063002939,0.147923109323286,0.147923109323286,0.671571675053134,1.00001861268301
-1.83765620038817e-05,0.818871774992296,0.0328074073690443,0.14832081763866,0.14832081763866,0.670550957353636,1.00001835678283
-1.81241754737424e-05,0.818246625832442,0.0330342625376293,0.148719111629928,0.148719111629928,0.669527514202514,1.00001810439724
-1.78752552590424e-05,0.817619329654127,0.0332626824739918,0.149117987871881,0.149117987871881,0.668501341782246,1.00001785547797
-1.7629753752872e-05,0.816989879191239,0.0334926779185744,0.149517442890187,0.149517442890187,0.667472436301051,1.00001760997741
-1.73876240021625e-05,0.816358267154227,0.033724259684801,0.149917473160972,0.149917473160972,0.666440793993255,1.00001736784861
-1.71488196987054e-05,0.815724486230042,0.0339574386595614,0.150318075110397,0.150318075110397,0.665406411119644,1.00001712904526
-1.69132951702965e-05,0.815088529082071,0.0341922258036986,0.15071924511423,0.15071924511423,0.664369283967841,1.0000168935217
-1.66810053720006e-05,0.814450388350084,0.0344286321524997,0.151120979497416,0.151120979497416,0.663329408852668,1.00001666123286
-1.64519058775366e-05,0.813810056650165,0.0346666688161897,0.151523274533646,0.151523274533646,0.662286782116519,1.00001643213434
-1.62259528707809e-05,0.813167526574656,0.0349063469804276,0.151926126444916,0.151926126444916,0.66124140012974,1.00001620618231
-1.6003103137387e-05,0.812522790692098,0.0351476779068071,0.152329531401095,0.152329531401095,0.660193259291003,1.00001598333356
-1.57833140565212e-05,0.811875841547167,0.0353906729333587,0.152733485519474,0.152733485519474,0.659142356027693,1.00001576354546
-1.55665435927106e-05,0.811226671660617,0.0356353434750566,0.153137984864327,0.153137984864327,0.65808868679629,1.00001554677599
-1.53527502878042e-05,0.810575273529215,0.0358817010243274,0.153543025446458,0.153543025446458,0.657032248082757,1.00001533298368
-1.51418932530435e-05,0.809921639625687,0.0361297571515623,0.15394860322275,0.15394860322275,0.655973036402937,1.00001512212764
-1.49339321612425e-05,0.809265762398655,0.0363795235056332,0.154354714095711,0.154354714095711,0.654911048302944,1.00001491416755
-1.4728827239075e-05,0.808607634272576,0.0366310118144111,0.154761353913013,0.154761353913013,0.653846280359563,1.00001470906364
-1.45265392594678e-05,0.807947247647683,0.0368842338852878,0.155168518467029,0.155168518467029,0.652778729180654,1.00001450677668
-1.43270295340983e-05,0.807284594899927,0.0371392016057015,0.155576203494371,0.155576203494371,0.651708391405556,1.00001430726797
-1.41302599059953e-05,0.806619668380916,0.0373959269436648,0.155984404675419,0.155984404675419,0.650635263705496,1.00001411049937
-1.39361927422414e-05,0.805952460417855,0.0376544219482964,0.156393117633849,0.156393117633849,0.649559342784005,1.00001391643323
-1.37447909267754e-05,0.805282963313487,0.037914698750356,0.156802337936157,0.156802337936157,0.64848062537733,1.00001372503245
-1.35560178532937e-05,0.804611169346037,0.0381767695627825,0.157212061091181,0.157212061091181,0.647399108254856,1.00001353626042
-1.33698374182495e-05,0.803937070769146,0.0384406466812353,0.157622282549618,0.157622282549619,0.646314788219528,1.00001335008103
-1.31862140139475e-05,0.803260659811821,0.038706342484639,0.15803299770354,0.15803299770354,0.645227662108281,1.00001316645868
-1.30051125217341e-05,0.802581928678368,0.0389738694357317,0.1584442018859,0.1584442018859,0.644137726792468,1.00001298535824
-1.28264983052806e-05,0.801900869548339,0.0392432400816163,0.158855890370045,0.158855890370045,0.643044979178295,1.00001280674509
-1.2650337203959e-05,0.801217474576471,0.039514467054315,0.159268058369214,0.159268058369214,0.641949416207257,1.00001263058505
-1.24765955263087e-05,0.800531735892628,0.0397875630713279,0.159680701036044,0.159680701036044,0.640851034856584,1.00001245684445
-1.23052400435926e-05,0.799843645601744,0.0400625409361939,0.160093813462062,0.160093813462062,0.639749832139683,1.00001228549005
-1.21362379834424e-05,0.799153195783766,0.0403394135390563,0.160507390677178,0.160507390677178,0.638645805106588,1.00001211648907
-1.19695570235904e-05,0.798460378493592,0.0406181938572307,0.160921427649178,0.160921427649178,0.637538950844414,1.0000119498092
-1.18051652856881e-05,0.797765185761018,0.0408988949557764,0.161335919283206,0.161335919283206,0.636429266477812,1.00001178541855
-1.16430313292088e-05,0.797067609590678,0.0411815299880726,0.161750860421249,0.161750860421249,0.635316749169429,1.0000116232857
-1.14831241454351e-05,0.796367641961992,0.0414661121963959,0.162166245841613,0.162166245841613,0.634201396120379,1.00001146337962
-1.13254131515281e-05,0.795665274829099,0.0417526549125033,0.162582070258398,0.162582070258398,0.633083204570701,1.00001130566974
-1.11698681846782e-05,0.794960500120811,0.0420411715582173,0.162998328320972,0.162998328320972,0.631962171799839,1.00001115012589
-1.10164594963366e-05,0.794253309740552,0.0423316756460151,0.163415014613433,0.163415014613433,0.630838295127119,1.00001099671832
-1.08651577465254e-05,0.7935436955663,0.0426241807796215,0.163832123654078,0.163832123654078,0.629711571912222,1.0000108454177
-1.07159339982267e-05,0.792831649450536,0.0429187006546046,0.16424964989486,0.16424964989486,0.628581999555676,1.00001069619509
-1.05687597118481e-05,0.792117163220182,0.043215249058976,0.164667587720842,0.164667587720842,0.627449575499341,1.00001054902194
-1.0423606739764e-05,0.791400228676554,0.0435138398737935,0.165085931449653,0.165085931449652,0.626314297226901,1.00001040387012
-1.02804473209331e-05,0.790680837595298,0.0438144870737684,0.165504675330933,0.165504675330933,0.625176162264365,1.00001026071185
-1.01392540755881e-05,0.789958981726342,0.0441172047278757,0.165923813545783,0.165923813545783,0.624035168180559,1.00001011951976
-1e-05,0.789234652793837,0.0444220069999682,0.166343340206195,0.166343340206195,0.622891312587642,1.00000998026685
-9.86265846131283e-06,0.788507842496106,0.0447289081493941,0.1667632493545,0.166763249354499,0.621744593141607,1.00000984292648
-9.72720319245054e-06,0.787778542505589,0.0450379225316183,0.167183534962792,0.167183534962792,0.620595007542797,1.00000970747239
-9.59360828709315e-06,0.787046744468789,0.0453490645988471,0.167604190932364,0.167604190932364,0.619442553536425,1.00000957387867
-9.46184819472199e-06,0.786312440006217,0.0456623489006573,0.168025211093125,0.168025211093125,0.618287228913092,1.00000944211977
-9.33189771573324e-06,0.785575620712345,0.0459777900846277,0.168446589203028,0.168446589203027,0.617129031509317,1.00000931217048
-9.20373199661823e-06,0.784836278155545,0.0462954028969757,0.168868318947479,0.168868318947479,0.615967959208066,1.00000918400597
-9.07732652521022e-06,0.784094403878046,0.0466152021831965,0.169290393938758,0.169290393938758,0.614804009939287,1.0000090576017
-8.9526571259964e-06,0.783349989395873,0.0469372028887065,0.169712807715421,0.169712807715421,0.613637181680451,1.00000893293352
-8.82969995549408e-06,0.782603026198802,0.0472614200594904,0.170135553741707,0.170135553741707,0.612467472457095,1.00000880997757
-8.70843149769072e-06,0.781853505750309,0.0475878688427521,0.170558625406939,0.170558625406939,0.61129488034337,1.00000868871034
-8.58882855954626e-06,0.781101419487514,0.0479165644875688,0.170982016024917,0.170982016024917,0.610119403462597,1.00000856910863
-8.4708682665574e-06,0.780346758821135,0.04824752234555,0.171405718833315,0.171405718833315,0.60894103998782,1.00000845114958
-8.35452805838287e-06,0.779589515135438,0.0485807578714987,0.171829726993063,0.171829726993063,0.607759788142375,1.00000833481062
-8.23978568452851e-06,0.778829679788186,0.048916286624078,0.172254033587736,0.172254033587736,0.606575646200451,1.0000082200695
-8.12661920009195e-06,0.778067244110591,0.0492541242664801,0.172678631622928,0.172678631622928,0.605388612487663,1.00000810690428
-8.01500696156541e-06,0.777302199407266,0.0495942865671003,0.173103514025634,0.173103514025634,0.604198685381632,1.0000079952933
-7.90492762269642e-06,0.776534536956174,0.049936789400214,0.173528673643612,0.173528673643612,0.603005863312562,1.00000788521524
-7.79636013040524e-06,0.775764248008585,0.0502816487466574,0.173954103244758,0.173954103244758,0.601810144763827,1.00000777664903
-7.68928372075831e-06,0.774991323789025,0.0506288806945133,0.174379795516461,0.174379795516461,0.600611528272564,1.00000766957391
-7.58367791499719e-06,0.774215755495233,0.050978501439799,0.174805743064968,0.174805743064968,0.599410012430265,1.00000756396939
-7.47952251562183e-06,0.773437534298111,0.0513305272871594,0.17523193841473,0.17523193841473,0.598205595883381,1.0000074598153
-7.37679760252773e-06,0.77265665134168,0.0516849746505636,0.175658374007756,0.175658374007756,0.596998277333924,1.00000735709169
-7.27548352919622e-06,0.771873097743039,0.0520418600540047,0.176085042202957,0.176085042202957,0.595788055540082,1.00000725577894
-7.17556091893692e-06,0.771086864592312,0.0524012001322047,0.176511935275483,0.176511935275483,0.594574929316829,1.00000715585765
-7.07701066118189e-06,0.770297942952614,0.0527630116313223,0.176939045416064,0.176939045416064,0.59335889753655,1.00000705730872
-6.97981390783067e-06,0.76950632386,0.0531273114096653,0.177366364730335,0.177366364730335,0.592139959129665,1.0000069601133
-6.8839520696455e-06,0.768711998323425,0.053494116438406,0.177793885238169,0.177793885238169,0.590918113085257,1.00000686425281
-6.7894068126961e-06,0.767914957324705,0.0538634438023018,0.178221598872993,0.178221598872993,0.589693358451712,1.00000676970891
-6.69616005485322e-06,0.767115191818471,0.0542353107004184,0.178649497481111,0.178649497481111,0.58846569433736,1.00000667646351
-6.60419396233031e-06,0.766312692732129,0.0546097344468583,0.179077572821013,0.179077572821013,0.587235119911116,1.00000658449878
-6.51349094627281e-06,0.765507450965823,0.0549867324714918,0.179505816562685,0.179505816562685,0.586001634403138,1.00000649379714
-6.42403365939419e-06,0.764699457392392,0.0553663223206931,0.179934220286915,0.179934220286915,0.584765237105478,1.00000640434124
-6.33580499265824e-06,0.763888702857335,0.0557485216580801,0.180362775484585,0.180362775484585,0.583525927372749,1.00000631611396
-6.24878807200689e-06,0.763075178178767,0.0561333482652572,0.180791473555976,0.180791473555975,0.582283704622792,1.00000622909844
-6.16296625513294e-06,0.76225887414739,0.0565208200425641,0.181220305810046,0.181220305810046,0.581038568337344,1.00000614327802
-6.07832312829724e-06,0.761439781526448,0.0569109550098262,0.181649263463726,0.181649263463726,0.579790518062723,1.00000605863631
-5.99484250318941e-06,0.760617891051698,0.0573037713071109,0.182078337641191,0.182078337641191,0.578539553410507,1.00000597515711
-5.91250841383187e-06,0.75979319343137,0.0576992871954868,0.182507519373143,0.182507519373143,0.577285674058227,1.00000589282444
-5.83130511352622e-06,0.758965679346137,0.0580975210577872,0.182936799596076,0.182936799596076,0.576028879750061,1.00000581162258
-5.75121707184161e-06,0.758135339449078,0.0584984913993778,0.183366169151544,0.183366169151544,0.574769170297534,1.00000573153598
-5.67222897164455e-06,0.757302164365648,0.058902216848928,0.183795618785424,0.183795618785424,0.573506545580224,1.00000565254934
-5.59432570616938e-06,0.756466144693644,0.0593087161591867,0.184225139147169,0.184225139147169,0.572241005546475,1.00000557464753
-5.51749237612912e-06,0.755627271003178,0.0597180082077614,0.184654720789061,0.184654720789061,0.570972550214117,1.00000549781567
-5.44171428686589e-06,0.754785533836641,0.060130111997902,0.185084354165457,0.185084354165456,0.569701179671185,1.00000542203906
-5.36697694554048e-06,0.753940923708682,0.0605450466592884,0.185514029632029,0.185514029632029,0.568426894076653,1.0000053473032
-5.29326605836057e-06,0.753093431106173,0.0609628314488216,0.185943737445006,0.185943737445006,0.567149693661167,1.00000527359381
-5.22056752784698e-06,0.752243046488183,0.0613834857514198,0.186373467760397,0.186373467760397,0.565869578727787,1.00000520089678
-5.14886745013749e-06,0.751389760285958,0.0618070290808176,0.186803210633225,0.186803210633225,0.564586549652733,1.00000512919822
-5.07815211232767e-06,0.750533562902887,0.0622334810803693,0.187232956016744,0.187232956016744,0.563300606886142,1.0000050584844
-5.00840798984821e-06,0.749674444714484,0.062662861523857,0.187662693761659,0.187662693761659,0.562011750952824,1.0000049887418
-4.93962174387833e-06,0.748812396068363,0.063095190316302,0.188092413615335,0.188092413615335,0.560719982453028,1.00000491995709
-4.87178021879463e-06,0.747947407284217,0.0635304874947799,0.188522105221003,0.188522105221003,0.559425302063215,1.00000485211712
-4.80487043965512e-06,0.747079468653796,0.0639687732292407,0.188951758116963,0.188951758116963,0.558127710536833,1.00000478520889
-4.73887960971765e-06,0.746208570440888,0.0644100678233317,0.18938136173578,0.18938136173578,0.556827208705108,1.00000471921962
-4.67379510799246e-06,0.745334702881299,0.0648543917152258,0.189810905403475,0.189810905403475,0.555523797477824,1.0000046541367
-4.60960448682844e-06,0.744457856182838,0.0653017654784523,0.19024037833871,0.19024037833871,0.554217477844129,1.00000458994766
-4.5462954695324e-06,0.7435780205253,0.0657522098227326,0.190669769651967,0.190669769651967,0.552908250873332,1.00000452664023
-4.48385594802118e-06,0.742695186060449,0.0662057455948198,0.191099068344731,0.191099068344731,0.551596117715719,1.00000446420231
-4.4222739805059e-06,0.741809342912009,0.0666623937793414,0.191528263308649,0.191528263308649,0.55028107960336,1.00000440262195
-4.36153778920801e-06,0.740920481175646,0.0671221754996475,0.191957343324706,0.191957343324706,0.54896313785094,1.00000434188738
-4.3016357581068e-06,0.740028590918961,0.0675851120186615,0.192386297062378,0.192386297062378,0.547642293856583,1.00000428198697
-4.24255643071778e-06,0.739133662181477,0.0680512247397355,0.192815113078787,0.192815113078787,0.54631854910269,1.00000422290928
-4.18428850790158e-06,0.738235684974636,0.0685205352075091,0.193243779817855,0.193243779817855,0.544991905156781,1.00000416464301
-4.12682084570295e-06,0.737334649281785,0.0689930651087725,0.193672285609442,0.193672285609442,0.543662363672343,1.000004107177
-4.07014245321944e-06,0.736430545058177,0.0694688362733336,0.19410061866849,0.19410061866849,0.542329926389687,1.00000405050027
-4.01424249049933e-06,0.735523362230961,0.0699478706748885,0.19452876709415,0.19452876709415,0.540994595136811,1.00000399460199
-3.95911026646846e-06,0.734613090699186,0.0704301904318964,0.194956718868917,0.194956718868917,0.539656371830269,1.00000393947145
-3.90473523688556e-06,0.733699720333795,0.0709158178084573,0.195384461857748,0.195384461857748,0.538315258476047,1.00000388509812
-3.85110700232557e-06,0.732783240977625,0.0714047752151952,0.19581198380718,0.19581198380718,0.536971257170446,1.00000383147159
-3.79821530619074e-06,0.731863642445415,0.0718970852101434,0.196239272344441,0.196239272344441,0.535624370100974,1.00000377858161
-3.746050032749e-06,0.730940914523804,0.0723927704996351,0.196666314976561,0.196666314976561,0.534274599547244,1.00000372641806
-3.6946012051993e-06,0.730015046971339,0.0728918539391962,0.197093099089465,0.197093099089465,0.532921947881874,1.00000367497097
-3.64385898376354e-06,0.729086029518482,0.0733943585344431,0.197519611947075,0.197519611947075,0.531566417571406,1.00000362423049
-3.59381366380463e-06,0.728153851867618,0.0739003074419837,0.197945840690398,0.197945840690398,0.53020801117722,1.00000357418693
-3.54445567397044e-06,0.727218503693069,0.0744097239703223,0.198371772336609,0.198371772336609,0.52884673135646,1.00000352483071
-3.49577557436328e-06,0.726279974641101,0.0749226315807676,0.198797393778132,0.198797393778132,0.527482580862969,1.00000347615239
-3.44776405473446e-06,0.725338254329944,0.0754390538883452,0.199222691781711,0.199222691781711,0.526115562548233,1.00000342814265
-3.4004119327037e-06,0.724393332349805,0.0759590146627131,0.199647652987482,0.199647652987482,0.524745679362322,1.00000338079233
-3.35371015200293e-06,0.723445198262887,0.0764825378290806,0.200072263908032,0.200072263908032,0.523372934354855,1.00000333409236
-3.30764978074424e-06,0.722493841603411,0.0770096474691319,0.200496510927457,0.200496510927457,0.521997330675955,1.00000328803381
-3.26222200971167e-06,0.721539251877637,0.0775403678219516,0.200920380300411,0.200920380300411,0.520618871577226,1.00000324260787
-3.21741815067637e-06,0.720581418563886,0.078074723284955,0.201343858151159,0.201343858151159,0.519237560412728,1.00000319780586
-3.17322963473497e-06,0.719620331112572,0.078612738414821,0.201766930472607,0.201766930472607,0.517853400639966,1.00000315361919
-3.12964801067075e-06,0.718655978946227,0.0791544379284289,0.202189583125344,0.202189583125344,0.516466395820883,1.00000311003944
-3.08666494333727e-06,0.717688351459531,0.0796998467037984,0.20261180183667,0.20261180183667,0.515076549622861,1.00000306705825
-3.04427221206431e-06,0.71671743801935,0.080248989781033,0.203033572199617,0.203033572199617,0.513683865819733,1.0000030246674
-3.00246170908555e-06,0.715743227964766,0.0808018923632665,0.203454879671968,0.203454879671968,0.512288348292798,1.0000029828588
-2.96122543798803e-06,0.714765710607119,0.0813585798176127,0.203875709575268,0.203875709575268,0.510890001031851,1.00000294162444
-2.92055551218274e-06,0.713784875230047,0.0819190776761186,0.204296047093835,0.204296047093835,0.509488828136212,1.00000290095644
-2.8804441533963e-06,0.712800711089524,0.0824834116367208,0.204715877273755,0.204715877273755,0.50808483381577,1.00000286084701
-2.84088369018331e-06,0.711813207413915,0.0830516075642043,0.205135185021881,0.205135185021881,0.506678022392034,1.0000028212885
-2.8018665564592e-06,0.710822353404013,0.0836236914911653,0.205553955104822,0.205553955104822,0.505268398299191,1.00000278227332
-2.76338529005317e-06,0.709828138233097,0.0841996896189761,0.205972172147927,0.205972172147927,0.50385596608517,1.00000274379403
-2.72543253128103e-06,0.708830551046984,0.0847796283187532,0.206389820634263,0.206389820634263,0.502440730412721,1.00000270584325
-2.68800102153761e-06,0.707829580964083,0.0853635341323291,0.206806884903588,0.206806884903588,0.501022696060494,1.00000266841374
-2.65108360190854e-06,0.706825217075455,0.0859514337732255,0.207223349151319,0.207223349151319,0.499601867924136,1.00000263149833
-2.61467321180109e-06,0.705817448444877,0.0865433541276304,0.207639197427492,0.207639197427492,0.498178251017385,1.00000259508996
-2.5787628875938e-06,0.704806264108903,0.087139322255377,0.20805441363572,0.20805441363572,0.496751850473184,1.00000255918167
-2.54334576130465e-06,0.703791653076935,0.0877393653909257,0.208468981532139,0.208468981532139,0.495322671544795,1.00000252376659
-2.50841505927754e-06,0.70277360433129,0.088343510944349,0.208882884724361,0.208882884724361,0.49389071960693,1.00000248883794
-2.47396410088682e-06,0.70175210682728,0.0889517865023181,0.209296106670402,0.209296106670402,0.492456000156878,1.00000245438906
-2.43998629725955e-06,0.700727149493282,0.0895642198290923,0.209708630677625,0.209708630677625,0.491018518815657,1.00000242041334
-2.40647515001542e-06,0.699698721230826,0.0901808388675105,0.210120439901664,0.210120439901664,0.489578281329162,1.00000238690429
-2.37342425002387e-06,0.698666810914672,0.090801671739985,0.210531517345343,0.210531517345343,0.488135293569329,1.0000023538555
-2.34082727617829e-06,0.697631407392902,0.0914267467494981,0.2109418458576,0.2109418458576,0.486689561535302,1.00000232126065
-2.30867799418717e-06,0.696592499487009,0.0920560923805994,0.211351408132392,0.211351408132392,0.485241091354618,1.00000228911351
-2.27697025538168e-06,0.695550075991991,0.0926897373004066,0.211760186707602,0.211760186707602,0.48378988928439,1.00000225740792
-2.24569799553977e-06,0.694504125676452,0.0933277103596067,0.212168163963942,0.212168163963942,0.48233596171251,1.00000222613783
-2.21485523372636e-06,0.693454637282698,0.0939700405934599,0.212575322123842,0.212575322123842,0.480879315158856,1.00000219529725
-2.18443607114943e-06,0.692401599526849,0.0946167572228055,0.212981643250345,0.212981643250345,0.479419956276504,1.00000216488028
-2.15443469003189e-06,0.691345001098946,0.0952678896550681,0.213387109245986,0.213387109245986,0.477957891852959,1.0000021348811
-2.12484535249888e-06,0.690284830663061,0.0959234674852665,0.213791701851672,0.213791701851672,0.476493128811389,1.00000210529399
-2.09566239948043e-06,0.689221076857423,0.0965835204970234,0.214195402645554,0.214195402645554,0.475025674211869,1.00000207611327
-2.06688024962908e-06,0.688153728294531,0.0972480786635758,0.214598193041893,0.214598193041893,0.473555535252638,1.00000204733337
-2.03849339825246e-06,0.687082773561286,0.0979171721487883,0.215000054289926,0.215000054289926,0.472082719271361,1.00000201894879
-2.0104964162605e-06,0.686008201219119,0.0985908313081653,0.215400967472715,0.215400967472715,0.470607233746404,1.00000199095409
-1.98288394912707e-06,0.684929999804127,0.0992690866898656,0.215800913506008,0.215800913506008,0.469129086298119,1.00000196334391
-1.95565071586595e-06,0.68384815782721,0.0999519690357165,0.216199873137073,0.216199873137073,0.467648284690137,1.00000193611299
-1.92879150802078e-06,0.682762663774221,0.10063950928223,0.216597826943549,0.216597826943549,0.466164836830672,1.00000190925611
-1.90230118866895e-06,0.681673506106108,0.101331738561617,0.216994755332275,0.216994755332275,0.464678750773834,1.00000188276813
-1.87617469143912e-06,0.680580673259072,0.102028688202807,0.217390638538121,0.21739063853812,0.463190034720952,1.00000185664399
-1.8504070195423e-06,0.679484153644726,0.10273038973246,0.217785456622814,0.217785456622814,0.461698697021912,1.00000183087869
-1.82499324481615e-06,0.678383935650255,0.103436874875987,0.218179189473757,0.218179189473757,0.460204746176498,1.0000018054673
-1.79992850678248e-06,0.677280007638592,0.104148175558563,0.218571816802845,0.218571816802845,0.458708190835747,1.00000178040497
-1.77520801171764e-06,0.676172357948585,0.104864323906144,0.218963318145271,0.218963318145271,0.457209039803313,1.00000175568689
-1.75082703173573e-06,0.675060974895181,0.105585352246485,0.219353672858334,0.219353672858334,0.455707302036847,1.00000173130835
-1.72678090388436e-06,0.673945846769612,0.106311293110151,0.219742860120237,0.219742860120237,0.454202986649376,1.00000170726467
-1.70306502925284e-06,0.672826961839585,0.107042179231534,0.220130858928881,0.220130858928881,0.452696102910704,1.00000168355126
-1.67967487209265e-06,0.671704308349478,0.107778043549863,0.220517648100659,0.220517648100659,0.451186660248819,1.00000166016359
-1.65660595894992e-06,0.670577874520544,0.108518919210222,0.220903206269234,0.220903206269234,0.44967466825131,1.00000163709718
-1.63385387780986e-06,0.669447648551122,0.109264839564552,0.221287511884326,0.221287511884326,0.448160136666795,1.00000161434761
-1.61141427725302e-06,0.668313618616847,0.110015838172668,0.221670543210485,0.221670543210485,0.446643075406362,1.00000159191055
-1.58928286562298e-06,0.667175772870877,0.110771948803262,0.22205227832586,0.22205227832586,0.445123494545017,1.00000156978169
-1.5674554102056e-06,0.666034099444121,0.111533205434908,0.222432695120971,0.222432695120971,0.44360140432315,1.0000015479568
-1.54592773641948e-06,0.664888586445468,0.112299642257067,0.222811771297465,0.222811771297465,0.442076815148004,1.00000152643172
-1.52469572701758e-06,0.663739221962036,0.113071293671086,0.223189484366878,0.223189484366878,0.440549737595158,1.00000150520231
-1.50375532129974e-06,0.662585994059415,0.113848194291197,0.223565811649388,0.223565811649388,0.439020182410027,1.00000148426453
-1.4831025143361e-06,0.661428890781926,0.114630378945512,0.223940730272562,0.223940730272562,0.437488160509363,1.00000146361436
-1.46273335620113e-06,0.660267900152883,0.115417882677012,0.224314217170105,0.224314217170105,0.435953682982778,1.00000144324786
-1.44264395121816e-06,0.659103010174863,0.116210740744541,0.224686249080596,0.224686249080596,0.434416761094268,1.00000142316114
-1.42283045721435e-06,0.657934208829986,0.117008988623785,0.225056802546229,0.225056802546229,0.432877406283757,1.00000140335034
-1.40328908478587e-06,0.656761484080198,0.117812662008255,0.225425853911548,0.225425853911548,0.43133563016865,1.00000138381168
-1.38401609657313e-06,0.655584823867566,0.118621796810264,0.22579337932217,0.22579337932217,0.429791444545396,1.00000136454143
-1.36500780654601e-06,0.654404216114582,0.1194364291619,0.226159354723517,0.226159354723517,0.428244861391065,1.00000134553589
-1.34626057929891e-06,0.653219648724472,0.12025659541599,0.226523755859538,0.226523755859538,0.426695892864934,1.00000132679143
-1.32777082935543e-06,0.652031109581513,0.121082332147064,0.226886558271423,0.226886558271423,0.42514455131009,1.00000130830447
-1.30953502048267e-06,0.650838586551364,0.12191367615231,0.227247737296325,0.227247737296325,0.423590849255039,1.00000129007147
-1.29154966501488e-06,0.649642067481401,0.122750664452529,0.22760726806607,0.22760726806607,0.422034799415331,1.00000127208895
-1.27381132318648e-06,0.648441540201063,0.123593334293074,0.227965125505863,0.227965125505863,0.4204764146952,1.00000125435346
-1.25631660247412e-06,0.647236992522206,0.124441723144792,0.228321284333002,0.228321284333002,0.418915708189204,1.00000123686161
-1.23906215694792e-06,0.646028412239471,0.125295868704953,0.228675719055576,0.228675719055576,0.417352693183896,1.00000121961005
-1.22204468663149e-06,0.644815787130656,0.126155808898177,0.229028403971167,0.229028403971167,0.415787383159488,1.00000120259549
-1.20526093687084e-06,0.643599104957099,0.127021581877348,0.229379313165553,0.229379313165553,0.414219791791546,1.00000118581468
-1.1887076977119e-06,0.642378353464078,0.127893226024523,0.229728420511399,0.229728420511399,0.41264993295268,1.00000116926439
-1.1723818032866e-06,0.641153520381212,0.128770779951835,0.230075699666952,0.230075699666952,0.41107782071426,1.00000115294147
-1.15628013120738e-06,0.639924593422879,0.129654282502382,0.230421124074739,0.230421124074739,0.40950346934814,1.00000113684279
-1.14039960197003e-06,0.638691560288642,0.130543772751109,0.230764666960249,0.230764666960249,0.407926893328393,1.00000112096528
-1.12473717836475e-06,0.637454408663689,0.131439290005683,0.231106301330628,0.231106301330628,0.406348107333061,1.0000011053059
-1.10928986489522e-06,0.636213126219283,0.132340873807354,0.231445999973363,0.231445999973363,0.40476712624592,1.00000108986164
-1.09405470720574e-06,0.634967700613221,0.133248563931808,0.231783735454971,0.231783735454971,0.40318396515825,1.00000107462957
-1.07902879151618e-06,0.633718119490312,0.134162400390006,0.232119480119681,0.232119480119682,0.401598639370631,1.00000105960676
-1.06420924406472e-06,0.632464370482862,0.135082423429019,0.23245320608812,0.23245320608812,0.400011164394742,1.00000104479034
-1.04959323055823e-06,0.631206441211169,0.136008673532838,0.232784885255993,0.232784885255993,0.398421555955177,1.00000103017748
-1.03517795563018e-06,0.629944319284043,0.136941191423186,0.233114489292771,0.233114489292771,0.396829829991272,1.00000101576538
-1.02096066230605e-06,0.628677992299323,0.137880018060305,0.233441989640372,0.233441989640372,0.395236002658951,1.00000100155128
-1.00693863147603e-06,0.62740744784442,0.138825194643739,0.23376735751184,0.23376735751184,0.39364009033258,1.00000098753247
-9.9310918137498e-07,0.626132673496873,0.139776762613093,0.234090563890035,0.234090563890035,0.392042109606838,1.00000097370627
-9.79469667069539e-07,0.624853656824907,0.140734763648784,0.234411579526309,0.234411579526309,0.390442077298599,1.00000096007002
-9.66017479952265e-07,0.623570385388026,0.14169923967278,0.234730374939195,0.234730374939195,0.388840010448831,1.00000094662113
-9.5275004724273e-07,0.622282846737599,0.142670232849308,0.235046920413092,0.235046920413092,0.387235926324507,1.00000093335702
-9.39664831495469e-07,0.620991028417482,0.143647785585566,0.235361185996952,0.235361185996952,0.38562984242053,1.00000092027514
-9.26759330114688e-07,0.619694917964637,0.144631940532399,0.235673141502964,0.235673141502964,0.384021776461673,1.00000090737301
-9.14031074875622e-07,0.618394502909782,0.145622740584968,0.23598275650525,0.23598275650525,0.382411746404532,1.00000089464815
-9.01477631452492e-07,0.617089770778049,0.146620228883396,0.236290000338555,0.236290000338555,0.380799770439495,1.00000088209812
-8.89096598952917e-07,0.615780709089662,0.147624448813398,0.23659484209694,0.23659484209694,0.379185866992722,1.00000086972054
-8.76885609458743e-07,0.61446730536063,0.148635444006886,0.236897250632484,0.236897250632484,0.377570054728145,1.00000085751302
-8.64842327573173e-07,0.613149547103461,0.149653258342558,0.237197194553982,0.237197194553982,0.375952352549479,1.00000084547323
-8.52964449974102e-07,0.611827421827892,0.150677935946459,0.237494642225649,0.237494642225649,0.374332779602243,1.00000083359888
-8.41249704973612e-07,0.61050091704164,0.151709521192528,0.237789561765832,0.237789561765832,0.372711355275808,1.00000082188769
-8.29695852083491e-07,0.609170020251165,0.152748058703114,0.238081921045721,0.238081921045721,0.371088099205445,1.00000081033741
-8.18300681586739e-07,0.607834718962465,0.15379359334947,0.238371687688064,0.238371687688064,0.369463031274401,1.00000079894585
-8.07062014114951e-07,0.606495000681878,0.154846170252226,0.238658829065896,0.238658829065896,0.367836171615982,1.00000078771082
-7.95977700231498e-07,0.605150852916912,0.155905834781827,0.238943312301261,0.238943312301261,0.366207540615651,1.00000077663017
-7.85045620020451e-07,0.603802263177096,0.156972632558955,0.239225104263949,0.239225104263949,0.364577158913147,1.00000076570178
-7.74263682681128e-07,0.60244921897485,0.158046609454913,0.239504171570237,0.239504171570237,0.362945047404613,1.00000075492356
-7.63629826128224e-07,0.601091707826377,0.159127811591988,0.239780480581635,0.239780480581635,0.361311227244742,1.00000074429345
-7.53142016597438e-07,0.599729717252582,0.160216285343777,0.240053997403641,0.240053997403641,0.35967571984894,1.00000073380942
-7.42798248256491e-07,0.598363234780006,0.161312077335488,0.240324687884506,0.240324687884506,0.358038546895499,1.00000072346946
-7.32596542821523e-07,0.596992247941794,0.162415234444204,0.240592517614002,0.240592517614002,0.356399730327792,1.00000071327159
-7.22534949178722e-07,0.595616744278681,0.163525803799116,0.240857451922202,0.240857451922202,0.354759292356479,1.00000070321387
-7.12611543011174e-07,0.594236711340003,0.164643832781725,0.241119455878273,0.241119455878272,0.35311725546173,1.00000069329436
-7.02824426430834e-07,0.592852136684735,0.165769369025997,0.241378494289268,0.241378494289268,0.351473642395467,1.00000068351117
-6.9317172761554e-07,0.591463007882558,0.166902460418497,0.241634531698945,0.241634531698945,0.349828476183613,1.00000067386244
-6.83651600451024e-07,0.590069312514949,0.16804315509847,0.241887532386581,0.241887532386581,0.348181780128368,1.0000006643463
-6.74262224177835e-07,0.588671038176301,0.169191501457894,0.242137460365805,0.242137460365805,0.346533577810495,1.00000065496095
-6.65001803043112e-07,0.587268172475068,0.170347548141483,0.242384279383449,0.242384279383449,0.344883893091619,1.00000064570459
-6.55868565957142e-07,0.585860703034948,0.171511344046653,0.242627952918399,0.242627952918399,0.343232750116549,1.00000063657544
-6.46860766154632e-07,0.584448617496083,0.172682938323446,0.24286844418047,0.24286844418047,0.341580173315613,1.00000062757177
-6.37976680860628e-07,0.583031903516303,0.173862380374401,0.243105716109296,0.243105716109296,0.339926187407008,1.00000061869184
-6.29214610961035e-07,0.58161054877239,0.175049719854387,0.243339731373223,0.243339731373223,0.338270817399167,1.00000060993396
-6.2057288067765e-07,0.580184540961381,0.176245006670384,0.243570452368235,0.243570452368235,0.336614088593145,1.00000060129646
-6.12049837247669e-07,0.578753867801906,0.177448290981209,0.243797841216886,0.243797841216886,0.33495602658502,1.00000059277768
-6.03643850607586e-07,0.577318517035552,0.178659623197203,0.244021859767246,0.244021859767246,0.333296657268306,1.00000058437599
-5.95353313081437e-07,0.575878476428269,0.179879053979851,0.24424246959188,0.24424246959188,0.331636006836389,1.00000057608978
-5.87176639073326e-07,0.574433733771811,0.181106634241357,0.244459631986832,0.244459631986832,0.329974101784979,1.00000056791747
-5.79112264764176e-07,0.572984276885209,0.182342415144155,0.244673307970635,0.244673307970636,0.328310968914574,1.0000005598575
-5.71158647812642e-07,0.571530093616288,0.183586448100368,0.244883458283344,0.244883458283344,0.326646635332944,1.00000055190833
-5.63314267060135e-07,0.570071171843219,0.184838784771198,0.245090043385583,0.245090043385583,0.324981128457636,1.00000054406842
-5.55577622239888e-07,0.568607499476112,0.18609947706626,0.245293023457629,0.245293023457629,0.323314476018483,1.00000053633629
-5.47947233690029e-07,0.567139064458648,0.187368577142851,0.245492358398501,0.245492358398501,0.321646706060147,1.00000052871046
-5.40421642070592e-07,0.565665854769758,0.188646137405147,0.245688007825095,0.245688007825095,0.319977846944663,1.00000052118946
-5.32999408084408e-07,0.564187858425341,0.189932210503333,0.245879931071326,0.245879931071326,0.318307927354015,1.00000051377186
-5.25679112201842e-07,0.562705063480025,0.191226849332666,0.246068087187309,0.246068087187309,0.316636976292716,1.00000050645623
-5.18459354389291e-07,0.561217458028976,0.192530107032457,0.246252434938567,0.246252434938567,0.314965023090409,1.00000049924118
-5.11338753841433e-07,0.559725030209756,0.193842036984982,0.246432932805262,0.246432932805262,0.313292097404494,1.00000049212534
-5.04315948717136e-07,0.558227768204224,0.195162692814311,0.246609538981465,0.246609538981465,0.311618229222758,1.00000048510732
-4.97389595879006e-07,0.556725660240488,0.196492128385057,0.246782211374454,0.246782211374454,0.309943448866034,1.0000004781858
-4.90558370636505e-07,0.555218694594912,0.197830397801045,0.246950907604044,0.246950907604044,0.308267786990868,1.00000047135945
-4.83820966492596e-07,0.553706859594165,0.199177555403883,0.247115585001953,0.247115585001953,0.306591274592212,1.00000046462697
-4.77176094893875e-07,0.552190143617335,0.200533655771458,0.247276200611208,0.247276200611207,0.304913943006127,1.00000045798706
-4.70622484984128e-07,0.550668535098089,0.201898753716329,0.247432711185581,0.247432711185582,0.303235823912508,1.00000045143845
-4.64158883361277e-07,0.549142022526897,0.203272904284029,0.247585073189074,0.247585073189074,0.301556949337824,1.0000004449799
-4.57784053837662e-07,0.547610594453307,0.204656162751263,0.247733242795431,0.247733242795431,0.299877351657876,1.00000043861016
-4.5149677720361e-07,0.546074239488279,0.206048584624016,0.247877175887705,0.247877175887705,0.298197063600574,1.00000043232802
-4.45295850994266e-07,0.544532946306592,0.207450225635543,0.248016828057865,0.248016828057865,0.296516118248726,1.00000042613228
-4.39180089259609e-07,0.542986703649299,0.208861141744256,0.248152154606445,0.248152154606445,0.294834549042853,1.00000042002175
-4.33148322337639e-07,0.541435500326255,0.210281389131502,0.248283110542242,0.248283110542242,0.293152389784013,1.00000041399526
-4.27199396630678e-07,0.539879325218714,0.211711024199218,0.248409650582068,0.248409650582068,0.291469674636646,1.00000040805165
-4.21332174384729e-07,0.538318167281983,0.213150103567473,0.248531729150544,0.248531729150544,0.289786438131438,1.0000004021898
-4.15545533471888e-07,0.536752015548158,0.214598684071884,0.248649300379958,0.248649300379958,0.288102715168199,1.00000039640858
-4.09838367175726e-07,0.535180859128928,0.216056822760905,0.248762318110168,0.248762318110168,0.28641854101876,1.00000039070689
-4.0420958397963e-07,0.533604687218452,0.217524576892981,0.248870735888567,0.248870735888567,0.284733951329886,1.00000038508362
-3.98658107358044e-07,0.532023489096316,0.219002003933575,0.248974506970109,0.248974506970109,0.283048982126208,1.00000037953772
-3.93182875570577e-07,0.530437254130562,0.220489161552047,0.249073584317391,0.249073584317392,0.28136366981317,1.00000037406811
-3.87782841458946e-07,0.528845971780805,0.221986107618388,0.249167920600807,0.249167920600807,0.279678051179997,1.00000036867374
-3.824569722467e-07,0.52724963160143,0.223492900199812,0.249257468198758,0.249257468198758,0.277992163402672,1.0000003633536
-3.77204249341699e-07,0.525648223244878,0.225009597557183,0.249342179197938,0.249342179197939,0.27630604404694,1.00000035810666
-3.72023668141307e-07,0.524041736465012,0.226536258141296,0.249422005393692,0.249422005393692,0.274619731071319,1.00000035293191
-3.66914237840249e-07,0.522430161120579,0.228072940588979,0.249496898290442,0.249496898290442,0.272933262830138,1.00000034782836
-3.61874981241128e-07,0.520813487178772,0.229619703719036,0.249566809102193,0.249566809102193,0.271246678076579,1.00000034279505
-3.56904934567523e-07,0.51919170471887,0.231176606528009,0.249631688753121,0.249631688753121,0.269560015965749,1.000000337831
-3.52003147279668e-07,0.517564803935999,0.232743708185762,0.24969148787824,0.24969148787824,0.267873316057759,1.00000033293527
-3.47168681892656e-07,0.515932775144973,0.234321068030875,0.249746156824152,0.249746156824152,0.26618661832082,1.00000032810691
-3.42400613797143e-07,0.514295608784257,0.235908745565849,0.249795645649895,0.249795645649895,0.264499963134362,1.00000032334501
-3.37698031082509e-07,0.512653295420026,0.237506800452104,0.24983990412787,0.249839904127869,0.262813391292157,1.00000031864866
-3.33060034362459e-07,0.511005825750344,0.239115292504783,0.249878881744873,0.249878881744873,0.261126944005471,1.00000031401695
-3.28485736603004e-07,0.509353190609446,0.240734281687329,0.249912527703225,0.249912527703225,0.259440662906221,1.000000309449
-3.2397426295282e-07,0.50769538097215,0.242363828105855,0.249940790921996,0.249940790921996,0.257754590050154,1.00000030494394
-3.19524750575921e-07,0.506032387958379,0.244003992003278,0.249963620038343,0.249963620038343,0.256068767920036,1.0000003005009
-3.15136348486648e-07,0.504364202837817,0.245654833753225,0.249980963408958,0.249980963408958,0.254383239428859,1.00000029611904
-3.10808217386906e-07,0.502690817034683,0.247316413853694,0.249992769111622,0.249992769111622,0.252698047923061,1.00000029179751
-3.06539529505652e-07,0.501012222132649,0.248988792920465,0.249998984946886,0.249998984946886,0.251013237185763,1.00000028753548
-3.02329468440578e-07,0.499328409879883,0.250672031680251,0.249999558439866,0.249999558439866,0.249328851440018,1.00000028333215
-2.98177229001967e-07,0.497639372194239,0.25236619096359,0.249994436842171,0.249994436842171,0.247644935352068,1.00000027918671
-2.94082017058707e-07,0.495945101168588,0.25407133169745,0.249983567133961,0.249983567133961,0.245961534034627,1.00000027509836
-2.90043049386399e-07,0.494245589076302,0.255787514897563,0.249966896026135,0.249966896026135,0.244278693050167,1.00000027106633
-2.86059553517574e-07,0.492540828376885,0.257514801660448,0.249944369962667,0.249944369962667,0.242596458414218,1.00000026708984
-2.82130767593947e-07,0.490830811721767,0.259253253155151,0.249915935123082,0.249915935123082,0.240914876598686,1.00000026316812
-2.78255940220713e-07,0.48911553196026,0.261002930614652,0.249881537425089,0.249881537425089,0.239233994535171,1.00000025930044
-2.74434330322837e-07,0.487394982145676,0.262763895326959,0.249841122527364,0.249841122527364,0.237553859618312,1.00000025548605
-2.70665207003324e-07,0.485669155541629,0.264536208625869,0.249794635832502,0.249794635832502,0.235874519709128,1.00000025172422
-2.66947849403432e-07,0.483938045628504,0.266319931881371,0.249742022490125,0.249742022490125,0.234196023138379,1.00000024801422
-2.63281546564802e-07,0.482201646110115,0.268115126489704,0.249683227400181,0.249683227400181,0.232518418709934,1.00000024435536
-2.59665597293487e-07,0.480459950920552,0.269921853863041,0.249618195216407,0.249618195216407,0.230841755704145,1.00000024074693
-2.56099310025846e-07,0.478712954231222,0.27174017541879,0.249546870349988,0.249546870349988,0.229166083881234,1.00000023718824
-2.52582002696278e-07,0.476960650458092,0.273570152568503,0.249469196973406,0.249469196973406,0.227491453484686,1.00000023367861
-2.49113002606779e-07,0.475203034269138,0.275411846706373,0.249385119024489,0.249385119024489,0.225817915244649,1.00000023021736
-2.45691646298279e-07,0.47344010059201,0.277265319197321,0.249294580210669,0.249294580210669,0.224145520381341,1.00000022680384
-2.4231727942376e-07,0.471671844621916,0.279130631364631,0.249197524013453,0.249197524013453,0.222474320608463,1.00000022343739
-2.38989256623105e-07,0.469898261829731,0.281007844477153,0.249093893693116,0.249093893693116,0.220804368136615,1.00000022011737
-2.35706941399673e-07,0.468119347970346,0.282897019736028,0.248983632293626,0.248983632293626,0.219135715676721,1.00000021684314
-2.32469705998565e-07,0.466335099091257,0.284798218260935,0.248866682647808,0.248866682647808,0.217468416443449,1.00000021361408
-2.29276931286565e-07,0.464545511541398,0.286711501075848,0.248742987382754,0.248742987382754,0.215802524158644,1.00000021042957
-2.26128006633728e-07,0.462750581980238,0.288636929094275,0.248612488925488,0.248612488925488,0.21413809305475,1.00000020728899
-2.23022329796594e-07,0.46095030738714,0.290574563103961,0.248475129508898,0.248475129508898,0.212475177878242,1.00000020419176
-2.19959306803007e-07,0.459144685070999,0.292524463751057,0.248330851177944,0.248330851177944,0.210813833893055,1.00000020113727
-2.16938351838518e-07,0.457333712680152,0.294486691523702,0.248179595796146,0.248179595796146,0.209154116884006,1.00000019812493
-2.13958887134342e-07,0.45551738821259,0.296461306735039,0.248021305052371,0.248021305052371,0.207496083160219,1.00000019515419
-2.1102034285686e-07,0.453695710026465,0.298448369505609,0.247855920467927,0.247855920467927,0.205839789558538,1.00000019222446
-2.08122156998634e-07,0.451868676850907,0.30044793974513,0.247683383403963,0.247683383403963,0.204185293446945,1.00000018933519
-2.05263775270925e-07,0.450036287797169,0.302460077133619,0.247503635069212,0.247503635069212,0.202532652727958,1.00000018648581
-2.0244465099768e-07,0.44819854237009,0.304484841101849,0.247316616528061,0.247316616528061,0.20088192584203,1.0000001836758
-1.99664245010979e-07,0.446355440479908,0.306522290811114,0.247122268708978,0.247122268708978,0.19923317177093,1.00000018090461
-1.96922025547917e-07,0.444506982454422,0.308572485132274,0.246920532413303,0.246920532413303,0.197586450041119,1.00000017817171
-1.94217468148903e-07,0.44265316905152,0.310635482624064,0.246711348324417,0.246711348324417,0.195941820727103,1.00000017547657
-1.91550055557353e-07,0.440794001472073,0.312711341510631,0.246494657017296,0.246494657017296,0.194299344454778,1.00000017281869
-1.88919277620766e-07,0.438929481373233,0.314800119658287,0.24627039896848,0.24627039896848,0.192659082404753,1.00000017019754
-1.86324631193156e-07,0.43705961088211,0.316901874551434,0.246038514566456,0.246038514566456,0.191021096315655,1.00000016761265
-1.83765620038817e-07,0.435184392609878,0.319016663267652,0.24579894412247,0.24579894412247,0.189385448487408,1.00000016506349
-1.81241754737424e-07,0.433303829666296,0.321144542451902,0.245551627881802,0.245551627881802,0.187752201784493,1.0000001625496
-1.78752552590424e-07,0.431417925674674,0.323285568289827,0.245296506035499,0.245296506035499,0.186121419639175,1.00000016007049
-1.7629753752872e-07,0.429526684787293,0.325439796480116,0.24503351873259,0.24503351873259,0.184493166054703,1.00000015762568
-1.73876240021625e-07,0.427630111701291,0.327607282205901,0.244762606092808,0.244762606092808,0.182867505608484,1.00000015521471
-1.71488196987054e-07,0.425728211675029,0.329788080105147,0.244483708219824,0.244483708219824,0.181244503455206,1.00000015283711
-1.69132951702965e-07,0.423820990544966,0.331982244240008,0.244196765215025,0.244196765215026,0.179624225329941,1.00000015049244
-1.66810053720006e-07,0.42190845474304,0.334189828065114,0.243901717191846,0.243901717191846,0.178006737551193,1.00000014818023
-1.64519058775366e-07,0.419990611314585,0.336410884394741,0.243598504290674,0.243598504290674,0.176392107023912,1.00000014590006
-1.62259528707809e-07,0.418067467936801,0.338645465368844,0.243287066694355,0.243287066694355,0.174780401242446,1.00000014365148
-1.6003103137387e-07,0.416139032937781,0.340893622417897,0.242967344644322,0.242967344644322,0.173171688293459,1.00000014143407
-1.57833140565212e-07,0.414205315316135,0.343155406226506,0.242639278457359,0.242639278457359,0.171566036858776,1.0000001392474
-1.55665435927106e-07,0.412266324761211,0.345430866695759,0.24230280854303,0.24230280854303,0.169963516218181,1.00000013709105
-1.53527502878042e-07,0.410322071673943,0.347720052904258,0.241957875421799,0.241957875421799,0.168364196252145,1.00000013496461
-1.51418932530435e-07,0.408372567188345,0.350023013067792,0.241604419743863,0.241604419743863,0.166768147444482,1.00000013286767
-1.49339321612425e-07,0.406417823193662,0.352339794497617,0.24124238230872,0.24124238230872,0.165175440884942,1.00000013079984
-1.4728827239075e-07,0.404457852357223,0.354670443557269,0.240871704085508,0.240871704085508,0.163586148271714,1.00000012876072
-1.45265392594678e-07,0.402492668147984,0.357015005617886,0.24049232623413,0.24049232623413,0.162000341913854,1.00000012674991
-1.43270295340983e-07,0.400522284860821,0.359373525011975,0.240104190127204,0.240104190127204,0.160418094733617,1.00000012476703
-1.41302599059953e-07,0.398546717641563,0.361746044985572,0.239707237372864,0.239707237372864,0.158839480268699,1.00000012281171
-1.39361927422414e-07,0.396565982512817,0.364132607648742,0.239301409838441,0.239301409838441,0.157264572674376,1.00000012088357
-1.37447909267754e-07,0.394580096400585,0.366533253924361,0.238886649675055,0.238886649675055,0.15569344672553,1.00000011898225
-1.35560178532937e-07,0.392589077161723,0.368948023495126,0.238462899343151,0.238462899343151,0.154126177818572,1.00000011710737
-1.33698374182495e-07,0.390592943612251,0.371376954748727,0.238030101639022,0.238030101639022,0.15256284197323,1.00000011525858
-1.31862140139475e-07,0.388591715556546,0.373820084721123,0.237588199722331,0.237588199722331,0.151003515834216,1.00000011343553
-1.30051125217341e-07,0.386585413817449,0.376277449037854,0.237137137144698,0.237137137144698,0.149448276672751,1.00000011163787
-1.28264983052806e-07,0.384574060267309,0.378749081853331,0.23667685787936,0.23667685787936,0.147897202387949,1.00000010986526
-1.2650337203959e-07,0.382557677860007,0.381235015788027,0.236207306351966,0.236207306351966,0.146350371508041,1.00000010811735
-1.24765955263087e-07,0.380536290663967,0.383735281863499,0.235728427472534,0.235728427472534,0.144807863191433,1.00000010639382
-1.23052400435926e-07,0.37850992389621,0.386249909435185,0.235240166668605,0.235240166668605,0.143269757227604,1.00000010469434
-1.21362379834424e-07,0.376478603957462,0.388778926122875,0.234742469919663,0.234742469919663,0.141736134037799,1.00000010301857
-1.19695570235904e-07,0.374442358468371,0.391322357738802,0.234235283792827,0.234235283792827,0.140207074675543,1.00000010136621
-1.18051652856881e-07,0.372401216306838,0.393880228213267,0.233718555479895,0.233718555479895,0.138682660826943,1.00000009973693
-1.16430313292088e-07,0.370355207646526,0.396452559517714,0.233192232835759,0.233192232835759,0.137162974810767,1.00000009813042
-1.14831241454351e-07,0.368304363996563,0.399039371585176,0.232656264418262,0.232656264418262,0.135648099578301,1.00000009654638
-1.13254131515281e-07,0.366248718242473,0.401640682228004,0.232110599529522,0.232110599529522,0.134138118712951,1.00000009498451
-1.11698681846782e-07,0.364188304688396,0.404256507052801,0.231555188258802,0.231555188258803,0.132633116429594,1.00000009344451
-1.10164594963366e-07,0.362123159100598,0.406886859372454,0.230989981526948,0.230989981526948,0.13113317757365,1.00000009192608
-1.08651577465254e-07,0.360053318752339,0.40953175011519,0.230414931132471,0.230414931132471,0.129638387619867,1.00000009042894
-1.07159339982267e-07,0.357978822470125,0.412191187730554,0.229829989799321,0.229829989799321,0.128148832670804,1.0000000889528
-1.05687597118481e-07,0.355899710681382,0.414865178092213,0.229235111226404,0.229235111226405,0.126664599454978,1.00000008749738
-1.0423606739764e-07,0.353816025463599,0.41755372439749,0.228630250138911,0.228630250138911,0.125185775324688,1.00000008606239
-1.02804473209331e-07,0.351727810594969,0.420256827063525,0.228015362341506,0.228015362341506,0.123712448253463,1.00000008464758
-1.01392540755881e-07,0.349635111606582,0.422974483619975,0.227390404773443,0.227390404773443,0.12224470683314,1.00000008325266
-1e-07,0.347537975836204,0.425706688598123,0.226755335565673,0.226755335565673,0.120782640270531,1.00000008187738
-9.86265846131283e-08,0.345436452483677,0.42845343341632,0.226110114100003,0.226110114100003,0.119326338383674,1.00000008052147
-9.72720319245054e-08,0.343330592668,0.431214706261634,0.225454701070366,0.225454701070366,0.117875891597634,1.00000007918467
-9.59360828709315e-08,0.341220449486112,0.433990491967603,0.224789058546285,0.224789058546285,0.116431390939827,1.00000007786674
-9.46184819472199e-08,0.33910607807343,0.436780771887993,0.224113150038578,0.224113150038578,0.114992928034852,1.00000007656741
-9.33189771573324e-08,0.336987535666184,0.43958552376643,0.223426940567386,0.223426940567386,0.113560595098798,1.00000007528644
-9.20373199661823e-08,0.334864881665585,0.442404721601817,0.222730396732598,0.222730396732598,0.112134484932988,1.0000000740236
-9.07732652521022e-08,0.332738177703867,0.445238335509415,0.222023486786718,0.222023486786718,0.11071469091715,1.00000007277863
-8.9526571259964e-08,0.330607487712249,0.448086331577467,0.221306180710284,0.221306180710284,0.109301307001965,1.0000000715513
-8.82969995549408e-08,0.328472877990843,0.450948671719282,0.220578450289876,0.220578450289876,0.107894427700967,1.00000007034139
-8.70843149769072e-08,0.326334417280565,0.453825313520631,0.219840269198804,0.219840269198804,0.10649414808176,1.00000006914865
-8.58882855954626e-08,0.324192176837064,0.456716210082386,0.219091613080549,0.219091613080549,0.105100563756515,1.00000006797287
-8.4708682665574e-08,0.322046230506723,0.459621309858258,0.21833245963502,0.218332459635019,0.103713770871703,1.00000006681383
-8.35452805838287e-08,0.319896654804742,0.462540556487551,0.217562788707707,0.217562788707707,0.102333866097035,1.00000006567129
-8.23978568452851e-08,0.317743528995361,0.46547388862283,0.216782582381808,0.216782582381808,0.100960946613553,1.00000006454505
-8.12661920009195e-08,0.315586935174228,0.468421239752385,0.215991825073387,0.215991825073386,0.0995951101008417,1.00000006343489
-8.01500696156541e-08,0.31342695835294,0.471382538017418,0.215190503629642,0.215190503629642,0.0982364547232986,1.0000000623406
-7.90492762269642e-08,0.311263686545791,0.474357706023849,0.21437860743036,0.21437860743036,0.0968850791154302,1.00000006126199
-7.79636013040524e-08,0.309097210858724,0.477346660648663,0.213556128492613,0.213556128492613,0.0955410823661115,1.00000006019883
-7.68928372075831e-08,0.306927625580518,0.480349312840723,0.21272306157876,0.21272306157876,0.0942045640017579,1.00000005915093
-7.58367791499719e-08,0.304755028276195,0.483365567415968,0.211879404307837,0.211879404307837,0.0928756239683583,1.0000000581181
-7.47952251562183e-08,0.302579519882673,0.486395322846959,0.211025157270368,0.211025157270368,0.0915543626123047,1.00000005710014
-7.37679760252773e-08,0.300401204806632,0.489438471046698,0.210160324146671,0.210160324146671,0.0902408806599614,1.00000005609686
-7.27548352919623e-08,0.298220191024604,0.492494897146702,0.209284911828694,0.209284911828694,0.0889352791959099,1.00000005510806
-7.17556091893692e-08,0.296036590185247,0.495564479269305,0.208398930545448,0.208398930545448,0.0876376596397995,1.00000005413357
-7.07701066118189e-08,0.293850517713786,0.498647088294167,0.207502393992046,0.207502393992046,0.0863481237217401,1.0000000531732
-6.97981390783067e-08,0.291662092918569,0.501742587619022,0.206595319462409,0.206595319462409,0.0850667734561595,1.00000005222676
-6.8839520696455e-08,0.289471439099693,0.504850832914668,0.205677727985639,0.205677727985639,0.0837937111140545,1.00000005129409
-6.78940681269611e-08,0.287278683659646,0.507971671874265,0.204749644466089,0.204749644466089,0.0825290391935566,1.00000005037501
-6.69616005485322e-08,0.285083958215859,0.511104943957011,0.20381109782713,0.20381109782713,0.0812728603887293,1.00000004946934
-6.60419396233031e-08,0.282887398715117,0.514250480126285,0.202862121158598,0.202862121158598,0.0800252775565185,1.00000004857691
-6.51349094627281e-08,0.280689145549686,0.517408102582391,0.201902751867923,0.201902751867923,0.0787863936817623,1.00000004769757
-6.42403365939419e-08,0.278489343675057,0.520577624490063,0.20093303183488,0.20093303183488,0.0775563118401778,1.00000004683114
-6.33580499265825e-08,0.276288142729157,0.523758849700913,0.199953007569929,0.19995300756993,0.0763351351592276,1.00000004597746
-6.24878807200689e-08,0.274085697152853,0.526951572471067,0.198962730376081,0.198962730376081,0.075122966776772,1.00000004513637
-6.16296625513294e-08,0.271882166311588,0.530155577174234,0.197962256514178,0.197962256514178,0.0739199097974101,1.00000004430773
-6.07832312829724e-08,0.269677714617925,0.533370638010557,0.196951647371518,0.196951647371518,0.0727260672464078,1.00000004349136
-5.99484250318941e-08,0.267472511654769,0.536596518711573,0.195930969633658,0.195930969633658,0.0715415420211106,1.00000004268713
-5.91250841383188e-08,0.265266732299009,0.539832972241719,0.194900295459272,0.194900295459272,0.0703664368397371,1.00000004189487
-5.83130511352622e-08,0.263060556845296,0.54307974049685,0.193859702657854,0.193859702657854,0.0692008541874425,1.00000004111446
-5.75121707184161e-08,0.260854171129631,0.546336554000287,0.192809274870082,0.192809274870082,0.0680448962595496,1.00000004034573
-5.67222897164455e-08,0.258647766652408,0.549603131597014,0.191749101750578,0.191749101750578,0.0668986649018301,1.00000003958855
-5.59432570616938e-08,0.256441540700534,0.552879180146664,0.190679279152802,0.190679279152802,0.0657622615477316,1.00000003884278
-5.51749237612913e-08,0.254235696468194,0.556164394216049,0.189599909315758,0.189599909315758,0.0646357871524357,1.00000003810828
-5.44171428686589e-08,0.252030443175794,0.559458455772047,0.188511101052158,0.188511101052158,0.0635193421236357,1.00000003738492
-5.36697694554048e-08,0.249825996186588,0.562761033875749,0.187412969937662,0.187412969937662,0.0624130262489261,1.00000003667255
-5.29326605836057e-08,0.24762257712042,0.566071784378853,0.186305638500728,0.186305638500728,0.0613169386196918,1.00000003597106
-5.22056752784698e-08,0.245420413964,0.569390349623392,0.185189236412608,0.185189236412608,0.0602311775513925,1.00000003528032
-5.1488674501375e-08,0.243219741177075,0.572716358145987,0.184063900676938,0.184063900676938,0.0591558405001376,1.00000003460018
-5.07815211232767e-08,0.241020799793778,0.576049424387895,0.182929775818327,0.182929775818327,0.058091023975451,1.00000003393054
-5.00840798984821e-08,0.238823837518437,0.57938914841226,0.181787014069303,0.181787014069303,0.0570368234491338,1.00000003327127
-4.93962174387833e-08,0.23662910881503,0.582735115630074,0.180635775554896,0.180635775554896,0.0559933332601335,1.00000003262224
-4.87178021879463e-08,0.234436874989441,0.586086896536459,0.1794762284741,0.1794762284741,0.0549606465153414,1.00000003198334
-4.80487043965513e-08,0.232247404263608,0.58944404645903,0.178308549277361,0.178308549277361,0.0539388549862467,1.00000003135446
-4.73887960971765e-08,0.230060971840597,0.592806105320189,0.177132922839213,0.177132922839213,0.0529280490013841,1.00000003073547
-4.67379510799246e-08,0.227877859959592,0.596172597415347,0.175949542625062,0.175949542625062,0.0519283173345296,1.00000003012627
-4.60960448682844e-08,0.225698357939707,0.599543031209194,0.174758610851099,0.174758610851099,0.0509397470886073,1.00000002952674
-4.5462954695324e-08,0.223522762211518,0.602916899152254,0.173560338636228,0.173560338636228,0.0499624235752906,1.00000002893677
-4.48385594802119e-08,0.221351376335104,0.606293677520089,0.172354946144807,0.172354946144807,0.0489964301902976,1.00000002835626
-4.4222739805059e-08,0.219184511003372,0.609672826277654,0.171142662718974,0.171142662718974,0.0480418482843989,1.00000002778511
-4.36153778920801e-08,0.217022484029389,0.613053788971406,0.169923726999205,0.169923726999205,0.0470987570301835,1.00000002722319
-4.3016357581068e-08,0.214865620316376,0.616435992651896,0.168698387031728,0.168698387031728,0.0461672332846486,1.00000002667043
-4.24255643071778e-08,0.212714251809017,0.619818847829675,0.167466900361307,0.167466900361307,0.0452473514477097,1.00000002612671
-4.18428850790158e-08,0.210568717424657,0.623201748467443,0.1662295341079,0.1662295341079,0.0443391833167568,1.00000002559193
-4.12682084570295e-08,0.208429362962978,0.626584072011459,0.164986565025564,0.164986565025564,0.0434427979374139,1.000000025066
-4.07014245321944e-08,0.206296540992698,0.629965179465302,0.163738279542,0.163738279542,0.0425582614506979,1.00000002454881
-4.01424249049933e-08,0.20417061071384,0.633344415509127,0.162484973777033,0.162484973777033,0.0416856369368069,1.00000002404029
-3.95911026646846e-08,0.202051937794115,0.636721108667581,0.161226953538304,0.161226953538304,0.0408249842558115,1.00000002354032
-3.90473523688556e-08,0.199940894177985,0.640094571529596,0.159964534292418,0.159964534292418,0.0399763598855669,1.00000002304883
-3.85110700232557e-08,0.197837857866992,0.64346410102322,0.158698041109788,0.158698041109788,0.0391398167572034,1.00000002256571
-3.79821530619074e-08,0.195743212669995,0.646828978748621,0.157427808581384,0.157427808581384,0.0383154040886102,1.00000002209089
-3.746050032749e-08,0.193657347922011,0.650188471372347,0.156154180705642,0.156154180705642,0.0375031672163683,1.00000002162426
-3.6946012051993e-08,0.191580658170435,0.653541831085776,0.154877510743789,0.154877510743789,0.0367031474266461,1.00000002116574
-3.64385898376354e-08,0.189513542827525,0.656888296130571,0.153598161041904,0.153598161041904,0.0359153817856213,1.00000002071526
-3.59381366380463e-08,0.187456405788146,0.660227091393755,0.152316502818099,0.152316502818099,0.035139902970047,1.00000002027271
-3.54445567397044e-08,0.185409655011918,0.663557429074799,0.151032915913283,0.151032915913283,0.0343767390986346,1.00000001983802
