-0.001,0.933169024689376,0.0044663532303836,0.124729244160481,0.870804402609135,1.00099998005169
-0.000986265846131283,0.932938022443966,0.0044972828163727,0.125129389479322,0.870373327704305,1.00098624589836
-0.000972720319245054,0.932706219449509,0.00452842689669923,0.125530707307584,0.869940865795717,1.00097270037201
-0.000959360828709315,0.932473612969979,0.00455978695456715,0.125933200150907,0.869507012894526,1.00095934088201
-0.000946184819472199,0.93224020025973,0.00459136448344074,0.126336870513659,0.8690717650029,1.0009461648733
-0.000933189771573324,0.932005978563458,0.00462316098711513,0.126741720898853,0.868635118114032,1.00093316982593
-0.000920373199661823,0.931770945116181,0.00465517797978748,0.127147753808063,0.868197068212149,1.00092035325455
-0.000907732652521022,0.931535097143199,0.00468741698612862,0.127554971741345,0.867757611272526,1.00090771270793
-0.00089526571259964,0.93129843186007,0.00471987954135512,0.127963377197149,0.867316743261496,1.00089524576853
-0.000882969995549408,0.93106094647258,0.00475256719130194,0.128372972672237,0.866874460136461,1.000882950052
-0.000870843149769072,0.930822638176706,0.00478548149249549,0.128783760661597,0.866430757845908,1.00087082320674
-0.000858882855954626,0.930583504158594,0.00481862401222725,0.129195743658357,0.865985632329416,1.00085886291344
-0.00084708682665574,0.930343541594522,0.0048519963286279,0.1296089241537,0.865539079517672,1.00084706688465
-0.000835452805838287,0.930102747650871,0.00488560003074193,0.130023304636774,0.865091095332484,1.00083543286434
-0.000823978568452851,0.929861119484095,0.00491943671860275,0.130438887594604,0.864641675686793,1.00082395862746
-0.000812661920009195,0.929618654240689,0.00495350800330837,0.130855675512004,0.864190816484687,1.00081264197953
-0.000801500696156541,0.929375349057159,0.00498781550709753,0.131273670871488,0.863738513621415,1.00080148075618
-0.000790492762269642,0.929131201059986,0.00502236086342642,0.131692876153175,0.863284762983398,1.00079047282279
-0.000779636013040524,0.928886207365602,0.00505714571704587,0.132113293834705,0.862829560448249,1.00077961607407
-0.000768928372075831,0.928640365080352,0.0050921717240791,0.132534926391138,0.862372901884783,1.0007689084336
-0.000758367791499719,0.928393671300466,0.00512744055209999,0.132957776294867,0.861914783153033,1.00075834785352
-0.000747952251562183,0.928146123112027,0.00516295388021192,0.133381846015523,0.861455200104265,1.00074793231408
-0.000737679760252773,0.927897717590934,0.00519871339912709,0.133807138019878,0.860994148580995,1.00073765982326
-0.000727548352919623,0.927648451802879,0.00523472081124639,0.13423365477175,0.860531624417004,1.00072752841642
-0.000717556091893692,0.927398322803305,0.00527097783073995,0.13466139873191,0.86006762343735,1.00071753615588
-0.000707701066118189,0.927147327637382,0.005307486183628,0.13509037235798,0.859602141458392,1.0007076811306
-0.000697981390783067,0.926895463339969,0.00534424760786252,0.135520578104337,0.859135174287801,1.00069796145575
-0.00068839520696455,0.926642726935584,0.00538126385340931,0.135952018422014,0.858666717724577,1.00068837527242
-0.000678940681269611,0.92638911543837,0.00541853668233065,0.136384695758599,0.85819676755907,1.0006789207472
-0.000669616005485322,0.926134625852063,0.00545606786886856,0.136818612558136,0.857725319572995,1.0006695960719
-0.000660419396233031,0.92587925516996,0.00549385919952861,0.137253771261022,0.857252369539449,1.00066039946313
-0.000651349094627281,0.925623000374884,0.00553191247316428,0.137690174303904,0.856777913222932,1.00065132916201
-0.000642403365939419,0.92536585843915,0.00557022950106194,0.138127824119576,0.856301946379363,1.0006423834338
-0.000633580499265825,0.925107826324537,0.00560881210702636,0.138566723136874,0.8558244647561,1.0006335605676
-0.000624878807200689,0.924848900982247,0.00564766212746689,0.139006873780573,0.85534546409196,1.00062485887601
-0.000616296625513294,0.924589079352877,0.00568678141148413,0.139448278471277,0.854864940117239,1.0006162766948
-0.000607832312829724,0.924328358366385,0.00572617182095726,0.139890939625315,0.854382888553728,1.00060781238259
-0.000599484250318941,0.924066734942053,0.00576583523063196,0.14033485965463,0.853899305114738,1.00059946432055
-0.000591250841383188,0.923804205988454,0.00580577352820887,0.140780040966674,0.853414185505117,1.00059123091209
-0.000583130511352622,0.923540768403422,0.00584598861443279,0.141226485964291,0.852927525421276,1.00058311058253
-0.000575121707184161,0.923276419074011,0.00588648240318231,0.141674197045613,0.852439320551204,1.00057510177883
-0.000567222897164455,0.923011154876467,0.00592725682156023,0.142123176603945,0.851949566574494,1.00056720296928
-0.000559432570616938,0.92274497267619,0.00596831380998447,0.142573427027652,0.851458259162364,1.0005594126432
-0.000551749237612913,0.922477869327699,0.00600965532227967,0.143024950700042,0.850965393977678,1.00055172931066
-0.000544171428686589,0.922209841674601,0.00605128332576939,0.143477749999258,0.850470966674972,1.0005441515022
-0.000536697694554048,0.921940886549553,0.00609319980136894,0.143931827298156,0.849974972900475,1.00053667776853
-0.000529326605836056,0.921671000774226,0.00613540674367889,0.144387184964189,0.849477408292132,1.00052930668028
-0.000522056752784698,0.921400181159275,0.00617790616107911,0.144843825359292,0.848978268479629,1.00052203682769
-0.00051488674501375,0.921128424504298,0.00622070007582361,0.145301750839757,0.848477549084419,1.00051486682039
-0.000507815211232767,0.920855727597804,0.00626379052413587,0.14576096375612,0.847975245719744,1.00050779528707
-0.000500840798984821,0.920582087217178,0.00630717955630495,0.146221466453035,0.84747135399066,1.00050082087528
-0.000493962174387832,0.920307500128643,0.00635086923678217,0.14668326126915,0.846965869494067,1.00049394225114
-0.000487178021879463,0.920031963087226,0.00639486164427848,0.147146350536992,0.84645878781873,1.0004871580991
-0.000480487043965513,0.919755472836722,0.00643915887186254,0.147610736582831,0.845950104545306,1.00048046712164
-0.000473887960971765,0.919478026109658,0.00648376302705937,0.148076421726566,0.845439815246374,1.00047386803911
-0.000467379510799246,0.919199619627256,0.00652867623194979,0.148543408281589,0.844927915486461,1.0004673595894
-0.000460960448682843,0.918920250099398,0.00657390062327043,0.149011698554663,0.844414400822066,1.00046094052774
-0.00045462954695324,0.91863991422459,0.00661943835251453,0.149481294845791,0.843899266801695,1.00045460962647
-0.000448385594802119,0.918358608689924,0.00666529158603333,0.149952199448085,0.843382508965882,1.00044836567477
-0.00044222739805059,0.918076330171042,0.00671146250513822,0.150424414647639,0.842864122847223,1.00044220747848
-0.000436153778920801,0.917793075332101,0.00675795330620355,0.150897942723392,0.842344103970405,1.00043613385981
-0.000430163575810679,0.917508840825731,0.00680476620077019,0.151372785946997,0.841822447852233,1.00043014365715
-0.000424255643071778,0.917223623293007,0.00685190341564971,0.151848946582686,0.841299150001664,1.00042423572487
-0.000418428850790158,0.916937419363403,0.00689936719302938,0.152326426887136,0.840774205919835,1.00041840893305
-0.000412682084570295,0.916650225654758,0.00694715979057781,0.152805229109328,0.840247611100094,1.00041266216728
-0.000407014245321944,0.916362038773242,0.00699528348155131,0.153285355490413,0.839719361028036,1.00040699432849
-0.000401424249049932,0.916072855313314,0.00704374055490106,0.15376680826357,0.839189451181529,1.00040140433267
-0.000395911026646846,0.915782671857684,0.00709253331538087,0.15424958965387,0.83865787703075,1.00039589111073
-0.000390473523688556,0.915491484977281,0.00714166408365583,0.154733701878126,0.838124634038219,1.00039045360822
-0.000385110700232557,0.915199291231209,0.00719113519641161,0.155219147144758,0.83758971765883,1.00038509078522
-0.000379821530619074,0.914906087166712,0.00724094900646447,0.155705927653647,0.837053123339889,1.00037980161607
-0.000374605003274899,0.914611869319135,0.00729110788287216,0.156194045595986,0.836514846521142,1.00037458508918
-0.00036946012051993,0.914316634211886,0.00734161421104541,0.156683503154137,0.835974882634817,1.00036944020688
-0.000364385898376355,0.914020378356398,0.00739247039286034,0.157174302501483,0.835433227105657,1.00036436598519
-0.000359381366380463,0.913723098252091,0.00744367884677149,0.157666445802276,0.834889875350953,1.00035936145365
-0.000354445567397044,0.91342479038633,0.00749524200792571,0.158159935211489,0.834344822780585,1.00035442565512
-0.000349577557436327,0.913125451234391,0.00754716232827684,0.158654772874664,0.833798064797059,1.00034955764562
-0.000344776405473446,0.912825077259419,0.00759944227670106,0.159150960927759,0.83324959679554,1.00034475649411
-0.000340041193270371,0.912523664912391,0.0076520843391132,0.159648501496992,0.832699414163894,1.00034002128236
-0.000335371015200293,0.912221210632073,0.00770509101858367,0.160147396698688,0.832147512282729,1.00033535110475
-0.000330764978074424,0.911917710844985,0.00775846483545629,0.160647648639117,0.831593886525427,1.00033074506808
-0.000326222200971167,0.911613161965362,0.00781220832746691,0.161149259414343,0.83103853225819,1.00032620229143
-0.000321741815067637,0.911307560395108,0.00786632404986278,0.161652231110059,0.830481444840079,1.00032172190599
-0.000317322963473498,0.911000902523764,0.00792081457552283,0.162156565801425,0.829922619623052,1.00031730305485
-0.000312964801067075,0.910693184728465,0.00797568249507869,0.162662265552912,0.829362051952009,1.0003129448929
-0.000308666494333727,0.910384403373898,0.00803093041703656,0.16316933241813,0.828799737164833,1.00030864658663
-0.00030442722120643,0.910074554812266,0.00808656096789992,0.163677768439669,0.828235670592432,1.00030440731396
-0.000300246170908555,0.909763635383243,0.00814257679229303,0.164187575648927,0.82766984755878,1.00030022626412
-0.000296122543798804,0.90945164141394,0.00819898055308537,0.164698756065949,0.827102263380966,1.00029610263747
-0.000292055551218275,0.909138569218858,0.00825577493151683,0.16521131169925,0.826532913369233,1.00029203564535
-0.00028804441533963,0.908824415099852,0.00831296262732377,0.165725244545648,0.825961792827028,1.00028802450993
-0.00028408836901833,0.908509175346087,0.00837054635886599,0.166240556590093,0.825388897051041,1.00028406846407
-0.00028018665564592,0.908192846234002,0.00842852886325448,0.166757249805488,0.824814221331258,1.00028016675116
-0.000276338529005317,0.907875424027261,0.00848691289648014,0.167275326152518,0.824237760951002,1.00027631862498
-0.000272543253128103,0.907556904976721,0.00854570123354332,0.167794787579472,0.823659511186985,1.00027252334956
-0.000268800102153761,0.907237285320384,0.00860489666858416,0.168315636022065,0.823079467309351,1.00026878019905
-0.000265108360190854,0.906916561283358,0.00866450201501403,0.168837873403256,0.82249762458173,1.00026508845755
-0.000261467321180109,0.906594729077817,0.00872452010564762,0.16936150163307,0.821913978261283,1.00026144741901
-0.00025787628875938,0.906271784902958,0.00878495379283613,0.169886522608412,0.821328523598752,1.00025785638705
-0.000254334576130465,0.905947724944956,0.00884580594860122,0.170412938212886,0.820741255838513,1.00025431467489
-0.000250841505927754,0.905622545376928,0.00890707946476994,0.170940750316603,0.820152170218627,1.00025082160515
-0.000247396410088681,0.905296242358888,0.00896877725311059,0.171469960776003,0.819561261970887,1.00024737650978
-0.000243998629725955,0.904968812037704,0.00903090224546944,0.172000571433654,0.818968526320877,1.00024397872988
-0.000240647515001543,0.904640250547056,0.00909345739390845,0.172532584118071,0.818373958488021,1.00024062761563
-0.000237342425002387,0.904310554007396,0.00915644567084391,0.17306600064352,0.817777553685636,1.0002373225261
-0.000234082727617829,0.903979718525902,0.00921987006918591,0.173600822809824,0.81717930712099,1.00023406282918
-0.000230867799418717,0.903647740196438,0.00928373360247899,0.174137052402166,0.816579213995355,1.00023084790145
-0.000227697025538168,0.903314615099509,0.00934803930504349,0.174674691190894,0.815977269504062,1.00022767712804
-0.000224569799553978,0.90298033930222,0.00941279023211803,0.175213740931323,0.815373468836559,1.00022454990253
-0.000221485523372636,0.902644908858232,0.00947798946000293,0.17575420336353,0.814767807176467,1.00022146562682
-0.000218443607114943,0.902308319807717,0.0095436400862045,0.176296080212157,0.814160279701639,1.00021842371104
-0.000215443469003188,0.901970568177318,0.00960974522958045,0.176839373186203,0.813550881584217,1.0002154235734
-0.000212484535249888,0.901631649980104,0.00967630803048621,0.17738408397882,0.812939607990693,1.00021246464012
-0.000209566239948044,0.901291561215524,0.00974333165092223,0.177930214267108,0.81232645408197,1.0002095463453
-0.000206688024962908,0.900950297869368,0.00981081927468236,0.1784777657119,0.811711415013418,1.00020666813079
-0.000203849339825246,0.900607855913719,0.00987877410750311,0.179026739957556,0.81109448593494,1.00020382944613
-0.00020104964162605,0.90026423130691,0.00994719937721407,0.179577138631752,0.810475661991034,1.00020102974841
-0.000198288394912707,0.899919419993482,0.0100160983338892,0.180128963345258,0.809854938320853,1.00019826850218
-0.000195565071586595,0.899573417904136,0.0100854742499992,0.18068221569173,0.809232310058271,1.00019554517934
-0.000192879150802078,0.899226220955691,0.0101553304205652,0.181236897247487,0.808607772331948,1.00019285925903
-0.000190230118866895,0.89887782505104,0.0102256701633127,0.181793009571294,0.807981320265393,1.00019021022758
-0.000187617469143912,0.898528226079103,0.0102964968188276,0.182350554204139,0.807352948977034,1.00018759757834
-0.00018504070195423,0.898177419914783,0.0103678137507125,0.182909532669009,0.806722653580279,1.00018502081164
-0.000182499324481615,0.897825402418922,0.0104396243457444,0.183469946470668,0.806090429183588,1.00018247943465
-0.000179992850678248,0.897472169438255,0.0105119320140332,0.184031797095424,0.805456270890543,1.00017997296134
-0.000177520801171764,0.897117716805364,0.0105847401891819,0.184595086010908,0.80482017379991,1.00017750091232
-0.000175082703173572,0.896762040338636,0.0106580523284469,0.185159814665835,0.804182133005719,1.00017506281482
-0.000172678090388436,0.896405135842212,0.0107318719129003,0.185725984489775,0.803542143597324,1.00017265820252
-0.000170306502925284,0.896046999105946,0.0108062024475929,0.186293596892922,0.802900200659485,1.00017028661555
-0.000167967487209265,0.895687625905358,0.0108810474617181,0.186862653265848,0.802256299272434,1.00016794760033
-0.000165660595894992,0.895327012001585,0.0109564105087776,0.187433154979274,0.801610434511948,1.00016564070951
-0.000163385387780986,0.894965153141341,0.0110322951667473,0.188005103383823,0.800962601449429,1.00016336550189
-0.000161141427725302,0.894602045056865,0.0111087050382448,0.188578499809781,0.800312795151974,1.00016112154234
-0.000158928286562298,0.894237683465876,0.0111856437506984,0.18915334556685,0.799661010682451,1.00015890840167
-0.00015674554102056,0.893872064071532,0.0112631149565165,0.189729641943903,0.79900724309958,1.00015672565663
-0.000154592773641948,0.893505182562373,0.0113411223332589,0.190307390208736,0.798351487458006,1.00015457288976
-0.000152469572701757,0.893137034612285,0.0114196695838083,0.190886591607813,0.797693738808378,1.00015244968932
-0.000150375532129974,0.892767615880446,0.0114987604365439,0.191467247366021,0.797033992197435,1.00015035564925
-0.00014831025143361,0.89239692201128,0.0115783986455158,0.192049358686408,0.796372242668076,1.00014829036906
-0.000146273335620113,0.892024948634415,0.0116585879906205,0.19263292674993,0.79570848525945,1.00014625345376
-0.000144264395121816,0.891651691364628,0.0117393322777775,0.19321795271519,0.795042715007033,1.00014424451377
-0.000142283045721435,0.891277145801803,0.0118206353391076,0.19380443771818,0.794374926942713,1.00014226316488
-0.000140328908478587,0.890901307530881,0.0119025010331117,0.194392382872014,0.793705116094875,1.00014030902815
-0.000138401609657313,0.890524172121816,0.0119849332448513,0.194981789266665,0.793033277488484,1.00013838172984
-0.000136500780654601,0.890145735129521,0.0120679358861303,0.195572657968698,0.792359406145172,1.00013648090135
-0.000134626057929891,0.889765992093824,0.0121515128956773,0.196164990020998,0.791683497083325,1.00013460617914
-0.000132777082935543,0.88938493853942,0.0122356682393301,0.196758786442499,0.791005545318171,1.00013275720467
-0.000130953502048267,0.889002569975823,0.0123204059102207,0.197354048227912,0.790325545861867,1.0001309336243
-0.000129154966501488,0.888618881897315,0.0124057299289621,0.197950776347446,0.789643493723592,1.00012913508928
-0.000127381132318648,0.888233869782899,0.0124916443438357,0.19854897174653,0.788959383909634,1.00012736125562
-0.000125631660247412,0.887847529096252,0.0125781532309806,0.199148635345534,0.788273211423485,1.00012561178407
-0.000123906215694792,0.887459855285675,0.012665260694584,0.199749768039483,0.787584971265933,1.00012388634004
-0.000122204468663149,0.887070843784041,0.0127529708670725,0.200352370697773,0.786894658435155,1.00012218459354
-0.000120526093687084,0.886680490008752,0.0128412879093054,0.200956444163885,0.78620226792681,1.00012050621909
-0.00011887076977119,0.886288789361686,0.0129302160107682,0.201561989255092,0.78550779473414,1.00011885089571
-0.00011723818032866,0.885895737229147,0.0130197593897692,0.202169006762168,0.784811233848063,1.0001172183068
-0.000115628013120738,0.885501328981818,0.0131099222936352,0.202777497449094,0.784112580257271,1.00011560814013
-0.000114039960197003,0.885105559974711,0.0132007089989101,0.203387462052759,0.783411828948331,1.00011402008774
-0.000112473717836475,0.884708425547114,0.0132921238115548,0.203998901282662,0.782708974905783,1.00011245384592
-0.000110928986489522,0.884309921022548,0.0133841710671471,0.20461181582061,0.782004013112243,1.00011090911511
-0.000109405470720574,0.883910041708709,0.0134768551310847,0.205226206320412,0.781296938548503,1.00010938559988
-0.000107902879151618,0.883508782897424,0.0135701803987882,0.205842073407576,0.780587746193636,1.00010788300886
-0.000106420924406472,0.883106139864597,0.0136641512959063,0.206459417678993,0.779876431025101,1.00010640105466
-0.000104959323055823,0.882702107870162,0.0137587722785217,0.207078239702633,0.779162988018846,1.00010493945386
-0.000103517795563018,0.882296682158028,0.0138540478333593,0.207698540017224,0.778447412149416,1.00010349792691
-0.000102096066230605,0.881889857956034,0.0139499824779946,0.208320319131942,0.777729698390063,1.00010207619813
-0.000100693863147603,0.881481630475893,0.0140465807610647,0.208943577526084,0.777009841712851,1.0001006739956
-9.9310918137498e-05,0.881071994913144,0.01414384726248,0.209568315648752,0.776287837088768,1.00009929105115
-9.79469667069539e-05,0.8806609464471,0.0142417865936371,0.210194533918526,0.775563679487836,1.00009792710027
-9.66017479952265e-05,0.880248480240797,0.0143404033976341,0.210822232723138,0.774837363879228,1.00009658188212
-9.5275004724273e-05,0.879834591440944,0.0144397023494865,0.21145141241914,0.774108885231374,1.00009525513941
-9.39664831495469e-05,0.879419275177868,0.0145396881563447,0.212082073331575,0.773378238512081,1.0000939466184
-9.26759330114688e-05,0.879002526565468,0.014640365557713,0.212714215753639,0.772645418688648,1.00009265606882
-9.14031074875622e-05,0.878584340701156,0.0147417393256707,0.213347839946346,0.771910420727984,1.00009138324387
-9.01477631452492e-05,0.878164712665814,0.0148438142650932,0.213982946138185,0.771173239596722,1.00009012790009
-8.89096598952917e-05,0.877743637523734,0.0149465952138763,0.21461953452478,0.770433870261344,1.00008888979741
-8.76885609458743e-05,0.877321110322569,0.0150500870431609,0.215257605268541,0.769692307688298,1.00008766869904
-8.64842327573173e-05,0.876897126093282,0.0151542946575592,0.215897158498317,0.768948546844124,1.00008646437142
-8.52964449974102e-05,0.876471679850094,0.0152592229953833,0.216538194309045,0.768202582695572,1.00008527658424
-8.41249704973612e-05,0.876044766590429,0.0153648770288742,0.217180712761395,0.767454410209731,1.00008410511032
-8.29695852083492e-05,0.87561638129486,0.0154712617644331,0.217824713881414,0.766704024354153,1.00008294972561
-8.18300681586739e-05,0.875186518927063,0.0155783822428541,0.218470197660166,0.765951420096979,1.00008181020915
-8.07062014114951e-05,0.874755174433757,0.0156862435395583,0.219117164053369,0.765196592407072,1.00008068634299
-7.95977700231498e-05,0.874322342744656,0.0157948507648294,0.219765612981029,0.764439536254141,1.00007957791219
-7.85045620020451e-05,0.873888018772412,0.0159042090640513,0.220415544327073,0.763680246608876,1.00007848470475
-7.74263682681128e-05,0.873452197412565,0.0160143236179467,0.221066957938977,0.762918718443077,1.00007740651161
-7.63629826128224e-05,0.873014873543487,0.0161251996428177,0.221719853627391,0.762154946729791,1.00007634312655
-7.53142016597438e-05,0.87257604202633,0.0162368423907881,0.222374231165764,0.761388926443448,1.0000752943462
-7.42798248256491e-05,0.872135697704972,0.0163492571500468,0.223030090289962,0.760620652559991,1.00007425996996
-7.32596542821523e-05,0.871693835405965,0.0164624492450932,0.223687430697884,0.759850120057023,1.00007323980002
-7.22534949178722e-05,0.871250449938476,0.0165764240369845,0.224346252049079,0.759077323913936,1.00007223364126
-7.12611543011175e-05,0.870805536094239,0.0166911869235837,0.225006553964355,0.758302259112062,1.00007124130125
-7.02824426430835e-05,0.870359088647497,0.0168067433398107,0.225668336025384,0.757524920634805,1.0000702625902
-6.9317172761554e-05,0.869911102354951,0.0169230987578933,0.226331597774312,0.756745303467794,1.00006929732093
-6.83651600451024e-05,0.869461571955699,0.0170402586876218,0.226996338713358,0.755963402599021,1.00006834530882
-6.74262224177835e-05,0.869010492171192,0.0171582286766034,0.227662558304409,0.755179213018988,1.00006740637181
-6.65001803043112e-05,0.868557857705169,0.01727701431052,0.228330255968622,0.754392729720858,1.00006648033032
-6.55868565957144e-05,0.868103663243608,0.0173966212133863,0.228999431086011,0.753603947700602,1.00006556700723
-6.46860766154632e-05,0.86764790345467,0.0175170550478105,0.229670082995038,0.752812861957151,1.00006466622787
-6.37976680860628e-05,0.867190572988645,0.0176383215152567,0.230342210992197,0.752019467492546,1.00006377781997
-6.29214610961035e-05,0.866731666477892,0.0177604263563083,0.231015814331598,0.751223759312093,1.00006290161361
-6.2057288067765e-05,0.866271178536792,0.0178833753509343,0.231690892224547,0.750425732424519,1.00006203744121
-6.1204983724767e-05,0.865809103761685,0.0180071743187559,0.232367443839118,0.749625381842126,1.0000611851375
-6.03643850607586e-05,0.865345436730818,0.0181318291193167,0.23304546829973,0.748822702580953,1.00006034453947
-5.95353313081437e-05,0.86488017200429,0.0182573456523528,0.233724964686714,0.748017689660933,1.00005951548636
-5.87176639073326e-05,0.864413304123995,0.0183837298580663,0.234405932035878,0.747210338106055,1.0000586978196
-5.79112264764176e-05,0.863944827613564,0.0185109877173993,0.235088369338073,0.746400642944528,1.00005789138281
-5.71158647812644e-05,0.863474736978316,0.0186391252523107,0.235772275538746,0.745588599208943,1.00005709602176
-5.63314267060135e-05,0.863003026705194,0.0187681485260546,0.236457649537503,0.744774201936443,1.00005631158433
-5.55577622239888e-05,0.862529691262713,0.0188980636434597,0.237144490187655,0.743957446168885,1.0000555379205
-5.47947233690028e-05,0.862054725100902,0.019028876751212,0.237832796295771,0.743138326953017,1.0000547748823
-5.40421642070591e-05,0.861578122651251,0.0191605940381383,0.238522566621221,0.742316839340641,1.0000540223238
-5.32999408084409e-05,0.86109987832665,0.0192932217354919,0.239213799875716,0.741492978388792,1.00005328010106
-5.25679112201842e-05,0.860619986521335,0.0194267661172403,0.23990649472285,0.740666739159909,1.00005254807213
-5.18459354389291e-05,0.860138441610828,0.0195612335003542,0.240600649777635,0.739838116722011,1.00005182609701
-5.11338753841432e-05,0.859655237951888,0.0196966302450998,0.241296263606024,0.739007106148876,1.00005111403763
-5.04315948717136e-05,0.859170369882444,0.0198329627553312,0.24199333472445,0.738173702520219,1.00005041175778
-4.97389595879007e-05,0.858683831721544,0.0199702374787864,0.24269186159934,0.737337900921874,1.00004971912317
-4.90558370636505e-05,0.858195617769297,0.0201084609073839,0.243391842646638,0.736499696445978,1.00004903600133
-4.83820966492596e-05,0.857705722306815,0.0202476395775224,0.244093276231326,0.735659084191151,1.00004836226159
-4.77176094893874e-05,0.857214139596154,0.0203877800703815,0.244796160666929,0.73481605926269,1.00004769777511
-4.70622484984128e-05,0.856720863880262,0.020528889012225,0.245500494215027,0.733970616772748,1.00004704241481
-4.64158883361278e-05,0.856225889382913,0.0206709730747061,0.246206275084762,0.733122751840532,1.00004639605533
-4.57784053837662e-05,0.855729210308657,0.0208140389751747,0.246913501432337,0.732272459592488,1.00004575857307
-4.5149677720361e-05,0.855230820842757,0.020958093476986,0.247622171360514,0.7314197351625,1.0000451298461
-4.45295850994265e-05,0.854730715151135,0.0211031433898122,0.248332282918105,0.730564573692083,1.00004450975418
-4.39180089259609e-05,0.854228887380311,0.0212491955699554,0.249043834099467,0.729706970330577,1.0000438981787
-4.3314832233764e-05,0.853725331657345,0.0213962569206632,0.249756822843983,0.728846920235354,1.00004329500271
-4.27199396630678e-05,0.853220042089782,0.0215443343924459,0.250471247035545,0.727984418572009,1.00004270011085
-4.21332174384729e-05,0.852713012765588,0.0216934349833959,0.251187104502032,0.727119460514572,1.00004211338933
-4.15545533471887e-05,0.852204237753098,0.0218435657395094,0.251904393014785,0.726252041245706,1.00004153472595
-4.09838367175726e-05,0.851693711100953,0.0219947337550098,0.252623110288074,0.725382155956916,1.00004096401004
-4.04209583979631e-05,0.851181426838043,0.0221469461726738,0.253343253978566,0.72450979984876,1.00004040113243
-3.98658107358044e-05,0.850667378973447,0.0223002101841591,0.254064821684787,0.723634968131054,1.00003984598549
-3.93182875570577e-05,0.850151561496378,0.0224545330303346,0.254787810946575,0.72275765602309,1.00003929846304
-3.87782841458945e-05,0.849633968376117,0.0226099220016125,0.255512219244541,0.721877858753847,1.00003875846035
-3.824569722467e-05,0.849114593561963,0.0227663844382826,0.256238043999509,0.720995571562208,1.00003822587416
-3.772042493417e-05,0.848593430983166,0.0229239277308493,0.25696528257197,0.720110789697181,1.00003770060261
-3.72023668141307e-05,0.848070474548872,0.0230825593203698,0.257693932261517,0.719223508418113,1.00003718254522
-3.66914237840249e-05,0.847545718148063,0.0232422866987957,0.258423990306282,0.718333722994922,1.00003667160293
-3.61874981241128e-05,0.847019155649499,0.0234031174093156,0.259155453882371,0.717441428708313,1.00003616767802
-3.56904934567523e-05,0.846490780901654,0.0235650590467013,0.25988832010329,0.716546620850009,1.0000356706741
-3.52003147279668e-05,0.845960587732662,0.0237281192576548,0.260622586019367,0.715649294722978,1.00003518049612
-3.47168681892656e-05,0.845428569950253,0.0238923057411586,0.261358248617176,0.714749445641665,1.00003469705033
-3.42400613797143e-05,0.844894721341699,0.0240576262488281,0.262095304818945,0.713847068932227,1.00003422024428
-3.37698031082509e-05,0.844359035673747,0.024224088585266,0.262833751481974,0.71294215993276,1.00003374998677
-3.33060034362459e-05,0.843821506692564,0.0243917006084191,0.263573585398033,0.712034713993548,1.00003328618786
-3.28485736603005e-05,0.843282128123677,0.0245604702299375,0.264314803292771,0.711124726477292,1.00003282875885
-3.2397426295282e-05,0.84274089367191,0.0247304054155363,0.265057401825107,0.710212192759357,1.00003237761226
-3.19524750575921e-05,0.842197797021328,0.0249015141853595,0.265801377586626,0.709297108228015,1.00003193266179
-3.15136348486648e-05,0.841652831835173,0.0250738046143457,0.266546727100963,0.708379468284691,1.00003149382236
-3.10808217386906e-05,0.841105991755807,0.0252472848325973,0.267293446823191,0.707459268344211,1.00003106101003
-3.06539529505653e-05,0.84055727040465,0.0254219630257514,0.268041533139196,0.706536503835052,1.00003063414203
-3.02329468440578e-05,0.840006661382121,0.0255978474353529,0.268790982365051,0.705611170199596,1.00003021313671
-2.98177229001967e-05,0.839454158267576,0.0257749463592306,0.269541790746387,0.704683262894383,1.00002979791356
-2.94082017058706e-05,0.838899754619248,0.0259532681518752,0.270293954457753,0.703752777390371,1.00002938839316
-2.90043049386399e-05,0.838343443974188,0.0261328212248204,0.271047469601983,0.702819709173196,1.00002898449719
-2.86059553517574e-05,0.837785219848203,0.0263136140470257,0.271802332209543,0.701884053743431,1.00002858614841
-2.82130767593947e-05,0.837225075735795,0.0264956551452619,0.272558538237886,0.700945806616852,1.00002819327062
-2.78255940220713e-05,0.836663005110103,0.0266789531044999,0.273316083570793,0.700004963324707,1.0000278057887
-2.74434330322836e-05,0.83609900142284,0.0268635165683004,0.274074964017719,0.69906151941398,1.00002742362852
-2.70665207003324e-05,0.835533058104232,0.027049354239208,0.274835175313121,0.698115470447671,1.000027046717
-2.66947849403432e-05,0.834965168562957,0.0272364748791459,0.275596713115794,0.69716681200506,1.00002667498207
-2.63281546564802e-05,0.834395326186089,0.027424887309815,0.276359573008192,0.696215539681993,1.00002630835261
-2.59665597293487e-05,0.83382352433903,0.027614600413094,0.277123750495753,0.695261649091153,1.00002594675851
-2.56099310025846e-05,0.833249756365453,0.0278056231314433,0.277889241006208,0.694305135862349,1.00002559013062
-2.52582002696278e-05,0.832674015587242,0.0279979644683105,0.278656039888896,0.693345995642794,1.00002523840072
-2.49113002606779e-05,0.832096295304428,0.028191633488539,0.279424142414067,0.692384224097394,1.00002489150155
-2.45691646298279e-05,0.83151658879513,0.0283866393187797,0.280193543772181,0.691419816909039,1.00002454936677
-2.4231727942376e-05,0.830934889315494,0.028582991147904,0.280964239073204,0.690452769778892,1.00002421193093
-2.38989256623105e-05,0.830351190099631,0.0287806982274208,0.281736223345895,0.689483078426684,1.0000238791295
-2.35706941399673e-05,0.829765484359558,0.0289797698718955,0.282509491537093,0.688510738591011,1.00002355089883
-2.32469705998565e-05,0.829177765285132,0.0291802154593717,0.283284038510992,0.687535746029636,1.00002322717615
-2.29276931286565e-05,0.828588026043995,0.0293820444317958,0.284059859048419,0.686558096519786,1.00002290789955
-2.26128006633728e-05,0.827996259781509,0.0295852662954439,0.284836947846094,0.685577785858462,1.00002259300795
-2.23022329796594e-05,0.827402459620696,0.0297898906213522,0.285615299515903,0.684594809862745,1.00002228244114
-2.19959306803007e-05,0.826806618662177,0.0299959270457493,0.286394908584147,0.683609164370104,1.00002197613972
-2.16938351838519e-05,0.826208729984111,0.0302033852704918,0.287175769490795,0.682620845238713,1.0000216740451
-2.13958887134342e-05,0.825608786642132,0.0304122750635022,0.287957876588733,0.681629848347765,1.00002137609952
-2.1102034285686e-05,0.82500678166929,0.0306226062592101,0.288741224143,0.680636169597789,1.00002108224598
-2.08122156998634e-05,0.824402708075989,0.030834388758996,0.289525806330029,0.679639804910975,1.00002079242829
-2.05263775270925e-05,0.823796558849928,0.0310476325316377,0.290311617236869,0.678640750231494,1.00002050659101
-2.02444650997681e-05,0.823188326956034,0.0312623476137597,0.291098650860412,0.677639001525828,1.00002022467949
-1.99664245010979e-05,0.822578005336408,0.0314785441102858,0.291886901106612,0.676634554783102,1.0000199466398
-1.96922025547917e-05,0.821965586910258,0.0316962321948935,0.292676361789696,0.67562740601541,1.00001967241876
-1.94217468148902e-05,0.821351064573843,0.0319154221104726,0.293467026631369,0.674617551258158,1.00001940196394
-1.91550055557353e-05,0.820734431200406,0.0321361241695861,0.294258889260015,0.673604986570399,1.0000191352236
-1.88919277620767e-05,0.82011567964012,0.0323583487549333,0.295051943209893,0.672589708035173,1.00001887214673
-1.86324631193156e-05,0.81949480272002,0.0325821063198173,0.295846181920325,0.671571711759858,1.00001861268301
-1.83765620038817e-05,0.818871793243948,0.0328074073886141,0.296641598734876,0.67055099387651,1.00001835678283
-1.81241754737424e-05,0.818246643992487,0.0330342625572454,0.297438186900535,0.66952755054222,1.00001810439724
-1.78752552590424e-05,0.817619347722904,0.0332626824936541,0.298235939566883,0.668501377939463,1.00001785547797
-1.7629753752872e-05,0.816989897169087,0.0334926779382829,0.29903484978526,0.667472472276457,1.00001760997741
-1.73876240021625e-05,0.816358285041484,0.0337242597045556,0.29983491050792,0.666440829787525,1.00001736784861
-1.71488196987054e-05,0.815724504027045,0.0339574386793619,0.300636114587187,0.665406446733452,1.00001712904526
-1.69132951702965e-05,0.815088546789156,0.0341922258235451,0.301438454774598,0.664369319401857,1.0000168935217
-1.66810053720006e-05,0.814450405967584,0.0344286321723922,0.302241923720048,0.66332944410756,1.00001666123286
-1.64519058775366e-05,0.813810074178413,0.0346666688361279,0.303046513970917,0.662286817192955,1.00001643213434
-1.62259528707809e-05,0.813167544013986,0.0349063470004116,0.303852217971205,0.661241435028384,1.00001620618231
-1.6003103137387e-05,0.812522808042841,0.0351476779268366,0.304659028060645,0.660193294012518,1.00001598333356
-1.57833140565212e-05,0.811875858809653,0.0353906729534338,0.305466936473827,0.659142390572739,1.00001576354546
-1.55665435927106e-05,0.811226688835174,0.0356353434951772,0.306275935339298,0.658088721165525,1.00001554677599
-1.53527502878042e-05,0.810575290616172,0.0358817010444933,0.307086016678669,0.657032282276838,1.00001533298368
-1.51418932530435e-05,0.809921656625372,0.0361297571717735,0.30789717240571,0.655973070422517,1.00001512212764
-1.49339321612425e-05,0.809265779311393,0.0363795235258896,0.308709394325435,0.654911082148675,1.00001491416755
-1.4728827239075e-05,0.808607651098691,0.0366310118347125,0.309522674133192,0.653846314032095,1.00001470906364
-1.45265392594678e-05,0.8079472643875,0.0368842339056342,0.310337003413731,0.652778762680635,1.00001450677668
-1.43270295340983e-05,0.807284611553769,0.0371392016260928,0.311152373640276,0.651708424733631,1.00001430726797
-1.41302599059953e-05,0.806619684949105,0.0373959269641008,0.311968776173589,0.650635296862311,1.00001411049937
-1.39361927422414e-05,0.805952476900711,0.037654421968777,0.312786202261023,0.6495593757702,1.00001391643323
-1.37447909267754e-05,0.805282979711331,0.0379146987708812,0.313604643035575,0.648480658193544,1.00001372503245
-1.35560178532937e-05,0.804611185659187,0.038176769583352,0.314424089514921,0.647399140901727,1.00001353626042
-1.33698374182495e-05,0.803937086997921,0.0384406467018491,0.315244532600459,0.646314820697692,1.00001335008103
-1.31862140139475e-05,0.803260675956537,0.038706342505297,0.316065963076332,0.645227694418371,1.00001316645868
-1.30051125217341e-05,0.802581944739341,0.0389738694564337,0.31688837160845,0.644137758935116,1.00001298535824
-1.28264983052806e-05,0.801900885525884,0.0392432401023622,0.317711748743508,0.643045011154129,1.00001280674509
-1.2650337203959e-05,0.801217490470901,0.0395144670751046,0.318536084907989,0.641949448016907,1.00001263058505
-1.24765955263087e-05,0.800531751704257,0.0397875630921611,0.319361370407165,0.640851066500674,1.00001245684445
-1.23052400435926e-05,0.799843661330883,0.0400625409570706,0.320187595424092,0.639749863618837,1.00001228549004
-1.21362379834424e-05,0.799153211430726,0.0403394135599763,0.321014750018596,0.638645836421428,1.00001211648907
-1.19695570235904e-05,0.798460394058683,0.0406181938781938,0.321842824126247,0.637538981995559,1.0000119498092
-1.18051652856881e-05,0.797765201244548,0.0408988949767826,0.322671807557338,0.63642929746588,1.00001178541855
-1.16430313292088e-05,0.797067624992957,0.0411815300091216,0.323501689995843,0.635316779995036,1.0000116232857
-1.14831241454351e-05,0.796367657283325,0.0414661122174876,0.324332460998375,0.634201426784138,1.00001146337962
-1.13254131515281e-05,0.795665290069793,0.0417526549336375,0.325164109993139,0.633083235073224,1.00001130566974
-1.11698681846782e-05,0.794960515281171,0.0420411715793938,0.32599662627887,0.631962202141737,1.00001115012589
-1.10164594963366e-05,0.794253324820882,0.0423316756672338,0.326829999023768,0.630838325308998,1.00001099671832
-1.08651577465254e-05,0.793543710566904,0.0426241808008822,0.327664217264428,0.629711601934689,1.0000108454177
-1.07159339982267e-05,0.792831664371714,0.0429187006759072,0.328499269904757,0.628582029419336,1.00001069619509
-1.05687597118481e-05,0.792117178062238,0.0432152490803202,0.329335145714884,0.627449605204796,1.00001054902194
-1.0423606739764e-05,0.791400243439786,0.0435138398951791,0.330171833330069,0.626314326774752,1.00001040387012
-1.02804473209331e-05,0.790680852280007,0.0438144870951952,0.331009321249596,0.625176191655209,1.00001026071185
-1.01392540755881e-05,0.789958996332825,0.0441172047493436,0.331847597835663,0.624035197414994,1.00001011951976
-1e-05,0.789234667322393,0.044422007021477,0.332686651312261,0.622891341666262,1.00000998026685
-9.86265846131283e-06,0.788507856947031,0.0447289081709435,0.333526469764052,0.621744622065005,1.00000984292648
-9.72720319245054e-06,0.787778556879178,0.0450379225532081,0.334367041135228,0.620595036311564,1.00000970747239
-9.59360828709315e-06,0.787046758765337,0.0453490646204772,0.335208353228372,0.61944258215115,1.00000957387867
-9.46184819472199e-06,0.786312454226018,0.0456623489223274,0.336050393703309,0.618287257374363,1.00000944211977
-9.33189771573324e-06,0.785575634855691,0.0459777901063376,0.336893150075942,0.61712905981772,1.00000931217048
-9.20373199661823e-06,0.78483629222273,0.0462954029187251,0.337736609717091,0.615967987364184,1.00000918400597
-9.07732652521022e-06,0.784094417869359,0.0466152022049852,0.338580759851312,0.614804037943702,1.0000090576017
-8.9526571259964e-06,0.783350003311605,0.0469372029105342,0.339425587555722,0.613637209533744,1.00000893293352
-8.82969995549408e-06,0.782603040039243,0.047261420081357,0.3402710797588,0.612467500159843,1.00000880997757
-8.70843149769072e-06,0.781853519515746,0.0475878688646573,0.341117223239193,0.61129490789615,1.00000868871034
-8.58882855954626e-06,0.781101433178235,0.0479165645095123,0.341964004624505,0.610119430865983,1.00000856910863
-8.4708682665574e-06,0.780346772437427,0.0482475223675316,0.342811410390082,0.608941067242386,1.00000845114958
-8.35452805838287e-06,0.779589528677587,0.0485807578935181,0.34365942685779,0.607759815248692,1.00000833481062
-8.23978568452851e-06,0.778829693256476,0.0489162866461349,0.344508040194778,0.606575673159087,1.0000082200695
-8.12661920009195e-06,0.778067257505306,0.0492541242885743,0.345357236412238,0.605388639299187,1.00000810690428
-8.01500696156541e-06,0.777302212728689,0.0495942865892316,0.346207001364158,0.60419871204661,1.0000079952933
-7.90492762269642e-06,0.776534550204588,0.0499367894223819,0.347057320746061,0.603005889831557,1.00000788521524
-7.79636013040524e-06,0.77576426118427,0.0502816487688618,0.347908180093736,0.601810171137403,1.00000777664903
-7.68928372075831e-06,0.774991336892263,0.0506288807167538,0.348759564781966,0.60061155450128,1.00000766957391
-7.58367791499719e-06,0.774215768526303,0.0509785014620753,0.349611460023244,0.59941003851468,1.0000075639694
-7.47952251562183e-06,0.773437547257291,0.0513305273094713,0.350463850866476,0.598205621824053,1.0000074598153
-7.37679760252773e-06,0.772656664229249,0.0516849746729107,0.351316722195681,0.596998303131408,1.00000735709169
-7.27548352919622e-06,0.771873110559273,0.0520418600763867,0.352170058728682,0.595788081194932,1.00000725577894
-7.17556091893692e-06,0.771086877337488,0.0524012001546213,0.353023845015782,0.594574954829597,1.00000715585765
-7.07701066118189e-06,0.770297955627007,0.0527630116537732,0.353878065438441,0.593358922907786,1.00000705730872
-6.97981390783067e-06,0.769506336463884,0.05312731143215,0.354732704207932,0.592139984359918,1.0000069601133
-6.8839520696455e-06,0.768712010857074,0.0534941164609244,0.355587745364002,0.590918138175073,1.00000686425281
-6.7894068126961e-06,0.767914969788392,0.0538634438248534,0.356443172773509,0.589693383401638,1.00000676970891
-6.69616005485322e-06,0.767115204212468,0.0542353107230029,0.357298970129059,0.588465719147938,1.00000667646351
-6.60419396233031e-06,0.766312705056707,0.0546097344694753,0.358155120947636,0.587235144582889,1.00000658449878
-6.51349094627281e-06,0.765507463221252,0.054986732494141,0.359011608569214,0.586001658936645,1.00000649379714
-6.42403365939419e-06,0.764699469578942,0.0553663223433742,0.359868416155367,0.584765261501259,1.00000640434124
-6.33580499265824e-06,0.763888714975274,0.0557485216807926,0.360725526687866,0.583525951631341,1.00000631611396
-6.24878807200689e-06,0.763075190228364,0.0561333482880008,0.36158292296727,0.582283728744729,1.00000622909844
-6.16296625513294e-06,0.762258886128911,0.0565208200653383,0.362440587611501,0.581038592323161,1.00000614327802
-6.07832312829724e-06,0.76143979344016,0.0569109550326306,0.363298503054418,0.579790541912951,1.00000605863631
-5.99484250318941e-06,0.760617902897866,0.0573037713299453,0.364156651544377,0.578539577125678,1.00000597515711
-5.91250841383187e-06,0.759793205210259,0.0576992872183506,0.36501501514278,0.577285697638869,1.00000589282444
-5.83130511352622e-06,0.758965691058011,0.0580975210806801,0.365873575722618,0.576028903196702,1.00000581162258
-5.75121707184161e-06,0.758135351094199,0.0584984914222993,0.366732314967002,0.574769193610698,1.00000573153598
-5.67222897164455e-06,0.757302175944279,0.0589022168718777,0.367591214367686,0.573506568760436,1.00000565254934
-5.59432570616938e-06,0.756466156206047,0.0593087161821642,0.368450255223578,0.572241028594258,1.00000557464753
-5.51749237612912e-06,0.755627282449612,0.0597180082307662,0.369309418639243,0.57097257312999,1.00000549781567
-5.44171428686589e-06,0.754785545217368,0.0601301120209337,0.370168685523397,0.569701202455669,1.00000542203906
-5.36697694554048e-06,0.75394093502396,0.0605450466823465,0.371028036587388,0.568426916730266,1.0000053473032
-5.29326605836057e-06,0.753093442356259,0.0609628314719057,0.37188745234367,0.567149716184424,1.00000527359381
-5.22056752784698e-06,0.752243057673337,0.0613834857745294,0.372746913104268,0.565869601121203,1.00000520089678
-5.14886745013749e-06,0.751389771406435,0.0618070291039522,0.373606398979226,0.564586571916821,1.00000512919822
-5.07815211232767e-06,0.750533573958943,0.0622334811035284,0.374465889875057,0.563300629021414,1.0000050584844
-5.00840798984821e-06,0.749674455706375,0.0626628615470402,0.37532536549317,0.56201177295979,1.0000049887418
-4.93962174387833e-06,0.748812406996344,0.0630951903395087,0.376184805328295,0.560720004332196,1.00000491995709
-4.87178021879463e-06,0.747947418148541,0.0635304875180097,0.377044188666899,0.559425323815091,1.00000485211712
-4.80487043965512e-06,0.747079479454716,0.0639687732524929,0.377903494585583,0.558127732161924,1.00000478520889
-4.73887960971765e-06,0.746208581178655,0.064410067846606,0.378762701949477,0.556827230203917,1.00000471921962
-4.67379510799246e-06,0.745334713556166,0.0648543917385215,0.379621789410625,0.555523818850853,1.0000046541367
-4.60960448682844e-06,0.744457866795055,0.0653017655017689,0.380480735406351,0.55421749909188,1.00000458994766
-4.5462954695324e-06,0.743578031075117,0.0657522098460696,0.381339518157626,0.552908271996304,1.00000452664023
-4.48385594802118e-06,0.742695196548116,0.0662057456181766,0.382198115667414,0.551596138714409,1.00000446420231
-4.4222739805059e-06,0.741809353337774,0.0666623938027174,0.383056505719017,0.550281100478266,1.00000440262195
-4.36153778920801e-06,0.740920491539757,0.0671221755230422,0.383914665874402,0.548963158602556,1.00000434188738
-4.3016357581068e-06,0.740028601221664,0.0675851120420744,0.384772573472524,0.547642314485402,1.00000428198697
-4.24255643071778e-06,0.739133672423019,0.0680512247631659,0.38563020562763,0.546318569609205,1.00000422290928
-4.18428850790158e-06,0.738235695155262,0.0685205352309563,0.386487539227563,0.544991925541481,1.00000416464301
-4.12682084570295e-06,0.737334659401741,0.068993065132236,0.387344550932046,0.543662383935718,1.000004107177
-4.07014245321944e-06,0.736430555117706,0.0694688362968128,0.388201217170962,0.542329946532225,1.00000405050027
-4.01424249049933e-06,0.735523372230308,0.0699478706983828,0.389057514142619,0.540994615158998,1.00000399460199
-3.95911026646846e-06,0.734613100638592,0.070430190455405,0.389913417812006,0.539656391732589,1.00000393947145
-3.90473523688556e-06,0.733699730213502,0.0709158178319797,0.390768903909037,0.538315278258983,1.00000388509812
-3.85110700232557e-06,0.732783250797875,0.0714047752387307,0.391623947926788,0.536971276834481,1.00000383147159
-3.79821530619074e-06,0.731863652206448,0.0718970852336914,0.39247852511972,0.535624389646588,1.00000377858161
-3.746050032749e-06,0.73094092422586,0.0723927705231948,0.39333261050189,0.534274618974916,1.00000372641806
-3.6946012051993e-06,0.730015056614657,0.072891853962767,0.394186178845151,0.532921967192082,1.00000367497097
-3.64385898376354e-06,0.729086039103301,0.0733943585580243,0.39503920467735,0.531566436764626,1.00000362423049
-3.59381366380463e-06,0.728153861394176,0.0739003074655746,0.395891662280499,0.530208030253926,1.00000357418693
-3.54445567397044e-06,0.727218513161602,0.0744097239939221,0.396743525688952,0.528846750317125,1.00000352483071
-3.49577557436328e-06,0.726279984051846,0.0749226316043756,0.397594768687557,0.527482599708067,1.00000347615239
-3.44776405473446e-06,0.725338263683136,0.0754390539119608,0.398445364809806,0.526115581278233,1.00000342814265
-3.4004119327037e-06,0.724393341645679,0.0759590146863354,0.39929528733597,0.524745697977694,1.00000338079233
-3.35371015200293e-06,0.723445207501679,0.0764825378527089,0.400144509291224,0.523372952856067,1.00000333409236
-3.30764978074424e-06,0.722493850785354,0.0770096474927654,0.400993003443761,0.521997349063473,1.00000328803381
-3.26222200971167e-06,0.721539261002963,0.0775403678455896,0.401840742302895,0.520618889851515,1.00000324260787
-3.21741815067637e-06,0.720581427632828,0.0780747233085967,0.402687698117151,0.519237578574253,1.00000319780586
-3.17322963473497e-06,0.719620340125361,0.0786127384384656,0.403533842872346,0.517853418689188,1.00000315361919
-3.12964801067075e-06,0.718655987903094,0.0791544379520755,0.40437914828966,0.516466413758264,1.00000311003944
-3.08666494333727e-06,0.717688360360707,0.0796998467274463,0.405223585823693,0.515076567448861,1.00000306705825
-3.04427221206431e-06,0.716717446865064,0.0802489898046813,0.406067126660509,0.51368388353481,1.0000030246674
-3.00246170908555e-06,0.715743236755247,0.0808018923869143,0.406909741715676,0.512288365897409,1.0000029828588
-2.96122543798803e-06,0.714765719342596,0.0813585798412592,0.407751401632289,0.510890018526452,1.00000294162444
-2.92055551218274e-06,0.713784883910747,0.081919077699763,0.40859207677898,0.509488845521257,1.00000290095644
-2.8804441533963e-06,0.712800719715675,0.0824834116603621,0.409431737247925,0.508084851091713,1.00000286084701
-2.84088369018331e-06,0.711813215985742,0.0830516075878417,0.410270352852832,0.506678039559326,1.0000028212885
-2.8018665564592e-06,0.710822361921743,0.0836236915147979,0.411107893126919,0.505268415358283,1.00000278227332
-2.76338529005317e-06,0.709828146696954,0.0841996896426028,0.411944327320886,0.503855983036511,1.00000274379403
-2.72543253128103e-06,0.708830559457193,0.0847796283423732,0.412779624400867,0.502440747256759,1.00000270584325
-2.68800102153761e-06,0.707829589320868,0.0853635341559415,0.413613753046382,0.501022712797677,1.00000266841374
-2.65108360190854e-06,0.706825225379039,0.0859514337968293,0.414446681648263,0.499601884554908,1.00000263149833
-2.61467321180109e-06,0.705817456695483,0.0865433541512247,0.415278378306585,0.49817826754219,1.00000259508996
-2.5787628875938e-06,0.704806272306752,0.0871393222789607,0.416108810828574,0.496751866892465,1.00000255918167
-2.54334576130465e-06,0.703791661222248,0.0877393654144978,0.416937946726508,0.495322687858995,1.00000252376659
-2.50841505927754e-06,0.702773612424289,0.0883435109679086,0.417765753215604,0.493890735816487,1.00000248883794
-2.47396410088682e-06,0.701752114868184,0.0889517865258641,0.418592197211903,0.492456016262233,1.00000245438906
-2.43998629725955e-06,0.700727157482312,0.0895642198526237,0.419417245330129,0.491018534817247,1.00000242041334
-2.40647515001542e-06,0.699698729168199,0.0901808388910262,0.42024086388155,0.489578297227424,1.00000238690429
-2.37342425002387e-06,0.698666818800607,0.090801671763484,0.421063018871818,0.488135309364698,1.0000023538555
-2.34082727617829e-06,0.697631415227617,0.0914267467729793,0.421883675998809,0.486689577228212,1.00000232126065
-2.30867799418717e-06,0.69659250727072,0.0920560924040617,0.422702800650437,0.485241106945502,1.00000228911351
-2.27697025538168e-06,0.695550083724915,0.0926897373238489,0.423520357902472,0.48378990477368,1.00000225740792
-2.24569799553977e-06,0.694504133358804,0.0933277103830279,0.424336312516336,0.482335977100636,1.00000222613783
-2.21485523372636e-06,0.693454644914694,0.0939700406168589,0.425150628936893,0.480879330446248,1.00000219529725
-2.18443607114943e-06,0.692401607108704,0.094616757246181,0.42596327129023,0.479419971463589,1.00000216488028
-2.15443469003189e-06,0.691345008630873,0.095267889678419,0.426774203381416,0.477957906940165,1.0000021348811
-2.12484535249888e-06,0.690284838145275,0.0959234675085917,0.427583388692267,0.476493143799141,1.00000210529399
-2.09566239948043e-06,0.689221084290135,0.0965835205203216,0.428390790379087,0.475025689100591,1.00000207611327
-2.06688024962908e-06,0.688153735677954,0.0972480786868458,0.4291963712704,0.473555550042754,1.00000204733337
-2.03849339825246e-06,0.687082780895632,0.0979171721720289,0.430000093864678,0.472082733963293,1.00000201894879
-2.0104964162605e-06,0.686008208504599,0.0985908313313753,0.430801920328052,0.470607248340573,1.00000199095409
-1.98288394912707e-06,0.68493000704095,0.0992690867130437,0.431601812492012,0.469129100794944,1.00000196334391
-1.95565071586595e-06,0.683848165015588,0.0999519690588614,0.432399731851101,0.467648299090038,1.00000193611299
-1.92879150802078e-06,0.682762670914362,0.10063950930534,0.433195639560595,0.466164851134065,1.00000190925611
-1.90230118866895e-06,0.681673513198222,0.101331738584692,0.433989496434173,0.464678764981135,1.00000188276813
-1.87617469143912e-06,0.680580680303366,0.102028688225844,0.434781262941578,0.463190048832577,1.00000185664399
-1.8504070195423e-06,0.679484160641408,0.102730389755459,0.435570899206265,0.461698711038275,1.00000183087869
-1.82499324481615e-06,0.678383942599533,0.103436874898947,0.436358365003042,0.460204760098012,1.0000018054673
-1.79992850678248e-06,0.677280014540671,0.104148175581481,0.437143619755696,0.458708204662823,1.00000178040497
-1.77520801171764e-06,0.676172364803671,0.10486432392902,0.437926622534618,0.457209053536362,1.00000175568689
-1.75082703173573e-06,0.675060981703481,0.105585352269317,0.438707332054406,0.455707315676278,1.00000173130835
-1.72678090388436e-06,0.67394585353133,0.106311293132937,0.439485706671466,0.454203000195597,1.00000170726467
-1.70306502925284e-06,0.672826968554925,0.107042179254273,0.440261704381605,0.452696116364122,1.00000168355126
-1.67967487209265e-06,0.671704315018644,0.107778043572554,0.441035282817605,0.451186673609841,1.00000166016359
-1.65660595894992e-06,0.670577881143739,0.108518919232862,0.441806399246796,0.449674681520341,1.00000163709718
-1.63385387780986e-06,0.669447655128549,0.109264839587141,0.44257501056862,0.448160149844239,1.00000161434761
-1.61141427725302e-06,0.668313625148708,0.110015838195205,0.443341073312175,0.44664308849262,1.00000159191055
-1.58928286562298e-06,0.667175779357374,0.110771948825744,0.444104543633763,0.445123507540492,1.00000156978169
-1.5674554102056e-06,0.666034105885454,0.111533205457334,0.444865377314423,0.443601417228243,1.0000015479568
-1.54592773641948e-06,0.664888592841839,0.112299642279436,0.445623529757452,0.442076827963113,1.00000152643172
-1.52469572701758e-06,0.663739228313644,0.113071293693395,0.446378955985922,0.440549750320683,1.00000150520231
-1.50375532129974e-06,0.662586000366459,0.113848194313446,0.44713161064019,0.439020195046364,1.00000148426453
-1.4831025143361e-06,0.661428897044606,0.114630378967698,0.447881447975393,0.437488173056909,1.00000146361436
-1.46273335620113e-06,0.660267906371397,0.115417882699134,0.448628421858938,0.435953695441927,1.00000144324786
-1.44264395121816e-06,0.659103016349409,0.116210740766597,0.449372485767988,0.434416773465415,1.00000142316114
-1.42283045721435e-06,0.657934214960761,0.117008988645773,0.450113592786931,0.432877418567295,1.00000140335034
-1.40328908478587e-06,0.656761490167398,0.117812662030174,0.450851695604855,0.431335642364971,1.00000138381168
-1.38401609657313e-06,0.655584829911389,0.118621796832113,0.451586746512996,0.429791456654891,1.00000136454143
-1.36500780654601e-06,0.654404222115224,0.119436429183676,0.4523186974022,0.428244873414124,1.00000134553589
-1.34626057929891e-06,0.653219654682127,0.120256595437691,0.453047499760363,0.426695904801946,1.00000132679143
-1.32777082935543e-06,0.652031115496377,0.121082332168689,0.453773104669869,0.425144563161442,1.00000130830447
-1.30953502048267e-06,0.650838592423631,0.121913676173857,0.454495462805025,0.423590861021118,1.00000129007147
-1.29154966501488e-06,0.649642073311264,0.122750664473996,0.45521452442948,0.422034811096524,1.00000127208895
-1.27381132318648e-06,0.648441545988716,0.123593334314459,0.455930239393651,0.42047642629189,1.00000125435346
-1.25631660247412e-06,0.647236998267842,0.124441723166093,0.456642557132131,0.418915719701776,1.00000123686161
-1.23906215694792e-06,0.646028417943282,0.125295868726168,0.4573514266611,0.417352704612732,1.00000121961005
-1.22204468663149e-06,0.644815792792833,0.126155808919304,0.458056796575725,0.415787394504971,1.00000120259549
-1.20526093687084e-06,0.643599110577835,0.127021581898385,0.45875861504756,0.414219803054055,1.00000118581468
-1.1887076977119e-06,0.642378359043563,0.127893226045469,0.459456829821936,0.412649944132595,1.00000116926439
-1.1723818032866e-06,0.641153525919637,0.128770779972687,0.460151388215352,0.411077831811961,1.00000115294147
-1.15628013120738e-06,0.639924598920432,0.129654282523138,0.460842237112858,0.409503480364003,1.00000113684279
-1.14039960197003e-06,0.638691565745514,0.130543772771768,0.461529322965436,0.407926904262796,1.00000112096528
-1.12473717836475e-06,0.637454414080069,0.131439290026242,0.462212591787379,0.40634811818638,1.0000011053059
-1.10928986489522e-06,0.636213131595358,0.132340873827811,0.462891989153662,0.404767137018528,1.00000108986164
-1.09405470720574e-06,0.634967705949181,0.13324856395216,0.463567460197319,0.403183975850522,1.00000107462957
-1.07902879151618e-06,0.633718124786344,0.134162400410252,0.464238949606809,0.401598649982939,1.00000105960676
-1.06420924406472e-06,0.632464375739152,0.135082423449156,0.464906401623385,0.400011174927459,1.00000104479034
-1.04959323055823e-06,0.631206446427905,0.136008673552864,0.465569760038463,0.398421566408673,1.00000103017748
-1.03517795563018e-06,0.629944324461409,0.136941191443099,0.466228968190983,0.396829840365918,1.00000101576538
-1.02096066230605e-06,0.628677997437506,0.137880018080103,0.466883968964782,0.395236012955115,1.00000100155128
-1.00693863147603e-06,0.627407452943606,0.138825194663419,0.46753470478595,0.393640100550631,1.00000098753247
-9.9310918137498e-07,0.626132678557245,0.139776762632653,0.468181117620205,0.392042119747142,1.00000097370627
-9.79469667069539e-07,0.62485366184665,0.140734763668222,0.468823148970256,0.390442087361523,1.00000096007002
-9.66017479952265e-07,0.623570390371324,0.141699239692092,0.469460739873168,0.38884002043474,1.00000094662113
-9.5275004724273e-07,0.622282851682636,0.142670232868494,0.470093830897741,0.387235936233765,1.00000093335702
-9.39664831495469e-07,0.620991033324439,0.143647785604622,0.470722362141877,0.385629852253501,1.00000092027514
-9.26759330114688e-07,0.619694922833698,0.144631940551323,0.471346273229958,0.384021786218719,1.00000090737301
-9.14031074875622e-07,0.618394507741129,0.145622740603757,0.471965503310229,0.382411756086014,1.00000089464815
-9.01477631452492e-07,0.617089775571863,0.146620228902047,0.472579991052179,0.380799780045774,1.00000088209812
-8.89096598952917e-07,0.615780713846124,0.14762444883191,0.473189674643932,0.379185876524158,1.00000086972054
-8.76885609458743e-07,0.614467310079921,0.148635444025256,0.473794491789647,0.377570064185097,1.00000085751302
-8.64842327573173e-07,0.613149551785761,0.149653258360782,0.474394379706913,0.375952361932304,1.00000084547323
-8.52964449974102e-07,0.611827426473382,0.150677935964536,0.474989275124165,0.374332788911299,1.00000083359888
-8.41249704973612e-07,0.610500921650498,0.151709521210455,0.475579114278095,0.37271136451145,1.00000082188769
-8.29695852083491e-07,0.609170024823571,0.152748058720888,0.476163832911083,0.371088108368029,1.00000081033741
-8.18300681586739e-07,0.607834723498597,0.153793593367088,0.47674336626863,0.369463040364282,1.00000079894585
-8.07062014114951e-07,0.606495005181914,0.154846170269685,0.477317649096803,0.367836180633512,1.00000078771082
-7.95977700231498e-07,0.60515085738103,0.155905834799124,0.477886615639692,0.366207549561183,1.00000077663017
-7.85045620020451e-07,0.603802267605473,0.156972632576088,0.478450199636879,0.364577167787034,1.00000076570178
-7.74263682681128e-07,0.602449223367663,0.158046609471879,0.479008334320917,0.362945056207204,1.00000075492356
-7.63629826128224e-07,0.601091712183802,0.159127811608784,0.479560952414828,0.361311235976389,1.00000074429345
-7.53142016597438e-07,0.599729721574795,0.1602162853604,0.48010798612961,0.35967572850999,1.00000073380942
-7.42798248256491e-07,0.598363239067183,0.161312077351935,0.480649367161764,0.358038555486301,1.00000072346946
-7.32596542821523e-07,0.596992252194111,0.162415234460471,0.481185026690835,0.356399738848694,1.00000071327159
-7.22534949178722e-07,0.595616748496313,0.163525803815202,0.481714895376972,0.354759300807827,1.00000070321387
-7.12611543011174e-07,0.594236715523123,0.164643832797625,0.482238903358506,0.353117263843869,1.00000069329436
-7.02824426430834e-07,0.592852140833517,0.165769369041708,0.482756980249549,0.351473650708742,1.00000068351117
-6.9317172761554e-07,0.591463011997176,0.166902460434017,0.483269055137615,0.349828484428369,1.00000067386244
-6.83651600451024e-07,0.590069316595576,0.168043155113795,0.483775056581257,0.348181788304948,1.0000006643463
-6.74262224177835e-07,0.58867104222311,0.169191501473021,0.484274912607738,0.346533585919241,1.00000065496095
-6.65001803043112e-07,0.587268176488232,0.170347548156409,0.484768550710719,0.344883901132872,1.00000064570459
-6.55868565957142e-07,0.585860707014638,0.171511344061375,0.485255897847975,0.34323275809065,1.00000063657544
-6.46860766154632e-07,0.584448621442471,0.172682938337959,0.485736880439138,0.341580181222902,1.00000062757177
-6.37976680860628e-07,0.583031907429561,0.173862380388703,0.486211424363473,0.339926195247824,1.00000061869184
-6.29214610961035e-07,0.581610552652687,0.175049719868474,0.486679454957677,0.338270825173849,1.00000060993396
-6.2057288067765e-07,0.580184544808889,0.176245006684252,0.487140897013717,0.33661409630203,1.00000060129646
-6.12049837247669e-07,0.578753871616794,0.177448290994856,0.4875956747767,0.334956034228444,1.00000059277768
-6.03643850607586e-07,0.577318520817991,0.178659623210624,0.488043711942771,0.333296664846605,1.00000058437599
-5.95353313081437e-07,0.575878480178428,0.179879053993043,0.488484931657058,0.331636014349899,1.00000057608978
-5.87176639073326e-07,0.574433737489858,0.181106634254317,0.48891925651165,0.329974109234034,1.00000056791747
-5.79112264764176e-07,0.572984280571314,0.182342415156879,0.489346608543615,0.328310976299506,1.0000005598575
-5.71158647812642e-07,0.571530097270618,0.183586448112852,0.48976690923306,0.326646642654088,1.00000055190833
-5.63314267060135e-07,0.570071175465942,0.184838784783438,0.490180079501241,0.324981135715322,1.00000054406842
-5.55577622239888e-07,0.568607503067395,0.186099477078252,0.490586039708705,0.323314483213043,1.00000053633629
-5.47947233690029e-07,0.567139068018659,0.187368577154592,0.490984709653498,0.32164671319191,1.00000052871046
-5.40421642070592e-07,0.565665858298664,0.188646137416632,0.491376008569407,0.319977854013961,1.00000052118946
-5.32999408084408e-07,0.564187861923308,0.18993221051456,0.491759855124265,0.318307934361175,1.00000051377186
-5.25679112201842e-07,0.562705066947218,0.191226849343629,0.492136167418305,0.316636983238066,1.00000050645623
-5.18459354389291e-07,0.561217461465562,0.192530107043153,0.49250486298257,0.314965029974277,1.00000049924119
-5.11338753841433e-07,0.5597250336159,0.193842036995407,0.492865858777387,0.313292104227206,1.00000049212534
-5.04315948717136e-07,0.55822777158009,0.19516269282446,0.4932190711909,0.31161823598464,1.00000048510732
-4.97389595879006e-07,0.556725663586242,0.196492128394927,0.493564416037662,0.309943455567411,1.0000004781858
-4.90558370636505e-07,0.555218697910717,0.197830397810631,0.493901808557305,0.308267793632064,1.00000047135945
-4.83820966492596e-07,0.553706862880185,0.199177555413181,0.494231163413268,0.306591281173551,1.00000046462697
-4.77176094893875e-07,0.552190146873734,0.200533655780464,0.494552394691605,0.304913949527931,1.00000045798706
-4.70622484984128e-07,0.550668538325031,0.201898753725039,0.494865415899862,0.3032358303751,1.00000045143845
-4.64158883361277e-07,0.549142025724544,0.203272904292437,0.495170139966039,0.301556955741524,1.0000004449799
-4.57784053837662e-07,0.54761059762182,0.204656162759365,0.495466479237628,0.299877358003006,1.00000043861016
-4.5149677720361e-07,0.546074242627822,0.206048584631809,0.495754345480738,0.298197069887453,1.00000043232802
-4.45295850994266e-07,0.544532949417327,0.207450225643021,0.496033649879305,0.296516124477674,1.00000042613228
-4.39180089259609e-07,0.542986706731386,0.208861141751415,0.496304303034397,0.294834555214188,1.00000042002175
-4.33148322337639e-07,0.541435503379857,0.210281389138337,0.49656621496361,0.293152395898052,1.00000041399526
-4.27199396630678e-07,0.539879328243991,0.211711024205725,0.496819295100568,0.291469680693707,1.00000040805165
-4.21332174384729e-07,0.538318170279095,0.213150103573647,0.497063452294516,0.289786444131837,1.0000004021898
-4.15545533471888e-07,0.536752018517266,0.21459868407772,0.497298594810029,0.288102721112251,1.00000039640858
-4.09838367175726e-07,0.535180862070191,0.216056822766397,0.497524630326822,0.28641854690678,1.00000039070689
-4.0420958397963e-07,0.533604690132031,0.217524576898126,0.497741465939686,0.284733957162188,1.00000038508362
-3.98658107358044e-07,0.532023491982369,0.219002003938367,0.497949008158526,0.283048987903106,1.00000037953772
-3.93182875570577e-07,0.530437256989248,0.220489161556481,0.498147162908541,0.281363675534978,1.00000037406811
-3.87782841458946e-07,0.528845974612283,0.22198610762246,0.498335835530515,0.279678056847025,1.00000036867374
-3.824569722467e-07,0.527249634405859,0.223492900203515,0.498514930781252,0.277992169015233,1.0000003633536
-3.77204249341699e-07,0.525648226022415,0.225009597560514,0.498684352834143,0.276306049605343,1.00000035810666
-3.72023668141307e-07,0.524041739215814,0.226536258144248,0.498844005279876,0.274619736575876,1.00000035293191
-3.66914237840249e-07,0.522430163844804,0.228072940591548,0.498993791127296,0.272933268281156,1.00000034782836
-3.61874981241128e-07,0.520813489876577,0.229619703721215,0.499133612804416,0.271246683474369,1.00000034279505
-3.56904934567523e-07,0.519191707390412,0.231176606529794,0.499263372159588,0.269560021310618,1.000000337831
-3.52003147279668e-07,0.517564806581434,0.232743708187147,0.499382970462839,0.267873321350014,1.00000033293527
-3.47168681892656e-07,0.515932777764457,0.234321068031855,0.499492308407376,0.266186623560769,1.00000032810691
-3.42400613797143e-07,0.514295611377946,0.235908745566418,0.499591286111273,0.26449996832231,1.00000032334501
-3.37698031082509e-07,0.512653297988076,0.237506800452257,0.499679803119334,0.262813396428409,1.00000031864866
-3.33060034362459e-07,0.51100582829291,0.239115292504513,0.499757758405155,0.261126949090332,1.00000031401695
-3.28485736603004e-07,0.509353193126682,0.240734281686631,0.499825050373373,0.259440667939996,1.000000309449
-3.2397426295282e-07,0.507695383464212,0.242363828104723,0.499881576862131,0.257754595033146,1.00000030494394
-3.19524750575921e-07,0.506032390425421,0.244003992001706,0.499927235145746,0.256068772852548,1.0000003005009
-3.15136348486648e-07,0.504364205279992,0.245654833751208,0.4999619219376,0.254383244311192,1.00000029611904
-3.10808217386906e-07,0.502690819452146,0.247316413851225,0.499985533393257,0.252698052755518,1.00000029179751
-3.06539529505652e-07,0.501012224525553,0.248988792917538,0.499997965113818,0.251013241968644,1.00000028753548
-3.02329468440578e-07,0.499328412248381,0.25067203167686,0.499999112149517,0.249328856173623,1.00000028333215
-2.98177229001967e-07,0.497639374538484,0.252366190959729,0.499988869003574,0.247644940036697,1.00000027918671
-2.94082017058707e-07,0.495945103488733,0.254071331693113,0.499967129636308,0.245961538670579,1.00000027509836
-2.90043049386399e-07,0.494245591372499,0.255787514892743,0.499933787469517,0.24427869763774,1.00000027106633
-2.86059553517574e-07,0.492540830649286,0.257514801655139,0.49988873539115,0.242596462953711,1.00000026708984
-2.82130767593947e-07,0.490830813970524,0.259253253149346,0.499831865760259,0.240914881090395,1.00000026316812
-2.78255940220713e-07,0.489115534185524,0.261002930608345,0.499763070412263,0.239233998979393,1.00000025930044
-2.74434330322837e-07,0.487394984347599,0.262763895320144,0.499682240664514,0.237553864015342,1.00000025548605
-2.70665207003324e-07,0.485669157720362,0.264536208618538,0.4995892673222,0.235874524059262,1.00000025172422
-2.66947849403432e-07,0.483938047784197,0.266319931873518,0.49948404068457,0.234196027441912,1.00000024801422
-2.63281546564802e-07,0.482201648242918,0.268115126481322,0.499366450551518,0.232518422967159,1.00000024435536
-2.59665597293487e-07,0.480459953030616,0.269921853854124,0.49923638623052,0.230841759915356,1.00000024074693
-2.56099310025846e-07,0.478712956318697,0.27174017540933,0.499093736543946,0.229166088046724,1.00000023718824
-2.52582002696278e-07,0.476960652523127,0.273570152558493,0.49893838983676,0.227491457604747,1.00000023367861
-2.49113002606779e-07,0.475203036311883,0.275411846695806,0.49877023398462,0.225817919319573,1.00000023021736
-2.45691646298279e-07,0.473440102612615,0.27726531918619,0.498589156402391,0.224145524411419,1.00000022680384
-2.4231727942376e-07,0.471671846620528,0.279130631352929,0.498395044053085,0.222474324593986,1.00000022343739
-2.38989256623105e-07,0.4698982638065,0.281007844464873,0.498187783457255,0.220804372077872,1.00000022011737
-2.35706941399673e-07,0.46811934992542,0.282897019723162,0.497967260702837,0.219135719574002,1.00000021684314
-2.32469705998565e-07,0.466335101024784,0.284798218247475,0.497733361455482,0.217468420297042,1.00000021361408
-2.29276931286565e-07,0.464545513453525,0.286711501061788,0.497485970969375,0.215802527968838,1.00000021042957
-2.26128006633728e-07,0.462750583871113,0.288636929079606,0.497224974098563,0.214138096821832,1.00000020728899
-2.23022329796594e-07,0.460950309256911,0.290574563088677,0.496950255308824,0.212475181602499,1.00000020419176
-2.19959306803007e-07,0.459144686919813,0.292524463735148,0.496661698690078,0.210813837574774,1.00000020113727
-2.16938351838518e-07,0.457333714508155,0.294486691507162,0.496359187969365,0.209154120523473,1.00000019812493
-2.13958887134342e-07,0.455517390019929,0.296461306717859,0.496042606524423,0.207496086757718,1.00000019515419
-2.1102034285686e-07,0.453695711813286,0.298448369487782,0.495711837397864,0.205839793114355,1.00000019222446
-2.08122156998634e-07,0.451868678617358,0.300447939726647,0.495366763311989,0.204185296961363,1.00000018933519
-2.05263775270925e-07,0.450036289543394,0.302460077114473,0.495007266684266,0.202532656201262,1.00000018648581
-2.0244465099768e-07,0.448198544096235,0.304484841082031,0.494633229643467,0.200881929274502,1.0000001836758
-1.99664245010979e-07,0.446355442186119,0.306522290790616,0.49424453404653,0.199233175162854,1.00000018090461
-1.96922025547917e-07,0.444506984140844,0.308572485111088,0.493841061496137,0.197586453392775,1.00000017817171
-1.94217468148903e-07,0.442653170718296,0.310635482602181,0.493422693359046,0.195941824038773,1.00000017547657
-1.91550055557353e-07,0.44079400311935,0.312711341488043,0.492989310785214,0.194299347726743,1.00000017281869
-1.88919277620766e-07,0.438929483001155,0.314800119634984,0.492540794727722,0.192659085637294,1.00000017019754
-1.86324631193156e-07,0.437059612490821,0.316901874527409,0.492077025963539,0.191021099509052,1.00000016761265
-1.83765620038817e-07,0.435184394199522,0.319016663242896,0.491597885115164,0.18938545164194,1.00000016506349
-1.81241754737424e-07,0.433303831237016,0.321144542426406,0.491103252673157,0.187752204900438,1.0000001625496
-1.78752552590424e-07,0.431417927226614,0.323285568263582,0.490593009019608,0.18612142271681,1.00000016007049
-1.7629753752872e-07,0.429526686320597,0.325439796453113,0.490067034452579,0.184493169094308,1.00000015762568
-1.73876240021625e-07,0.427630113216102,0.327607282178131,0.489525209211534,0.182867508610334,1.00000015521471
-1.71488196987054e-07,0.425728213171489,0.329788080076601,0.48896741350382,0.181244506419579,1.00000015283711
-1.69132951702965e-07,0.423820992023218,0.331982244210677,0.48839352753221,0.179624228257113,1.00000015049243
-1.66810053720006e-07,0.421908456203226,0.334189828034988,0.487803431523572,0.17800674044144,1.00000014818023
-1.64519058775366e-07,0.419990612756848,0.336410884363811,0.487197005758682,0.176392109877507,1.00000014590006
-1.62259528707809e-07,0.418067469361282,0.338645465337101,0.486574130603234,0.174780404059665,1.00000014365148
-1.6003103137387e-07,0.416139034344623,0.34089362238533,0.485934686540095,0.173171691074575,1.00000014143407
-1.57833140565212e-07,0.414205316705479,0.343155406193106,0.48527855420283,0.171566039604063,1.0000001392474
-1.55665435927106e-07,0.412266326133197,0.345430866661518,0.48460561441057,0.169963518927913,1.00000013709105
-1.53527502878042e-07,0.410322073028714,0.347720052869164,0.483915748204244,0.168364198926592,1.00000013496461
-1.51418932530435e-07,0.40837256852604,0.350023013031837,0.483208836884245,0.166768150083917,1.00000013286767
-1.49339321612425e-07,0.406417824514423,0.35233979446079,0.482484762049573,0.165175443489637,1.00000013079984
-1.4728827239075e-07,0.404457853661189,0.35467044351956,0.481743405638501,0.163586150841939,1.00000012876071
-1.45265392594678e-07,0.402492669435297,0.357015005579286,0.480984649970835,0.162000344449879,1.00000012674991
-1.43270295340983e-07,0.40052228613162,0.359373524972473,0.480208377791815,0.160418097235712,1.00000012476703
-1.41302599059953e-07,0.398546718895988,0.361746044945158,0.479414472317708,0.158839482737134,1.00000012281171
-1.39361927422414e-07,0.396565983751007,0.364132607607405,0.478602817283176,0.157264575109419,1.00000012088357
-1.37447909267754e-07,0.394580097622679,0.366533253882091,0.47777329699046,0.15569344912745,1.00000011898225
-1.35560178532937e-07,0.392589078367861,0.368948023451913,0.476925796360451,0.154126180187636,1.00000011710737
-1.33698374182495e-07,0.390592944802572,0.37137695470456,0.476060200985734,0.152562844309705,1.00000011525858
-1.31862140139475e-07,0.388591716731189,0.373820084675992,0.475176397185639,0.151003518138369,1.00000011343553
-1.30051125217341e-07,0.386585414976551,0.376277448991748,0.474274272063403,0.149448278944849,1.00000011163787
-1.28264983052806e-07,0.384574061411009,0.37874908180624,0.473353713565503,0.147897204628258,1.00000010986526
-1.2650337203959e-07,0.382557678988443,0.381235015739938,0.472414610543237,0.146350373716824,1.00000010811735
-1.24765955263087e-07,0.380536291777277,0.383735281814404,0.471456852816639,0.144807865368957,1.00000010639382
-1.23052400435926e-07,0.37850992499453,0.386249909385072,0.470480331240796,0.143269759374132,1.00000010469434
-1.21362379834424e-07,0.376478605040932,0.388778926071732,0.469484937774673,0.141736136153596,1.00000010301857
-1.19695570235904e-07,0.374442359537126,0.391322357686619,0.46847056555251,0.140207076760871,1.00000010136621
-1.18051652856881e-07,0.372401217361016,0.393880228160033,0.467437108957903,0.138682662882065,1.00000009973693
-1.16430313292088e-07,0.370355208686264,0.396452559463418,0.466384463700638,0.137162976835945,1.00000009813042
-1.14831241454351e-07,0.368304365021996,0.399039371529805,0.465312526896398,0.135648101573797,1.00000009654638
-1.13254131515281e-07,0.366248719253739,0.401640682171549,0.464221197149425,0.134138120679026,1.00000009498451
-1.11698681846782e-07,0.36418830568563,0.404256506995249,0.463110374638242,0.132633118366509,1.00000009344451
-1.10164594963366e-07,0.362123160083935,0.406886859313794,0.461979961204541,0.131133179481665,1.00000009192608
-1.08651577465254e-07,0.360053319721915,0.409531750055412,0.460829860445346,0.129638389499242,1.00000009042894
-1.07159339982267e-07,0.357978823426076,0.412191187669645,0.459659977808557,0.128148834521798,1.0000000889528
-1.05687597118481e-07,0.355899711623844,0.414865178030162,0.458470220691988,0.12666460127785,1.00000008749738
-1.0423606739764e-07,0.353816026392705,0.417553724334285,0.45726049854602,0.125185777119696,1.00000008606239
-1.02804473209331e-07,0.351727811510855,0.420256826999155,0.45603072297998,0.123712450020865,1.00000008464758
-1.01392540755881e-07,0.349635112509382,0.422974483554429,0.454780807872379,0.122244708573192,1.00000008325266
-1e-07,0.347537976726051,0.425706688531388,0.453510669485121,0.120782641983491,1.00000008187738
-9.86265846131283e-08,0.345436453360707,0.428453433348385,0.452220226581816,0.119326340069799,1.00000008052147
-9.72720319245054e-08,0.343330593532345,0.431214706192487,0.450909400550335,0.117875893257178,1.00000007918467
-9.59360828709315e-08,0.341220450337906,0.433990491897233,0.449578115529722,0.116431392573045,1.00000007786674
-9.46184819472199e-08,0.339106078912806,0.436780771816388,0.448226298541612,0.114992929642,1.00000007656741
-9.33189771573324e-08,0.336987536493276,0.439585523693578,0.446853879626293,0.113560596680129,1.00000007528644
-9.20373199661823e-08,0.334864882480525,0.442404721527707,0.445460791983536,0.112134486488757,1.0000000740236
-9.07732652521022e-08,0.332738178506787,0.445238335434035,0.444046972118356,0.110714692447609,1.00000007277863
-8.9526571259964e-08,0.330607488503281,0.448086331500805,0.442612359991828,0.109301308507367,1.0000000715513
-8.82969995549408e-08,0.328472878770119,0.450948671641326,0.44115689917711,0.107894429181564,1.00000007034139
-8.70843149769072e-08,0.326334418048217,0.453825313441371,0.439680537020825,0.106494149537804,1.00000006914865
-8.58882855954626e-08,0.324192177593224,0.456716210001809,0.438183224809934,0.105100565188257,1.00000006797287
-8.4708682665574e-08,0.32204623125152,0.459621309776352,0.436664917944254,0.103713772279393,1.00000006681383
-8.35452805838287e-08,0.319896655538309,0.462540556404306,0.435125576114771,0.102333867480924,1.00000006567129
-8.23978568452851e-08,0.317743529717828,0.465473888538234,0.433565163487876,0.100960947973889,1.00000006454505
-8.12661920009195e-08,0.315586935885724,0.468421239666426,0.431983648895699,0.0995951114378745,1.00000006343489
-8.01500696156541e-08,0.313426959053596,0.471382537930085,0.430381006032639,0.0982364560372765,1.0000000623406
-7.90492762269642e-08,0.311263687235735,0.47435770593513,0.428757213658268,0.0968850804066011,1.00000006126198
-7.79636013040524e-08,0.309097211538087,0.477346660558548,0.427112255806729,0.0955410836347227,1.00000006019883
-7.68928372075831e-08,0.306927626249428,0.4803493127492,0.425446122002744,0.0942045652480561,1.00000005915093
-7.58367791499719e-08,0.304755028934781,0.483365567323027,0.423758807484383,0.0928756251925897,1.0000000581181
-7.47952251562183e-08,0.302579520531063,0.486395322752588,0.422050313432697,0.091554363814715,1.00000005710014
-7.37679760252773e-08,0.300401205444954,0.489438470950887,0.420320647208317,0.0902408818407956,1.00000005609686
-7.27548352919623e-08,0.298220191652986,0.492494897049441,0.418569822595147,0.0889352803554125,1.00000005510806
-7.17556091893692e-08,0.296036590803816,0.495564479170583,0.416797860051203,0.0876376607782144,1.00000005413357
-7.07701066118189e-08,0.293850518322669,0.498647088193974,0.415004786966715,0.0863481248393108,1.0000000531732
-6.97981390783067e-08,0.291662093517891,0.501742587517347,0.413190637929524,0.0850667745531285,1.00000005222676
-6.8839520696455e-08,0.289471439689581,0.504850832811501,0.411355454997834,0.0837937121906641,1.00000005129409
-6.78940681269611e-08,0.287278684240225,0.507971671769598,0.409499287980354,0.0825290402500484,1.00000005037501
-6.69616005485322e-08,0.285083958787255,0.511104943850834,0.407622194723822,0.0812728614253442,1.00000004946934
-6.60419396233031e-08,0.282887399277454,0.514250480018588,0.405724241407915,0.0800252785734967,1.00000004857691
-6.51349094627281e-08,0.280689146103089,0.517408102473165,0.403805502847491,0.0787863946793437,1.00000004769757
-6.42403365939419e-08,0.278489344219651,0.5205776243793,0.401866062802099,0.0775563128186012,1.00000004683114
-6.33580499265825e-08,0.276288143265064,0.523758849588605,0.399906014292664,0.0763351361187317,1.00000004597746
-6.24878807200689e-08,0.274085697680195,0.526951572357204,0.397925459925202,0.0751229677175944,1.00000004513637
-6.16296625513294e-08,0.271882166830489,0.53015557705881,0.395924512221402,0.0739199107197879,1.00000004430773
-6.07832312829724e-08,0.269677715128507,0.533370637893564,0.393903293955859,0.0727260681505775,1.00000004349136
-5.99484250318941e-08,0.267472512157152,0.536596518593004,0.391861938499688,0.071541542907308,1.00000004268713
-5.91250841383188e-08,0.265266732793315,0.539832972121568,0.389800590170235,0.0703664377081971,1.00000004189487
-5.83130511352622e-08,0.263060557331645,0.54307974037511,0.387719404586491,0.0692008550383996,1.00000004111446
-5.75121707184161e-08,0.260854171608143,0.546336553876952,0.385618549029811,0.0680448970932373,1.00000004034573
-5.67222897164455e-08,0.258647767123201,0.549603131472079,0.38349820280944,0.0668986657184814,1.00000003958855
-5.59432570616938e-08,0.256441541163727,0.552879180020124,0.381358557632297,0.0657622623475786,1.00000003884278
-5.51749237612913e-08,0.254235696923905,0.5561643940879,0.37919981797639,0.06463578793571,1.00000003810828
-5.44171428686589e-08,0.252030443624141,0.559458455642286,0.377022201467147,0.0635193428905676,1.00000003738492
-5.36697694554048e-08,0.249825996627687,0.562761033744372,0.374825939255882,0.0624130269997457,1.00000003667255
-5.29326605836057e-08,0.247622577554386,0.566071784245856,0.372611276399515,0.0613169393546281,1.00000003597106
-5.22056752784698e-08,0.245420414390949,0.569390349488776,0.370378472240551,0.0602311782706736,1.00000003528032
-5.1488674501375e-08,0.243219741597121,0.572716358009748,0.368127800786261,0.059155841203991,1.00000003460018
-5.07815211232767e-08,0.241020800207035,0.576049424250034,0.365859551085863,0.0580910246641033,1.00000003393054
-5.00840798984821e-08,0.238823837925017,0.579389148272776,0.363574027604413,0.0570368241228107,1.00000003327127
-4.93962174387833e-08,0.236629109215046,0.582735115488968,0.361271550591972,0.0559933339190598,1.00000003262224
-4.87178021879463e-08,0.234436875383004,0.586086896393734,0.358952456446526,0.0549606471597409,1.00000003198334
-4.80487043965513e-08,0.232247404650828,0.589444046314687,0.356617098068971,0.0539388556163424,1.00000003135446
-4.73887960971765e-08,0.230060972221583,0.592806105174231,0.354265845208371,0.052928049617398,1.00000003073547
-4.67379510799246e-08,0.227877860334452,0.596172597267779,0.351899084795539,0.0519283179366828,1.00000003012627
-4.60960448682844e-08,0.22569835830855,0.599543031060021,0.349517221262859,0.0509397476771199,1.00000002952674
-4.5462954695324e-08,0.22352276257445,0.602916899001482,0.347120676848136,0.0499624241503817,1.00000002893677
-4.48385594802119e-08,0.22135137669223,0.606293677367725,0.34470989188009,0.0489964307521851,1.00000002835626
-4.4222739805059e-08,0.219184511354797,0.609672826123705,0.342285325042995,0.0480418488332997,1.00000002778511
-4.36153778920801e-08,0.217022484375216,0.613053788815882,0.339847453617804,0.0470987575663136,1.00000002722319
-4.3016357581068e-08,0.214865620656708,0.616435992494808,0.33739677369697,0.0461672338082227,1.00000002667043
-4.24255643071778e-08,0.212714252143954,0.619818847671033,0.334933800370025,0.0452473519589415,1.00000002612671
-4.18428850790158e-08,0.2105687177543,0.623201748307259,0.332459067876882,0.0443391838158587,1.00000002559193
-4.12682084570295e-08,0.208429363287425,0.626584071849748,0.329973129725655,0.0434427984245972,1.000000025066
-4.07014245321944e-08,0.206296541312047,0.629965179302079,0.327476558771749,0.0425582619261726,1.00000002454881
-4.01424249049933e-08,0.204170611028188,0.633344415344407,0.324969947254811,0.0416856374007818,1.00000002404029
-3.95911026646846e-08,0.202051938103556,0.636721108501382,0.322453906790124,0.0408249847084942,1.00000002354032
-3.90473523688556e-08,0.199940894482613,0.640094571361937,0.3199290683109,0.0399763603271636,1.00000002304883
-3.85110700232557e-08,0.197837858166899,0.64346410085412,0.317396081957961,0.0391398171879188,1.00000002256571
-3.79821530619074e-08,0.195743212965273,0.646828978578102,0.31485561691325,0.0383154045086478,1.00000002209089
-3.746050032749e-08,0.193657348212749,0.650188471200432,0.312308361173638,0.0375031676259303,1.00000002162426
-3.6946012051993e-08,0.191580658456722,0.653541830912489,0.309755021261578,0.036703147825933,1.00000002116574
-3.64385898376354e-08,0.189513543109448,0.656888295955937,0.307196321869231,0.0359153821748323,1.00000002071526
-3.59381366380463e-08,0.187456406065789,0.660227091217802,0.304633005432819,0.0351399033493796,1.00000002027271
-3.54445567397044e-08,0.185409655285365,0.663557428897555,0.30206583163416,0.0343767394682851,1.00000001983802
