-0.001,0.995526131254503,0.00447386874549702,0.995526131254503,1.0009999799845
-0.000986265846131283,0.995495123157335,0.00450487684266509,0.995495123157335,1.00098624583094
-0.000972720319245054,0.995463899742935,0.00453610025706467,0.995463899742935,1.00097270030435
-0.000959360828709315,0.99543245951945,0.00456754048054958,0.99543245951945,1.00095934081411
-0.000946184819472199,0.995400800984675,0.00459919901532535,0.995400800984675,1.00094616480517
-0.000933189771573324,0.995368922625979,0.00463107737402079,0.995368922625979,1.00093316975757
-0.000920373199661823,0.99533682292024,0.00466317707976017,0.99533682292024,1.00092035318594
-0.000907732652521022,0.995304500333764,0.00469549966623579,0.995304500333764,1.00090771263909
-0.00089526571259964,0.995271953322219,0.00472804667778109,0.995271953322219,1.00089524569945
-0.000882969995549408,0.995239180330556,0.00476081966944434,0.995239180330556,1.00088294998268
-0.000870843149769072,0.995206179792937,0.00479382020706267,0.995206179792937,1.00087082313717
-0.000858882855954626,0.995172950132663,0.00482704986733683,0.995172950132663,1.00085886284363
-0.00084708682665574,0.995139489762094,0.00486051023790627,0.995139489762094,1.0008470668146
-0.000835452805838287,0.995105797082575,0.00489420291742486,0.995105797082575,1.00083543279405
-0.000823978568452851,0.995071870484363,0.00492812951563706,0.995071870484363,1.00082395855693
-0.000812661920009195,0.995037708346545,0.00496229165345472,0.995037708346545,1.00081264190875
-0.000801500696156541,0.995003309036966,0.00499669096303426,0.995003309036966,1.00080148068515
-0.000790492762269642,0.994968670912145,0.00503132908785454,0.994968670912145,1.00079047275152
-0.000779636013040524,0.994933792317205,0.00506620768279514,0.994933792317205,1.00077961600254
-0.000768928372075831,0.994898671585785,0.00510132841421528,0.994898671585785,1.00076890836183
-0.000758367791499719,0.994863307039967,0.0051366929600332,0.994863307039967,1.0007583477815
-0.000747952251562183,0.994827696990194,0.00517230300980616,0.994827696990194,1.00074793224181
-0.000737679760252773,0.994791839735189,0.00520816026481098,0.994791839735189,1.00073765975074
-0.000727548352919623,0.994755733561875,0.00524426643812505,0.994755733561875,1.00072752834364
-0.000717556091893692,0.994719376745292,0.00528062325470807,0.994719376745292,1.00071753608286
-0.000707701066118189,0.994682767548516,0.00531723245148417,0.994682767548516,1.00070768105731
-0.000697981390783067,0.994645904222575,0.00535409577742471,0.994645904222575,1.00069796138221
-0.00068839520696455,0.994608785006368,0.00539121499363167,0.994608785006368,1.00068837519862
-0.000678940681269611,0.994571408126579,0.0054285918734215,0.994571408126579,1.00067892067315
-0.000669616005485322,0.99453377179759,0.00546622820240967,0.99453377179759,1.00066959599759
-0.000660419396233031,0.994495874221404,0.00550412577859572,0.994495874221404,1.00066039938856
-0.000651349094627281,0.994457713587551,0.00554228641244899,0.994457713587551,1.00065132908718
-0.000642403365939419,0.994419288073005,0.00558071192699482,0.994419288073005,1.00064238335871
-0.000633580499265825,0.994380595842099,0.00561940415790143,0.994380595842099,1.00063356049225
-0.000624878807200689,0.994341635046433,0.00565836495356744,0.994341635046433,1.0006248588004
-0.000616296625513294,0.99430240382479,0.00569759617520983,0.99430240382479,1.00061627661892
-0.000607832312829724,0.994262900303047,0.00573709969695271,0.994262900303047,1.00060781230645
-0.000599484250318941,0.994223122594083,0.00577687740591655,0.994223122594083,1.00059946424414
-0.000591250841383188,0.994183068797692,0.00581693120230811,0.994183068797692,1.00059123083541
-0.000583130511352622,0.994142737000489,0.00585726299951095,0.994142737000489,1.00058311050559
-0.000575121707184161,0.994102125275823,0.00589787472417658,0.994102125275823,1.00057510170162
-0.000567222897164455,0.994061231683684,0.00593876831631625,0.994061231683684,1.0005672028918
-0.000559432570616938,0.994020054270607,0.00597994572939338,0.994020054270607,1.00055941256545
-0.000551749237612913,0.993978591069583,0.00602140893041654,0.993978591069583,1.00055172923264
-0.000544171428686589,0.993936840099967,0.00606315990003325,0.993936840099967,1.00054415142391
-0.000536697694554048,0.993894799367376,0.00610520063262422,0.993894799367376,1.00053667768997
-0.000529326605836056,0.993852466863602,0.00614753313639841,0.993852466863602,1.00052930660144
-0.000522056752784698,0.993809840566511,0.00619015943348864,0.993809840566511,1.00052203674858
-0.00051488674501375,0.993766918439952,0.00623308156004793,0.993766918439952,1.00051486674099
-0.000507815211232767,0.993723698433653,0.00627630156634646,0.993723698433653,1.0005077952074
-0.000500840798984821,0.993680178483131,0.00631982151686918,0.993680178483131,1.00050082079533
-0.000493962174387832,0.993636356509586,0.00636364349041421,0.993636356509586,1.00049394217092
-0.000487178021879463,0.993592230419808,0.00640776958019173,0.993592230419808,1.00048715801859
-0.000480487043965513,0.993547798106076,0.00645220189392376,0.993547798106076,1.00048046704085
-0.000473887960971765,0.993503057446055,0.00649694255394447,0.993503057446055,1.00047386795804
-0.000467379510799246,0.993458006302699,0.00654199369730123,0.993458006302699,1.00046735950804
-0.000460960448682843,0.993412642524144,0.00658735747585641,0.993412642524144,1.0004609404461
-0.00045462954695324,0.99336696394361,0.00663303605638982,0.99336696394361,1.00045460954454
-0.000448385594802119,0.993320968379298,0.00667903162070188,0.993320968379298,1.00044836559256
-0.00044222739805059,0.993274653634282,0.0067253463657175,0.993274653634282,1.00044220739598
-0.000436153778920801,0.993228017496409,0.00677198250359064,0.993228017496409,1.00043613377702
-0.000430163575810679,0.99318105773819,0.00681894226180972,0.99318105773819,1.00043014357408
-0.000424255643071778,0.993133772116696,0.00686622788330355,0.993133772116696,1.0004242356415
-0.000418428850790158,0.993086158373452,0.0069138416265482,0.993086158373452,1.00041840884939
-0.000412682084570295,0.993038214234326,0.00696178576567446,0.993038214234326,1.00041266208333
-0.000407014245321944,0.992989937409424,0.00701006259057609,0.992989937409424,1.00040699424424
-0.000401424249049932,0.992941325592981,0.00705867440701889,0.992941325592981,1.00040140424813
-0.000395911026646846,0.99289237646325,0.00710762353675036,0.99289237646325,1.00039589102589
-0.000390473523688556,0.99284308768239,0.00715691231761026,0.99284308768239,1.00039045352309
-0.000385110700232557,0.992793456896358,0.00720654310364191,0.992793456896358,1.00038509069979
-0.000379821530619074,0.992743481734796,0.00725651826520414,0.992743481734796,1.00037980153033
-0.000374605003274899,0.992693159810916,0.00730684018908423,0.992693159810916,1.00037458500315
-0.00036946012051993,0.992642488721389,0.00735751127861136,0.992642488721389,1.00036944012055
-0.000364385898376355,0.992591466046229,0.0074085339537711,0.992591466046229,1.00036436589856
-0.000359381366380463,0.992540089348679,0.00745991065132051,0.992540089348679,1.00035936136671
-0.000354445567397044,0.992488356175096,0.00751164382490413,0.992488356175096,1.00035442556788
-0.000349577557436327,0.992436264054829,0.00756373594517069,0.992436264054829,1.00034955755807
-0.000344776405473446,0.992383810500109,0.00761618949989073,0.992383810500109,1.00034475640625
-0.000340041193270371,0.992330993005925,0.00766900699407492,0.992330993005925,1.0003400211942
-0.000335371015200293,0.992277809049907,0.00772219095009329,0.992277809049907,1.00033535101628
-0.000330764978074424,0.992224256092205,0.00777574390779519,0.992224256092205,1.0003307449793
-0.000326222200971167,0.99217033157537,0.00782966842463021,0.99217033157537,1.00032620220234
-0.000321741815067637,0.99211603292423,0.00788396707576973,0.99211603292423,1.00032172181658
-0.000317322963473498,0.992061357545771,0.00793864245422953,0.992061357545771,1.00031730296513
-0.000312964801067075,0.992006302829007,0.00799369717099311,0.992006302829007,1.00031294480287
-0.000308666494333727,0.991950866144864,0.00804913385513585,0.991950866144864,1.00030864649628
-0.00030442722120643,0.99189504484605,0.00810495515395016,0.99189504484605,1.00030440722329
-0.000300246170908555,0.991838836266929,0.00816116373307128,0.991838836266929,1.00030022617313
-0.000296122543798804,0.991782237723396,0.00821776227660418,0.991782237723396,1.00029610254616
-0.000292055551218275,0.991725246512749,0.00827475348725116,0.991725246512749,1.00029203555372
-0.00028804441533963,0.99166785991356,0.00833214008644038,0.99166785991356,1.00028802441798
-0.00028408836901833,0.991610075185545,0.00838992481445535,0.991610075185545,1.0002840683718
-0.00028018665564592,0.991551889569435,0.00844811043056515,0.991551889569435,1.00028016665856
-0.000276338529005317,0.991493300286844,0.00850669971315575,0.991493300286844,1.00027631853206
-0.000272543253128103,0.991434304540138,0.00856569545986205,0.991434304540138,1.00027252325632
-0.000268800102153761,0.991374899512299,0.00862510048770093,0.991374899512299,1.00026878010548
-0.000265108360190854,0.991315082366795,0.00868491763320522,0.991315082366795,1.00026508836365
-0.000261467321180109,0.991254850247441,0.00874514975255853,0.991254850247441,1.00026144732478
-0.00025787628875938,0.991194200278269,0.00880579972173108,0.991194200278269,1.00025785629249
-0.000254334576130465,0.991133129563384,0.00886687043661639,0.991133129563384,1.00025431457999
-0.000250841505927754,0.991071635186831,0.00892836481316898,0.991071635186831,1.00025082150992
-0.000247396410088681,0.991009714212457,0.00899028578754299,0.991009714212457,1.00024737641421
-0.000243998629725955,0.990947363683768,0.00905263631623174,0.990947363683768,1.00024397863398
-0.000240647515001543,0.990884580623792,0.00911541937620826,0.990884580623792,1.00024062751939
-0.000237342425002387,0.990821362034933,0.00917863796506684,0.990821362034933,1.00023732242952
-0.000234082727617829,0.990757704898835,0.0092422951011654,0.990757704898835,1.00023406273227
-0.000230867799418717,0.990693606176231,0.00930639382376908,0.990693606176231,1.0002308478042
-0.000227697025538168,0.990629062806805,0.00937093719319456,0.990629062806805,1.00022767703045
-0.000224569799553978,0.990564071709044,0.00943592829095559,0.990564071709044,1.00022454980459
-0.000221485523372636,0.990498629780091,0.00950137021990938,0.990498629780091,1.00022146552854
-0.000218443607114943,0.990432733895596,0.00956726610440402,0.990432733895596,1.00021842361241
-0.000215443469003188,0.990366380909573,0.00963361909042704,0.990366380909573,1.00021542347442
-0.000212484535249888,0.990299567654245,0.00970043234575474,0.990299567654245,1.0002124645408
-0.000209566239948044,0.990232290939897,0.00976770906010285,0.990232290939897,1.00020954624562
-0.000206688024962908,0.990164547554722,0.00983545244527798,0.990164547554722,1.00020666803076
-0.000203849339825246,0.99009633426467,0.00990366573533021,0.99009633426467,1.00020382934575
-0.00020104964162605,0.990027647813293,0.00997235218670679,0.990027647813293,1.00020102964768
-0.000198288394912707,0.989958484921593,0.0100415150784067,0.989958484921593,1.00019826840109
-0.000195565071586595,0.989888842287863,0.0101111577121367,0.989888842287863,1.00019554507789
-0.000192879150802078,0.989818716587532,0.0101812834124676,0.989818716587532,1.00019285915723
-0.000190230118866895,0.989748104473007,0.0102518955269929,0.989748104473007,1.00019021012542
-0.000187617469143912,0.989677002573513,0.0103229974264871,0.989677002573513,1.00018759747582
-0.00018504070195423,0.989605407494934,0.0103945925050661,0.989605407494934,1.00018502070876
-0.000182499324481615,0.989533315819651,0.0104666841803487,0.989533315819651,1.00018247933141
-0.000179992850678248,0.989460724106382,0.010539275893618,0.989460724106382,1.00017997285773
-0.000177520801171764,0.989387628890014,0.0106123711099857,0.989387628890014,1.00017750080835
-0.000175082703173572,0.989314026681444,0.0106859733185564,0.989314026681444,1.00017506271048
-0.000172678090388436,0.989239913967407,0.0107600860325927,0.989239913967407,1.00017265809781
-0.000170306502925284,0.989165287210317,0.0108347127896828,0.989165287210317,1.00017028651047
-0.000167967487209265,0.989090142848092,0.0109098571519079,0.989090142848092,1.00016794749488
-0.000165660595894992,0.989014477293988,0.0109855227060116,0.989014477293988,1.00016564060369
-0.000163385387780986,0.98893828693643,0.01106171306357,0.98893828693643,1.0001633653957
-0.000161141427725302,0.988861568138837,0.011138431861163,0.988861568138837,1.00016112143577
-0.000158928286562298,0.988784317239453,0.0112156827605472,0.988784317239453,1.00015890829473
-0.00015674554102056,0.98870653055117,0.0112934694488296,0.98870653055117,1.00015672554931
-0.000154592773641948,0.988628204361358,0.0113717956386425,0.988628204361358,1.00015457278205
-0.000152469572701757,0.988549334931681,0.0114506650683195,0.988549334931681,1.00015244958124
-0.000150375532129974,0.988469918497927,0.0115300815020735,0.988469918497927,1.00015035554079
-0.00014831025143361,0.988389951269825,0.0116100487301745,0.988389951269825,1.00014829026022
-0.000146273335620113,0.98830942943087,0.0116905705691302,0.98830942943087,1.00014625334453
-0.000144264395121816,0.988228349138133,0.0117716508618666,0.988228349138133,1.00014424440415
-0.000142283045721435,0.98814670652209,0.0118532934779103,0.98814670652209,1.00014226305487
-0.000140328908478587,0.988064497686428,0.0119355023135725,0.988064497686428,1.00014030891775
-0.000138401609657313,0.987981718707867,0.0120182812921332,0.987981718707867,1.00013838161906
-0.000136500780654601,0.987898365635972,0.0121016343640279,0.987898365635972,1.00013648079018
-0.000134626057929891,0.987814434492966,0.0121855655070344,0.987814434492966,1.00013460606757
-0.000132777082935543,0.987729921273538,0.0122700787264621,0.987729921273538,1.0001327570927
-0.000130953502048267,0.987644821944659,0.0123551780553413,0.987644821944659,1.00013093351194
-0.000129154966501488,0.987559132445385,0.0124408675546149,0.987559132445385,1.00012913497652
-0.000127381132318648,0.98747284868667,0.0125271513133305,0.98747284868667,1.00012736114246
-0.000125631660247412,0.987385966551165,0.012614033448835,0.987385966551165,1.00012561167051
-0.000123906215694792,0.987298481893031,0.0127015181069692,0.987298481893031,1.00012388622608
-0.000122204468663149,0.987210390537736,0.0127896094622643,0.987210390537736,1.00012218447918
-0.000120526093687084,0.987121688281859,0.0128783117181405,0.987121688281859,1.00012050610432
-0.00011887076977119,0.987032370892895,0.0129676291071054,0.987032370892895,1.00011885078053
-0.00011723818032866,0.986942434109045,0.0130575658909552,0.986942434109045,1.00011721819122
-0.000115628013120738,0.986851873639024,0.0131481263609764,0.986851873639024,1.00011560802413
-0.000114039960197003,0.986760685161851,0.0132393148381492,0.986760685161851,1.00011401997133
-0.000112473717836475,0.986668864326647,0.0133311356733526,0.986668864326647,1.0001124537291
-0.000110928986489522,0.98657640675243,0.0134235932475699,0.98657640675243,1.00011090899788
-0.000109405470720574,0.986483308027903,0.0135166919720971,0.986483308027903,1.00010938548224
-0.000107902879151618,0.986389563711249,0.0136104362887512,0.986389563711249,1.00010788289079
-0.000106420924406472,0.986295169329919,0.013704830670081,0.986295169329919,1.00010640093617
-0.000104959323055823,0.986200120380421,0.0137998796195791,0.986200120380421,1.00010493933495
-0.000103517795563018,0.986104412328105,0.0138955876718947,0.986104412328105,1.00010349780759
-0.000102096066230605,0.986008040606951,0.0139919593930489,0.986008040606951,1.00010207607838
-0.000100693863147603,0.985911000619349,0.0140889993806509,0.985911000619349,1.00010067387543
-9.9310918137498e-05,0.985813287735885,0.0141867122641153,0.985813287735885,1.00009929093054
-9.79469667069539e-05,0.985714897295118,0.0142851027048818,0.985714897295118,1.00009792697924
-9.66017479952265e-05,0.985615824603364,0.0143841753966359,0.985615824603364,1.00009658176066
-9.5275004724273e-05,0.985516064934469,0.0144839350655308,0.985516064934469,1.00009525501752
-9.39664831495469e-05,0.985415613529589,0.0145843864704114,0.985415613529589,1.00009394649607
-9.26759330114688e-05,0.98531446559696,0.0146855344030395,0.98531446559696,1.00009265594606
-9.14031074875622e-05,0.985212616311679,0.0147873836883209,0.985212616311679,1.00009138312067
-9.01477631452492e-05,0.985110060815467,0.0148899391845332,0.985110060815467,1.00009012777646
-8.89096598952917e-05,0.985006794216444,0.0149932057835564,0.985006794216444,1.00008888967334
-8.76885609458743e-05,0.984902811588896,0.015097188411104,0.984902811588896,1.00008766857452
-8.64842327573173e-05,0.984798107973044,0.0152018920269559,0.984798107973044,1.00008646424647
-8.52964449974102e-05,0.984692678374806,0.015307321625194,0.984692678374806,1.00008527645884
-8.41249704973612e-05,0.984586517765563,0.0154134822344372,0.984586517765563,1.00008410498447
-8.29695852083492e-05,0.98447962108192,0.0155203789180804,0.98447962108192,1.00008294959932
-8.18300681586739e-05,0.984371983225467,0.0156280167745334,0.984371983225467,1.0000818100824
-8.07062014114951e-05,0.984263599062537,0.0157364009374625,0.984263599062537,1.00008068621579
-7.95977700231498e-05,0.984154463423967,0.0158455365760328,0.984154463423967,1.00007957778453
-7.85045620020451e-05,0.984044571104847,0.015955428895153,0.984044571104847,1.00007848457665
-7.74263682681128e-05,0.983933916864278,0.0160660831357216,0.983933916864278,1.00007740638305
-7.63629826128224e-05,0.983822495425125,0.0161775045748746,0.983822495425125,1.00007634299753
-7.53142016597438e-05,0.983710301473765,0.016289698526235,0.983710301473765,1.00007529421671
-7.42798248256491e-05,0.983597329659836,0.0164026703401639,0.983597329659836,1.00007425984002
-7.32596542821523e-05,0.983483574595986,0.0165164254040137,0.983483574595986,1.00007323966961
-7.22534949178722e-05,0.983369030857617,0.0166309691423826,0.983369030857617,1.00007223351039
-7.12611543011175e-05,0.983253692982629,0.0167463070173709,0.983253692982629,1.00007124116991
-7.02824426430835e-05,0.983137555471161,0.0168624445288393,0.983137555471161,1.00007026245839
-6.9317172761554e-05,0.983020612785331,0.0169793872146688,0.983020612785331,1.00006929718865
-6.83651600451024e-05,0.982902859348978,0.0170971406510223,0.982902859348978,1.00006834517607
-6.74262224177835e-05,0.982784289547392,0.0172157104526078,0.982784289547392,1.00006740623859
-6.65001803043112e-05,0.982664897727056,0.0173351022729444,0.982664897727056,1.00006648019662
-6.55868565957144e-05,0.982544678195372,0.0174553218046284,0.982544678195372,1.00006556687305
-6.46860766154632e-05,0.982423625220397,0.0175763747796028,0.982423625220397,1.00006466609321
-6.37976680860628e-05,0.982301733030572,0.0176982669694281,0.982301733030572,1.00006377768483
-6.29214610961035e-05,0.982178995814446,0.0178210041855542,0.982178995814446,1.00006290147798
-6.2057288067765e-05,0.982055407720404,0.0179445922795956,0.982055407720404,1.0000620373051
-6.1204983724767e-05,0.981930962856393,0.018069037143607,0.981930962856393,1.0000611850009
-6.03643850607586e-05,0.981805655289638,0.0181943447103619,0.981805655289638,1.00006034440239
-5.95353313081437e-05,0.981679479046368,0.0183205209536325,0.981679479046368,1.00005951534878
-5.87176639073326e-05,0.981552428111528,0.0184475718884716,0.981552428111528,1.00005869768153
-5.79112264764176e-05,0.981424496428503,0.0185755035714966,0.981424496428503,1.00005789124425
-5.71158647812644e-05,0.981295677898825,0.0187043221011753,0.981295677898825,1.0000570958827
-5.63314267060135e-05,0.981165966381886,0.0188340336181136,0.981165966381886,1.00005631144478
-5.55577622239888e-05,0.981035355694655,0.0189646443053449,0.981035355694655,1.00005553778044
-5.47947233690028e-05,0.980903839611377,0.0190961603886226,0.980903839611377,1.00005477474174
-5.40421642070591e-05,0.980771411863287,0.0192285881367128,0.980771411863287,1.00005402218273
-5.32999408084409e-05,0.980638066138309,0.0193619338616906,0.980638066138309,1.00005327995949
-5.25679112201842e-05,0.980503796080762,0.0194962039192378,0.980503796080762,1.00005254793005
-5.18459354389291e-05,0.980368595291058,0.0196314047089419,0.980368595291058,1.00005182595443
-5.11338753841432e-05,0.980232457325401,0.0197675426745985,0.980232457325401,1.00005111389453
-5.04315948717136e-05,0.980095375695485,0.0199046243045151,0.980095375695485,1.00005041161417
-4.97389595879007e-05,0.979957343868184,0.0200426561318163,0.979957343868184,1.00004971897905
-4.90558370636505e-05,0.979818355265248,0.0201816447347524,0.979818355265248,1.00004903585668
-4.83820966492596e-05,0.979678403262991,0.0203215967370089,0.979678403262991,1.00004836211643
-4.77176094893874e-05,0.979537481191981,0.0204625188080191,0.979537481191981,1.00004769762943
-4.70622484984128e-05,0.979395582336722,0.0206044176632778,0.979395582336722,1.0000470422686
-4.64158883361278e-05,0.979252699935342,0.020747300064658,0.979252699935342,1.0000463959086
-4.57784053837662e-05,0.979108827179271,0.0208911728207293,0.979108827179271,1.00004575842581
-4.5149677720361e-05,0.978963957212921,0.0210360427870787,0.978963957212921,1.00004512969831
-4.45295850994265e-05,0.978818083133367,0.021181916866633,0.978818083133367,1.00004450960585
-4.39180089259609e-05,0.978671197990015,0.0213288020099845,0.978671197990015,1.00004389802984
-4.3314832233764e-05,0.978523294784282,0.0214767052157176,0.978523294784282,1.00004329485332
-4.27199396630678e-05,0.978374366469261,0.0216256335307386,0.978374366469261,1.00004269996091
-4.21332174384729e-05,0.978224405949393,0.0217755940506072,0.978224405949393,1.00004211323886
-4.15545533471887e-05,0.978073406080129,0.0219265939198707,0.978073406080129,1.00004153457494
-4.09838367175726e-05,0.9779213596676,0.0220786403323997,0.9779213596676,1.00004096385848
-4.04209583979631e-05,0.977768259468273,0.022231740531727,0.977768259468273,1.00004040098033
-3.98658107358044e-05,0.977614098188612,0.0223859018113882,0.977614098188612,1.00003984583284
-3.93182875570577e-05,0.977458868484735,0.0225411315152646,0.977458868484735,1.00003929830983
-3.87782841458945e-05,0.977302562962071,0.0226974370379289,0.977302562962071,1.0000387583066
-3.824569722467e-05,0.977145174175007,0.0228548258249925,0.977145174175007,1.00003822571985
-3.772042493417e-05,0.976986694626544,0.0230133053734561,0.976986694626544,1.00003770044774
-3.72023668141307e-05,0.976827116767939,0.0231728832320614,0.976827116767939,1.00003718238979
-3.66914237840249e-05,0.976666432998353,0.0233335670016466,0.976666432998353,1.00003667144694
-3.61874981241128e-05,0.976504635664497,0.0234953643355032,0.976504635664497,1.00003616752146
-3.56904934567523e-05,0.976341717060264,0.0236582829397358,0.976341717060264,1.00003567051698
-3.52003147279668e-05,0.976177669426376,0.023822330573624,0.976177669426376,1.00003518033843
-3.47168681892656e-05,0.976012484950013,0.023987515049987,0.976012484950013,1.00003469689207
-3.42400613797143e-05,0.97584615576445,0.0241538442355504,0.97584615576445,1.00003422008545
-3.37698031082509e-05,0.975678673948684,0.0243213260513161,0.975678673948684,1.00003374982736
-3.33060034362459e-05,0.975510031527067,0.0244899684729333,0.975510031527067,1.00003328602788
-3.28485736603005e-05,0.975340220468926,0.024659779531074,0.975340220468926,1.00003282859829
-3.2397426295282e-05,0.975169232688191,0.024830767311809,0.975169232688191,1.00003237745111
-3.19524750575921e-05,0.974997060043012,0.0250029399569881,0.974997060043012,1.00003193250006
-3.15136348486648e-05,0.974823694335378,0.0251763056646218,0.974823694335378,1.00003149366005
-3.10808217386906e-05,0.974649127310734,0.0253508726892658,0.974649127310734,1.00003106084713
-3.06539529505653e-05,0.974473350657591,0.0255266493424086,0.974473350657591,1.00003063397853
-3.02329468440578e-05,0.974296356007139,0.0257036439928609,0.974296356007139,1.00003021297262
-2.98177229001967e-05,0.974118134932852,0.0258818650671484,0.974118134932852,1.00002979774887
-2.94082017058706e-05,0.973938678950093,0.0260613210499067,0.973938678950093,1.00002938822788
-2.90043049386399e-05,0.973757979515721,0.0262420204842789,0.973757979515721,1.00002898433131
-2.86059553517574e-05,0.973576028027684,0.0264239719723162,0.973576028027684,1.00002858598192
-2.82130767593947e-05,0.973392815824619,0.0266071841753811,0.973392815824619,1.00002819310353
-2.78255940220713e-05,0.973208334185447,0.0267916658145528,0.973208334185447,1.000027805621
-2.74434330322836e-05,0.973022574328964,0.0269774256710362,0.973022574328964,1.00002742346021
-2.70665207003324e-05,0.972835527413427,0.027164472586573,0.972835527413427,1.00002704654808
-2.66947849403432e-05,0.972647184536145,0.0273528154638555,0.972647184536145,1.00002667481253
-2.63281546564802e-05,0.972457536733056,0.0275424632669438,0.972457536733056,1.00002630818245
-2.59665597293487e-05,0.972266574978315,0.0277334250216852,0.972266574978315,1.00002594658774
-2.56099310025846e-05,0.972074290183863,0.0279257098161367,0.972074290183863,1.00002558995922
-2.52582002696278e-05,0.97188067319901,0.02811932680099,0.97188067319901,1.0000252382287
-2.49113002606779e-05,0.97168571481,0.0283142851900002,0.97168571481,1.0000248913289
-2.45691646298279e-05,0.971489405739584,0.0285105942604162,0.971489405739584,1.00002454919349
-2.4231727942376e-05,0.971291736646585,0.0287082633534146,0.971291736646585,1.00002421175702
-2.38989256623105e-05,0.971092698125463,0.0289073018745371,0.971092698125463,1.00002387895495
-2.35706941399673e-05,0.970892280705871,0.0291077192941293,0.970892280705871,1.00002355072365
-2.32469705998565e-05,0.970690474852216,0.0293095251477839,0.970690474852216,1.00002322700033
-2.29276931286565e-05,0.970487270963214,0.0295127290367863,0.970487270963214,1.00002290772308
-2.26128006633728e-05,0.970282659371437,0.0297173406285627,0.970282659371437,1.00002259283084
-2.23022329796594e-05,0.970076630342868,0.0299233696571323,0.970076630342868,1.00002228226338
-2.19959306803007e-05,0.969869174076439,0.0301308259235614,0.969869174076439,1.00002197596131
-2.16938351838519e-05,0.969660280703579,0.030339719296421,0.969660280703579,1.00002167386604
-2.13958887134342e-05,0.969449940287752,0.0305500597122481,0.969449940287752,1.0000213759198
-2.1102034285686e-05,0.969238142823991,0.0307618571760087,0.969238142823991,1.0000210820656
-2.08122156998634e-05,0.969024878238435,0.0309751217615649,0.969024878238435,1.00002079224725
-2.05263775270925e-05,0.968810136387855,0.0311898636121449,0.968810136387855,1.00002050640931
-2.02444650997681e-05,0.968593907059184,0.0314060929408162,0.968593907059184,1.00002022449712
-1.99664245010979e-05,0.968376179969038,0.0316238200309616,0.968376179969038,1.00001994645676
-1.96922025547917e-05,0.968156944763241,0.0318430552367587,0.968156944763241,1.00001967223505
-1.94217468148902e-05,0.967936191016338,0.0320638089836624,0.967936191016338,1.00001940177955
-1.91550055557353e-05,0.967713908231109,0.0322860917688909,0.967713908231109,1.00001913503854
-1.88919277620767e-05,0.967490085838085,0.0325099141619146,0.967490085838085,1.00001887196099
-1.86324631193156e-05,0.967264713195052,0.0327352868049482,0.967264713195052,1.00001861249659
-1.83765620038817e-05,0.967037779586553,0.0329622204134467,0.967037779586553,1.00001835659572
-1.81241754737424e-05,0.966809274223396,0.0331907257766038,0.966809274223396,1.00001810420944
-1.78752552590424e-05,0.966579186242146,0.0334208137578543,0.966579186242146,1.00001785528948
-1.7629753752872e-05,0.96634750470462,0.0336524952953796,0.96634750470462,1.00001760978823
-1.73876240021625e-05,0.966114218597384,0.0338857814026161,0.966114218597384,1.00001736765873
-1.71488196987054e-05,0.965879316831232,0.0341206831687682,0.965879316831232,1.00001712885468
-1.69132951702965e-05,0.965642788240677,0.0343572117593233,0.965642788240677,1.00001689333041
-1.66810053720006e-05,0.965404621583429,0.0345953784165706,0.965404621583429,1.00001666104087
-1.64519058775366e-05,0.965164805539876,0.0348351944601244,0.965164805539876,1.00001643194164
-1.62259528707809e-05,0.964923328712551,0.0350766712874491,0.964923328712551,1.0000162059889
-1.6003103137387e-05,0.964680179625611,0.0353198203743893,0.964680179625611,1.00001598313943
-1.57833140565212e-05,0.964435346724298,0.0355646532757022,0.964435346724298,1.00001576335062
-1.55665435927106e-05,0.964188818374406,0.0358111816255939,0.964188818374406,1.00001554658042
-1.53527502878042e-05,0.96394058286174,0.03605941713826,0.96394058286174,1.00001533278739
-1.51418932530435e-05,0.963690628391572,0.0363093716084284,0.963690628391572,1.00001512193063
-1.49339321612425e-05,0.963438943088094,0.0365610569119065,0.963438943088094,1.00001491396981
-1.4728827239075e-05,0.963185514993868,0.0368144850061324,0.963185514993868,1.00001470886517
-1.45265392594678e-05,0.962930332069272,0.0370696679307283,0.962930332069272,1.00001450657747
-1.43270295340983e-05,0.96267338219194,0.0373266178080595,0.96267338219194,1.00001430706802
-1.41302599059953e-05,0.962414653156205,0.0375853468437951,0.962414653156205,1.00001411029868
-1.39361927422414e-05,0.962154132672526,0.0378458673274738,0.962154132672526,1.0000139162318
-1.37447909267754e-05,0.961891808366927,0.0381081916330728,0.961891808366927,1.00001372483027
-1.35560178532937e-05,0.961627667780419,0.0383723322195807,0.961627667780419,1.00001353605749
-1.33698374182495e-05,0.961361698368426,0.0386383016315738,0.961361698368426,1.00001334987734
-1.31862140139475e-05,0.961093887500204,0.0389061124997964,0.961093887500204,1.00001316625423
-1.30051125217341e-05,0.960824222458255,0.0391757775417451,0.960824222458255,1.00001298515304
-1.28264983052806e-05,0.960552690437743,0.0394473095622568,0.960552690437743,1.00001280653912
-1.2650337203959e-05,0.9602792785459,0.0397207214540999,0.9602792785459,1.00001263037832
-1.24765955263087e-05,0.960003973801429,0.0399960261985708,0.960003973801429,1.00001245663694
-1.23052400435926e-05,0.959726763133908,0.0402732368660925,0.959726763133908,1.00001228528176
-1.21362379834424e-05,0.959447633383181,0.0405523666168188,0.959447633383181,1.00001211628001
-1.19695570235904e-05,0.959166571298758,0.0408334287012415,0.959166571298758,1.00001194959936
-1.18051652856881e-05,0.958883563539199,0.0411164364608013,0.958883563539199,1.00001178520793
-1.16430313292088e-05,0.958598596671496,0.041401403328504,0.958598596671496,1.00001162307429
-1.14831241454351e-05,0.958311657170461,0.0416883428295387,0.958311657170461,1.00001146316742
-1.13254131515281e-05,0.958022731418098,0.0419772685819024,0.958022731418098,1.00001130545674
-1.11698681846782e-05,0.957731805702974,0.0422681942970264,0.957731805702974,1.0000111499121
-1.10164594963366e-05,0.957438866219592,0.0425611337804084,0.957438866219592,1.00001099650373
-1.08651577465254e-05,0.957143899067752,0.042856100932248,0.957143899067752,1.0000108452023
-1.07159339982267e-05,0.956846890251914,0.0431531097480862,0.956846890251914,1.00001069597888
-1.05687597118481e-05,0.956547825680551,0.0434521743194493,0.956547825680551,1.00001054880493
-1.0423606739764e-05,0.956246691165503,0.0437533088344973,0.956246691165503,1.00001040365229
-1.02804473209331e-05,0.955943472421324,0.0440565275786757,0.955943472421324,1.0000102604932
-1.01392540755881e-05,0.955638155064628,0.0443618449353723,0.955638155064628,1.00001011930029
-1e-05,0.955330724613422,0.0446692753865775,0.955330724613422,1.00000998004656
-9.86265846131283e-06,0.955021166486451,0.0449788335135495,0.955021166486451,1.00000984270536
-9.72720319245054e-06,0.954709466002516,0.0452905339974838,0.954709466002516,1.00000970725044
-9.59360828709315e-06,0.954395608379814,0.045604391620186,0.954395608379814,1.00000957365588
-9.46184819472199e-06,0.954079578735249,0.0459204212647506,0.954079578735249,1.00000944189614
-9.33189771573324e-06,0.953761362083758,0.0462386379162425,0.953761362083758,1.00000931194601
-9.20373199661823e-06,0.953440943337616,0.046559056662384,0.953440943337616,1.00000918378065
-9.07732652521022e-06,0.953118307305754,0.046881692694246,0.953118307305754,1.00000905737553
-8.9526571259964e-06,0.952793438693057,0.047206561306943,0.952793438693057,1.00000893270649
-8.82969995549408e-06,0.952466322099667,0.0475336779003334,0.952466322099667,1.00000880974969
-8.70843149769072e-06,0.952136942020276,0.0478630579797237,0.952136942020276,1.00000868848159
-8.58882855954626e-06,0.951805282843422,0.0481947171565778,0.951805282843422,1.00000856887902
-8.4708682665574e-06,0.95147132885077,0.0485286711492299,0.95147132885077,1.0000084509191
-8.35452805838287e-06,0.951135064216397,0.0488649357836029,0.951135064216397,1.00000833457927
-8.23978568452851e-06,0.950796473006069,0.0492035269939307,0.950796473006069,1.00000821983727
-8.12661920009195e-06,0.950455539176514,0.0495444608234856,0.950455539176514,1.00000810667117
-8.01500696156541e-06,0.95011224657469,0.04988775342531,0.95011224657469,1.00000799505931
-7.90492762269642e-06,0.949766578937047,0.050233421062953,0.949766578937047,1.00000788498036
-7.79636013040524e-06,0.949418519888789,0.0505814801112112,0.949418519888789,1.00000777641325
-7.68928372075831e-06,0.949068052943125,0.0509319470568749,0.949068052943125,1.00000766933723
-7.58367791499719e-06,0.948715161500522,0.0512848384994781,0.948715161500522,1.00000756373182
-7.47952251562183e-06,0.948359828847945,0.0516401711520548,0.948359828847945,1.00000745957682
-7.37679760252773e-06,0.948002038158102,0.0519979618418979,0.948002038158102,1.00000735685231
-7.27548352919622e-06,0.947641772488675,0.0523582275113247,0.947641772488675,1.00000725553864
-7.17556091893692e-06,0.947279014781553,0.0527209852184466,0.947279014781553,1.00000715561643
-7.07701066118189e-06,0.946913747862057,0.0530862521379434,0.946913747862057,1.00000705706658
-6.97981390783067e-06,0.946545954438157,0.053454045561843,0.946545954438157,1.00000695987024
-6.8839520696455e-06,0.946175617099695,0.0538243829003052,0.946175617099695,1.00000686400882
-6.7894068126961e-06,0.945802718317589,0.0541972816824114,0.945802718317589,1.00000676946398
-6.69616005485322e-06,0.945427240443042,0.0545727595569584,0.945427240443042,1.00000667621764
-6.60419396233031e-06,0.945049165706742,0.0549508342932578,0.945049165706742,1.00000658425198
-6.51349094627281e-06,0.94466847621806,0.0553315237819398,0.94466847621806,1.00000649354939
-6.42403365939419e-06,0.944285153964237,0.0557148460357628,0.944285153964237,1.00000640409253
-6.33580499265824e-06,0.943899180809573,0.0561008191904268,0.943899180809573,1.0000063158643
-6.24878807200689e-06,0.943510538494607,0.0564894615053933,0.943510538494607,1.00000622884782
-6.16296625513294e-06,0.943119208635291,0.0568807913647092,0.943119208635291,1.00000614302644
-6.07832312829724e-06,0.942725172722163,0.0572748272778367,0.942725172722163,1.00000605838376
-5.99484250318941e-06,0.942328412119513,0.0576715878804871,0.942328412119513,1.00000597490359
-5.91250841383187e-06,0.941928908064539,0.0580710919354611,0.941928908064539,1.00000589256995
-5.83130511352622e-06,0.941526641666507,0.0584733583334934,0.941526641666507,1.0000058113671
-5.75121707184161e-06,0.941121593905897,0.0588784060941029,0.941121593905897,1.00000573127952
-5.67222897164455e-06,0.940713745633552,0.059286254366448,0.940713745633552,1.00000565229188
-5.59432570616938e-06,0.940303077569813,0.0596969224301872,0.940303077569813,1.00000557438908
-5.51749237612912e-06,0.939889570303655,0.0601104296963447,0.939889570303655,1.00000549755622
-5.44171428686589e-06,0.939473204291818,0.0605267957081819,0.939473204291818,1.0000054217786
-5.36697694554048e-06,0.939053959857927,0.0609460401420734,0.939053959857927,1.00000534704174
-5.29326605836057e-06,0.938631817191611,0.0613681828083893,0.938631817191611,1.00000527333133
-5.22056752784698e-06,0.938206756347618,0.061793243652382,0.938206756347618,1.00000520063329
-5.14886745013749e-06,0.937778757244921,0.0622212427550789,0.937778757244921,1.0000051289337
-5.07815211232767e-06,0.93734779966582,0.0626522003341801,0.93734779966582,1.00000505821885
-5.00840798984821e-06,0.936913863255038,0.0630861367449623,0.936913863255038,1.00000498847522
-4.93962174387833e-06,0.936476927518813,0.0635230724811872,0.936476927518813,1.00000491968948
-4.87178021879463e-06,0.936036971823984,0.0639630281760158,0.936036971823984,1.00000485184846
-4.80487043965512e-06,0.935593975397071,0.0644060246029286,0.935593975397071,1.00000478493918
-4.73887960971765e-06,0.93514791732335,0.0648520826766504,0.93514791732335,1.00000471894886
-4.67379510799246e-06,0.934698776545918,0.0653012234540817,0.934698776545918,1.00000465386488
-4.60960448682844e-06,0.934246531864765,0.0657534681352348,0.934246531864765,1.00000458967478
-4.5462954695324e-06,0.933791161935824,0.0662088380641759,0.933791161935824,1.00000452636628
-4.48385594802118e-06,0.933332645270027,0.0666673547299728,0.933332645270027,1.00000446392729
-4.4222739805059e-06,0.932870960232352,0.0671290397676477,0.932870960232352,1.00000440234585
-4.36153778920801e-06,0.932406085040863,0.0675939149591368,0.932406085040863,1.0000043416102
-4.3016357581068e-06,0.931937997765746,0.0680620022342543,0.931937997765746,1.00000428170871
-4.24255643071778e-06,0.931466676328337,0.068533323671663,0.931466676328337,1.00000422262992
-4.18428850790158e-06,0.930992098500151,0.0690079014998494,0.930992098500151,1.00000416436255
-4.12682084570295e-06,0.930514241901893,0.0694857580981065,0.930514241901893,1.00000410689544
-4.07014245321944e-06,0.93003308400248,0.0699669159975204,0.93003308400248,1.0000040502176
-4.01424249049933e-06,0.929548602118036,0.0704513978819636,0.929548602118036,1.0000039943182
-3.95911026646846e-06,0.929060773410906,0.070939226589094,0.929060773410906,1.00000393918654
-3.90473523688556e-06,0.928569574888641,0.0714304251113593,0.928569574888641,1.00000388481208
-3.85110700232557e-06,0.928074983402992,0.0719250165970079,0.928074983402992,1.00000383118442
-3.79821530619074e-06,0.927576975648895,0.0724230243511051,0.927576975648895,1.00000377829331
-3.746050032749e-06,0.927075528163445,0.0729244718365548,0.927075528163445,1.00000372612862
-3.6946012051993e-06,0.926570617324871,0.0734293826751285,0.926570617324871,1.00000367468038
-3.64385898376354e-06,0.926062219351502,0.073937780648498,0.926062219351502,1.00000362393875
-3.59381366380463e-06,0.925550310300724,0.074449689699276,0.925550310300724,1.00000357389403
-3.54445567397044e-06,0.925034866067938,0.0749651339320615,0.925034866067938,1.00000352453664
-3.49577557436328e-06,0.924515862385509,0.0754841376144913,0.924515862385509,1.00000347585715
-3.44776405473446e-06,0.923993274821702,0.0760067251782977,0.923993274821702,1.00000342784624
-3.4004119327037e-06,0.923467078779628,0.0765329212203719,0.923467078779628,1.00000338049474
-3.35371015200293e-06,0.922937249496167,0.0770627505038329,0.922937249496167,1.00000333379358
-3.30764978074424e-06,0.922403762040896,0.0775962379591039,0.922403762040896,1.00000328773384
-3.26222200971167e-06,0.921866591315007,0.0781334086849925,0.921866591315007,1.0000032423067
-3.21741815067637e-06,0.921325712050221,0.0786742879497789,0.921325712050221,1.00000319750348
-3.17322963473497e-06,0.920781098807691,0.0792189011923086,0.920781098807691,1.00000315331561
-3.12964801067075e-06,0.920232725976908,0.0797672740230919,0.920232725976908,1.00000310973463
-3.08666494333727e-06,0.919680567774591,0.0803194322254094,0.919680567774591,1.00000306675222
-3.04427221206431e-06,0.919124598243577,0.0808754017564231,0.919124598243577,1.00000302436014
-3.00246170908555e-06,0.918564791251706,0.081435208748294,0.918564791251706,1.0000029825503
-2.96122543798803e-06,0.918001120490695,0.0819988795093051,0.918001120490695,1.0000029413147
-2.92055551218274e-06,0.917433559475009,0.0825664405249912,0.917433559475009,1.00000290064545
-2.8804441533963e-06,0.916862081540726,0.0831379184592742,0.916862081540726,1.00000286053477
-2.84088369018331e-06,0.916286659844395,0.0837133401556046,0.916286659844395,1.000002820975
-2.8018665564592e-06,0.915707267361891,0.0842927326381093,0.915707267361891,1.00000278195855
-2.76338529005317e-06,0.915123876887255,0.0848761231127448,0.915123876887255,1.00000274347798
-2.72543253128103e-06,0.914536461031543,0.085463538968457,0.914536461031543,1.00000270552593
-2.68800102153761e-06,0.913944992221653,0.0860550077783472,0.913944992221653,1.00000266809513
-2.65108360190854e-06,0.913349442699157,0.0866505573008434,0.913349442699157,1.00000263117842
-2.61467321180109e-06,0.912749784519121,0.0872502154808785,0.912749784519121,1.00000259476875
-2.5787628875938e-06,0.912145989548926,0.0878540104510738,0.912145989548926,1.00000255885915
-2.54334576130465e-06,0.911538029467071,0.0884619705329289,0.911538029467071,1.00000252344276
-2.50841505927754e-06,0.910925875761982,0.0890741242380182,0.910925875761982,1.00000248851279
-2.47396410088682e-06,0.910309499730808,0.0896905002691919,0.910309499730808,1.00000245406258
-2.43998629725955e-06,0.909688872478215,0.0903111275217849,0.909688872478215,1.00000242008553
-2.40647515001542e-06,0.90906396491517,0.0909360350848299,0.90906396491517,1.00000238657513
-2.37342425002387e-06,0.908434747757722,0.0915652522422777,0.908434747757722,1.000002353525
-2.34082727617829e-06,0.907801191525776,0.0921988084742237,0.907801191525776,1.00000232092879
-2.30867799418717e-06,0.907163266541861,0.0928367334581389,0.907163266541861,1.00000228878029
-2.27697025538168e-06,0.906520942929891,0.0934790570701086,0.906520942929891,1.00000225707333
-2.24569799553977e-06,0.905874190613924,0.0941258093860755,0.905874190613924,1.00000222580186
-2.21485523372636e-06,0.90522297931691,0.0947770206830899,0.90522297931691,1.00000219495989
-2.18443607114943e-06,0.904567278559435,0.0954327214405654,0.904567278559435,1.00000216454153
-2.15443469003189e-06,0.90390705765846,0.0960929423415401,0.90390705765846,1.00000213454096
-2.12484535249888e-06,0.903242285726055,0.0967577142739447,0.903242285726055,1.00000210495243
-2.09566239948043e-06,0.902572931668125,0.0974270683318746,0.902572931668125,1.0000020757703
-2.06688024962908e-06,0.90189896418313,0.09810103581687,0.90189896418313,1.00000204698898
-2.03849339825246e-06,0.9012203517608,0.0987796482392003,0.9012203517608,1.00000201860296
-2.0104964162605e-06,0.900537062680845,0.0994629373191549,0.900537062680845,1.00000199060682
-1.98288394912707e-06,0.899849065011661,0.100150934988339,0.899849065011661,1.00000196299521
-1.95565071586595e-06,0.899156326609023,0.100843673390977,0.899156326609023,1.00000193576283
-1.92879150802078e-06,0.898458815114781,0.101541184885219,0.898458815114781,1.00000190890449
-1.90230118866895e-06,0.897756497955548,0.102243502044452,0.897756497955548,1.00000188241504
-1.87617469143912e-06,0.897049342341376,0.102950657658624,0.897049342341376,1.00000185628942
-1.8504070195423e-06,0.896337315264435,0.103662684735564,0.896337315264435,1.00000183052263
-1.82499324481615e-06,0.895620383497685,0.104379616502315,0.895620383497685,1.00000180510975
-1.79992850678248e-06,0.894898513593535,0.105101486406465,0.894898513593535,1.00000178004592
-1.77520801171764e-06,0.894171671882508,0.105828328117492,0.894171671882508,1.00000175532633
-1.75082703173573e-06,0.893439824471892,0.106560175528108,0.893439824471892,1.00000173094627
-1.72678090388436e-06,0.892702937244388,0.107297062755612,0.892702937244388,1.00000170690106
-1.70306502925284e-06,0.891960975856755,0.108039024143245,0.891960975856755,1.00000168318612
-1.67967487209265e-06,0.89121390573845,0.10878609426155,0.89121390573845,1.0000016597969
-1.65660595894992e-06,0.890461692090257,0.109538307909743,0.890461692090257,1.00000163672894
-1.63385387780986e-06,0.889704299882916,0.110295700117084,0.889704299882916,1.00000161397781
-1.61141427725302e-06,0.888941693855749,0.111058306144251,0.888941693855749,1.00000159153918
-1.58928286562298e-06,0.888173838515277,0.111826161484723,0.888173838515277,1.00000156940874
-1.5674554102056e-06,0.88740069813383,0.112599301866169,0.88740069813383,1.00000154758227
-1.54592773641948e-06,0.886622236748163,0.113377763251837,0.886622236748163,1.00000152605558
-1.52469572701758e-06,0.885838418158051,0.114161581841949,0.885838418158051,1.00000150482457
-1.50375532129974e-06,0.885049205924896,0.114950794075104,0.885049205924896,1.00000148388517
-1.4831025143361e-06,0.884254563370317,0.115745436629683,0.884254563370317,1.00000146323338
-1.46273335620113e-06,0.883454453574746,0.116545546425254,0.883454453574746,1.00000144286525
-1.44264395121816e-06,0.882648839376006,0.117351160623994,0.882648839376006,1.00000142277688
-1.42283045721435e-06,0.881837683367902,0.118162316632098,0.881837683367902,1.00000140296442
-1.40328908478587e-06,0.881020947898793,0.118979052101207,0.881020947898793,1.0000013834241
-1.38401609657313e-06,0.880198595070169,0.119801404929831,0.880198595070169,1.00000136415218
-1.36500780654601e-06,0.879370586735221,0.120629413264779,0.879370586735221,1.00000134514496
-1.34626057929891e-06,0.878536884497405,0.121463115502595,0.878536884497405,1.00000132639881
-1.32777082935543e-06,0.877697449709007,0.122302550290993,0.877697449709007,1.00000130791015
-1.30953502048267e-06,0.876852243469705,0.123147756530295,0.876852243469705,1.00000128967544
-1.29154966501488e-06,0.876001226625117,0.123998773374883,0.876001226625117,1.00000127169119
-1.27381132318648e-06,0.875144359765364,0.124855640234636,0.875144359765364,1.00000125395397
-1.25631660247412e-06,0.874281603223613,0.125718396776387,0.874281603223613,1.00000123646037
-1.23906215694792e-06,0.873412917074623,0.126587082925377,0.873412917074623,1.00000121920707
-1.22204468663149e-06,0.872538261133297,0.127461738866703,0.872538261133297,1.00000120219074
-1.20526093687084e-06,0.871657594953214,0.128342405046786,0.871657594953214,1.00000118540815
-1.1887076977119e-06,0.870770877825176,0.129229122174824,0.870770877825176,1.00000116885608
-1.1723818032866e-06,0.869878068775738,0.130121931224262,0.869878068775738,1.00000115253137
-1.15628013120738e-06,0.868979126565749,0.131020873434251,0.868979126565749,1.00000113643088
-1.14039960197003e-06,0.868074009688882,0.131925990311118,0.868074009688882,1.00000112055155
-1.12473717836475e-06,0.867162676370165,0.132837323629835,0.867162676370165,1.00000110489034
-1.10928986489522e-06,0.866245084564511,0.133754915435489,0.866245084564511,1.00000108944425
-1.09405470720574e-06,0.865321191955249,0.134678808044751,0.865321191955249,1.00000107421033
-1.07902879151618e-06,0.864390955952647,0.135609044047353,0.864390955952647,1.00000105918565
-1.06420924406472e-06,0.863454333692444,0.136545666307556,0.863454333692444,1.00000104436736
-1.04959323055823e-06,0.862511282034372,0.137488717965628,0.862511282034372,1.00000102975261
-1.03517795563018e-06,0.861561757560684,0.138438242439316,0.861561757560684,1.00000101533862
-1.02096066230605e-06,0.86060571657468,0.13939428342532,0.86060571657468,1.00000100112261
-1.00693863147603e-06,0.859643115099229,0.140356884900771,0.859643115099229,1.00000098710189
-9.9310918137498e-07,0.858673908875303,0.141326091124697,0.858673908875303,1.00000097327375
-9.79469667069539e-07,0.857698053360495,0.142301946639505,0.857698053360495,1.00000095963556
-9.66017479952265e-07,0.856715503727555,0.143284496272445,0.856715503727555,1.00000094618471
-9.5275004724273e-07,0.855726214862916,0.144273785137084,0.855726214862916,1.00000093291863
-9.39664831495469e-07,0.854730141365222,0.145269858634778,0.854730141365222,1.00000091983477
-9.26759330114688e-07,0.853727237543869,0.146272762456131,0.853727237543869,1.00000090693065
-9.14031074875622e-07,0.852717457417531,0.147282542582469,0.852717457417531,1.00000089420378
-9.01477631452492e-07,0.851700754712706,0.148299245287294,0.851700754712706,1.00000088165173
-8.89096598952917e-07,0.850677082862252,0.149322917137748,0.850677082862252,1.00000086927212
-8.76885609458743e-07,0.849646395003933,0.150353604996067,0.849646395003933,1.00000085706255
-8.64842327573173e-07,0.848608643978966,0.151391356021034,0.848608643978966,1.00000084502071
-8.52964449974102e-07,0.847563782330574,0.152436217669426,0.847563782330574,1.00000083314429
-8.41249704973612e-07,0.846511762302545,0.153488237697455,0.846511762302545,1.00000082143101
-8.29695852083491e-07,0.845452535837788,0.154547464162212,0.845452535837788,1.00000080987863
-8.18300681586739e-07,0.844386054576906,0.155613945423094,0.844386054576906,1.00000079848496
-8.07062014114951e-07,0.843312269856765,0.156687730143235,0.843312269856765,1.0000007872478
-7.95977700231498e-07,0.842231132709073,0.157768867290927,0.842231132709073,1.00000077616501
-7.85045620020451e-07,0.841142593858972,0.158857406141028,0.841142593858972,1.00000076523446
-7.74263682681128e-07,0.840046603723623,0.159953396276377,0.840046603723623,1.00000075445408
-7.63629826128224e-07,0.838943112410813,0.161056887589187,0.838943112410813,1.00000074382179
-7.53142016597438e-07,0.837832069717562,0.162167930282438,0.837832069717562,1.00000073333556
-7.42798248256491e-07,0.836713425128744,0.163286574871256,0.836713425128744,1.00000072299339
-7.32596542821523e-07,0.835587127815711,0.16441287218429,0.835587127815711,1.00000071279329
-7.22534949178722e-07,0.834453126634934,0.165546873365066,0.834453126634934,1.00000070273332
-7.12611543011174e-07,0.833311370126654,0.166688629873346,0.833311370126654,1.00000069281156
-7.02824426430834e-07,0.832161806513536,0.167838193486464,0.832161806513536,1.0000006830261
-6.9317172761554e-07,0.831004383699347,0.168995616300653,0.831004383699347,1.00000067337508
-6.83651600451024e-07,0.829839049267637,0.170160950732363,0.829839049267637,1.00000066385664
-6.74262224177835e-07,0.82866575048044,0.17133424951956,0.82866575048044,1.00000065446897
-6.65001803043112e-07,0.827484434276984,0.172515565723016,0.827484434276984,1.00000064521027
-6.55868565957142e-07,0.82629504727242,0.17370495272758,0.82629504727242,1.00000063607877
-6.46860766154632e-07,0.825097535756565,0.174902464243435,0.825097535756565,1.00000062707273
-6.37976680860628e-07,0.82389184569266,0.17610815430734,0.82389184569266,1.00000061819042
-6.29214610961035e-07,0.822677922716148,0.177322077283852,0.822677922716148,1.00000060943014
-6.2057288067765e-07,0.821455712133468,0.178544287866532,0.821455712133468,1.00000060079022
-6.12049837247669e-07,0.820225158920868,0.179774841079132,0.820225158920868,1.000000592269
-6.03643850607586e-07,0.818986207723242,0.181013792276758,0.818986207723242,1.00000058386486
-5.95353313081437e-07,0.817738802852982,0.182261197147018,0.817738802852982,1.00000057557619
-5.87176639073326e-07,0.816482888288856,0.183517111711144,0.816482888288856,1.00000056740139
-5.79112264764176e-07,0.815218407674906,0.184781592325094,0.815218407674906,1.00000055933892
-5.71158647812642e-07,0.813945304319375,0.186054695680625,0.813945304319375,1.00000055138722
-5.63314267060135e-07,0.812663521193652,0.187336478806348,0.812663521193652,1.00000054354478
-5.55577622239888e-07,0.811373000931249,0.188626999068751,0.811373000931249,1.00000053581009
-5.47947233690029e-07,0.810073685826806,0.189926314173194,0.810073685826806,1.00000052818168
-5.40421642070592e-07,0.808765517835116,0.191234482164884,0.808765517835116,1.00000052065808
-5.32999408084408e-07,0.80744843857019,0.19255156142981,0.80744843857019,1.00000051323787
-5.25679112201842e-07,0.80612238930435,0.19387761069565,0.80612238930435,1.00000050591961
-5.18459354389291e-07,0.804787310967351,0.195212689032649,0.804787310967351,1.00000049870191
-5.11338753841433e-07,0.803443144145542,0.196556855854458,0.803443144145542,1.00000049158339
-5.04315948717136e-07,0.802089829081057,0.197910170918943,0.802089829081057,1.00000048456268
-4.97389595879006e-07,0.800727305671049,0.199272694328951,0.800727305671049,1.00000047763845
-4.90558370636505e-07,0.799355513466957,0.200644486533043,0.799355513466957,1.00000047080937
-4.83820966492596e-07,0.797974391673818,0.202025608326181,0.797974391673818,1.00000046407413
-4.77176094893875e-07,0.796583879149615,0.203416120850385,0.796583879149615,1.00000045743145
-4.70622484984128e-07,0.795183914404671,0.204816085595329,0.795183914404671,1.00000045088005
-4.64158883361277e-07,0.793774435601092,0.206225564398908,0.793774435601092,1.00000044441868
-4.57784053837662e-07,0.792355380552251,0.207644619447749,0.792355380552251,1.0000004380461
-4.5149677720361e-07,0.790926686722324,0.209073313277676,0.790926686722324,1.00000043176111
-4.45295850994266e-07,0.789488291225874,0.210511708774126,0.789488291225874,1.00000042556249
-4.39180089259609e-07,0.788040130827496,0.211959869172504,0.788040130827496,1.00000041944905
-4.33148322337639e-07,0.786582141941504,0.213417858058496,0.786582141941504,1.00000041341964
-4.27199396630678e-07,0.785114260631689,0.214885739368311,0.785114260631689,1.00000040747309
-4.21332174384729e-07,0.783636422611125,0.216363577388875,0.783636422611125,1.00000040160827
-4.15545533471888e-07,0.782148563242045,0.217851436757955,0.782148563242045,1.00000039582405
-4.09838367175726e-07,0.780650617535776,0.219349382464224,0.780650617535776,1.00000039011934
-4.0420958397963e-07,0.779142520152746,0.220857479847254,0.779142520152746,1.00000038449304
-3.98658107358044e-07,0.777624205402552,0.222375794597448,0.777624205402552,1.00000037894407
-3.93182875570577e-07,0.776095607244114,0.223904392755886,0.776095607244114,1.00000037347137
-3.87782841458946e-07,0.774556659285886,0.225443340714114,0.774556659285886,1.00000036807389
-3.824569722467e-07,0.773007294786163,0.226992705213837,0.773007294786163,1.00000036275061
-3.77204249341699e-07,0.771447446653454,0.228552553346546,0.771447446653454,1.00000035750051
-3.72023668141307e-07,0.769877047446949,0.230122952553051,0.769877047446949,1.00000035232257
-3.66914237840249e-07,0.76829602937707,0.23170397062293,0.76829602937707,1.00000034721581
-3.61874981241128e-07,0.766704324306111,0.233295675693889,0.766704324306111,1.00000034217926
-3.56904934567523e-07,0.765101863748972,0.234898136251028,0.765101863748972,1.00000033721194
-3.52003147279668e-07,0.763488578873998,0.236511421126002,0.763488578873998,1.00000033231292
-3.47168681892656e-07,0.761864400503909,0.238135599496091,0.761864400503909,1.00000032748124
-3.42400613797143e-07,0.760229259116842,0.239770740883158,0.760229259116842,1.000000322716
-3.37698031082509e-07,0.758583084847501,0.241416915152499,0.758583084847501,1.00000031801627
-3.33060034362459e-07,0.756925807488423,0.243074192511577,0.756925807488423,1.00000031338116
-3.28485736603004e-07,0.755257356491355,0.244742643508645,0.755257356491355,1.00000030880978
-3.2397426295282e-07,0.753577660968765,0.246422339031235,0.753577660968765,1.00000030430126
-3.19524750575921e-07,0.751886649695467,0.248113350304533,0.751886649695467,1.00000029985473
-3.15136348486648e-07,0.75018425111039,0.24981574888961,0.75018425111039,1.00000029546935
-3.10808217386906e-07,0.748470393318476,0.251529606681524,0.748470393318476,1.00000029114427
-3.06539529505652e-07,0.746745004092727,0.253254995907273,0.746745004092727,1.00000028687867
-3.02329468440578e-07,0.745008010876394,0.254991989123606,0.745008010876394,1.00000028267173
-2.98177229001967e-07,0.743259340785322,0.256740659214678,0.743259340785322,1.00000027852265
-2.94082017058707e-07,0.741498920610458,0.258501079389542,0.741498920610458,1.00000027443063
-2.90043049386399e-07,0.739726676820516,0.260273323179484,0.739726676820516,1.00000027039489
-2.86059553517574e-07,0.737942535564826,0.262057464435174,0.737942535564826,1.00000026641467
-2.82130767593947e-07,0.73614642267635,0.26385357732365,0.73614642267635,1.00000026248919
-2.78255940220713e-07,0.734338263674891,0.265661736325109,0.734338263674891,1.00000025861771
-2.74434330322837e-07,0.732517983770488,0.267482016229512,0.732517983770488,1.00000025479948
-2.70665207003324e-07,0.730685507867022,0.269314492132978,0.730685507867022,1.00000025103378
-2.66947849403432e-07,0.728840760566015,0.271159239433985,0.728840760566015,1.00000024731989
-2.63281546564802e-07,0.726983666170657,0.273016333829343,0.726983666170657,1.00000024365709
-2.59665597293487e-07,0.725114148690051,0.274885851309949,0.725114148690051,1.00000024004469
-2.56099310025846e-07,0.723232131843688,0.276767868156312,0.723232131843688,1.00000023648199
-2.52582002696278e-07,0.721337539066176,0.278662460933824,0.721337539066176,1.00000023296831
-2.49113002606779e-07,0.719430293512202,0.280569706487798,0.719430293512202,1.00000022950299
-2.45691646298279e-07,0.717510318061771,0.282489681938229,0.717510318061771,1.00000022608535
-2.4231727942376e-07,0.715577535325704,0.284422464674296,0.715577535325704,1.00000022271475
-2.38989256623105e-07,0.713631867651427,0.286368132348573,0.713631867651427,1.00000021939053
-2.35706941399673e-07,0.711673237129045,0.288326762870955,0.711673237129045,1.00000021611208
-2.32469705998565e-07,0.709701565597721,0.290298434402279,0.709701565597721,1.00000021287874
-2.29276931286565e-07,0.707716774652377,0.292283225347623,0.707716774652377,1.00000020968992
-2.26128006633728e-07,0.705718785650714,0.294281214349286,0.705718785650714,1.000000206545
-2.23022329796594e-07,0.70370751972058,0.29629248027942,0.70370751972058,1.00000020344337
-2.19959306803007e-07,0.701682897767687,0.298317102232313,0.701682897767687,1.00000020038445
-2.16938351838518e-07,0.699644840483702,0.300355159516298,0.699644840483702,1.00000019736764
-2.13958887134342e-07,0.697593268354716,0.302406731645284,0.697593268354716,1.00000019439238
-2.1102034285686e-07,0.695528101670112,0.304471898329888,0.695528101670112,1.00000019145809
-2.08122156998634e-07,0.69344926053185,0.30655073946815,0.69344926053185,1.00000018856422
-2.05263775270925e-07,0.691356664864179,0.308643335135821,0.691356664864179,1.0000001857102
-2.0244465099768e-07,0.689250234423799,0.310749765576201,0.689250234423799,1.0000001828955
-1.99664245010979e-07,0.687129888810486,0.312870111189515,0.687129888810486,1.00000018011957
-1.96922025547917e-07,0.6849955474782,0.3150044525218,0.6849955474782,1.00000017738189
-1.94217468148903e-07,0.682847129746704,0.317152870253296,0.682847129746704,1.00000017468192
-1.91550055557353e-07,0.680684554813698,0.319315445186302,0.680684554813698,1.00000017201916
-1.88919277620766e-07,0.678507741767503,0.321492258232497,0.678507741767503,1.0000001693931
-1.86324631193156e-07,0.676316609600309,0.323683390399691,0.676316609600309,1.00000016680323
-1.83765620038817e-07,0.674111077222017,0.325888922777983,0.674111077222017,1.00000016424905
-1.81241754737424e-07,0.671891063474692,0.328108936525308,0.671891063474692,1.00000016173009
-1.78752552590424e-07,0.669656487147658,0.330343512852342,0.669656487147658,1.00000015924585
-1.7629753752872e-07,0.667407266993254,0.332592733006746,0.667407266993254,1.00000015679587
-1.73876240021625e-07,0.665143321743287,0.334856678256713,0.665143321743287,1.00000015437967
-1.71488196987054e-07,0.662864570126207,0.337135429873793,0.662864570126207,1.0000001519968
-1.69132951702965e-07,0.660570930885026,0.339429069114974,0.660570930885026,1.00000014964679
-1.66810053720006e-07,0.658262322796031,0.341737677203969,0.658262322796031,1.0000001473292
-1.64519058775366e-07,0.6559386646883,0.3440613353117,0.6559386646883,1.00000014504359
-1.62259528707809e-07,0.653599875464075,0.346400124535925,0.653599875464075,1.00000014278951
-1.6003103137387e-07,0.651245874120015,0.348754125879985,0.651245874120015,1.00000014056655
-1.57833140565212e-07,0.648876579769371,0.351123420230629,0.648876579769371,1.00000013837426
-1.55665435927106e-07,0.646491911665125,0.353508088334875,0.646491911665125,1.00000013621224
-1.53527502878042e-07,0.644091789224124,0.355908210775876,0.644091789224124,1.00000013408007
-1.51418932530435e-07,0.64167613205226,0.35832386794774,0.64167613205226,1.00000013197735
-1.49339321612425e-07,0.63924485997074,0.36075514002926,0.63924485997074,1.00000012990366
-1.4728827239075e-07,0.636797893043481,0.363202106956519,0.636797893043481,1.00000012785863
-1.45265392594678e-07,0.634335151605699,0.365664848394301,0.634335151605699,1.00000012584184
-1.43270295340983e-07,0.631856556293723,0.368143443706277,0.631856556293723,1.00000012385293
-1.41302599059953e-07,0.629362028076096,0.370637971923904,0.629362028076096,1.00000012189151
-1.39361927422414e-07,0.62685148828602,0.37314851171398,0.62685148828602,1.0000001199572
-1.37447909267754e-07,0.624324858655197,0.375675141344803,0.624324858655197,1.00000011804964
-1.35560178532937e-07,0.621782061349133,0.378217938650867,0.621782061349133,1.00000011616846
-1.33698374182495e-07,0.619223019003969,0.380776980996031,0.619223019003969,1.0000001143133
-1.31862140139475e-07,0.616647654764892,0.383352345235108,0.616647654764892,1.00000011248381
-1.30051125217341e-07,0.614055892326217,0.385944107673783,0.614055892326217,1.00000011067964
-1.28264983052806e-07,0.611447655973197,0.388552344026803,0.611447655973197,1.00000010890044
-1.2650337203959e-07,0.608822870625648,0.391177129374352,0.608822870625648,1.00000010714588
-1.24765955263087e-07,0.606181461883454,0.393818538116546,0.606181461883454,1.00000010541562
-1.23052400435926e-07,0.603523356074054,0.396476643925946,0.603523356074054,1.00000010370933
-1.21362379834424e-07,0.60084848030199,0.39915151969801,0.60084848030199,1.00000010202669
-1.19695570235904e-07,0.598156762500607,0.401843237499393,0.598156762500607,1.00000010036737
-1.18051652856881e-07,0.595448131486001,0.404551868513999,0.595448131486001,1.00000009873106
-1.16430313292088e-07,0.592722517013323,0.407277482986677,0.592722517013323,1.00000009711744
-1.14831241454351e-07,0.589979849835537,0.410020150164463,0.589979849835537,1.00000009552621
-1.13254131515281e-07,0.587220061764749,0.412779938235251,0.587220061764749,1.00000009395707
-1.11698681846782e-07,0.584443085736215,0.415556914263785,0.584443085736215,1.00000009240971
-1.10164594963366e-07,0.581648855875167,0.418351144124833,0.581648855875167,1.00000009088384
-1.08651577465254e-07,0.578837307566557,0.421162692433443,0.578837307566557,1.00000008937918
-1.07159339982267e-07,0.57600837752789,0.42399162247211,0.57600837752789,1.00000008789542
-1.05687597118481e-07,0.573162003885247,0.426837996114753,0.573162003885247,1.0000000864323
-1.0423606739764e-07,0.570298126252675,0.429701873747326,0.570298126252675,1.00000008498953
-1.02804473209331e-07,0.567416685815089,0.432583314184911,0.567416685815089,1.00000008356684
-1.01392540755881e-07,0.564517625414841,0.435482374585159,0.564517625414841,1.00000008216396
-1e-07,0.561600889642139,0.438399110357861,0.561600889642139,1.00000008078062
-9.86265846131283e-08,0.558666424929475,0.441333575070525,0.558666424929475,1.00000007941656
-9.72720319245054e-08,0.555714179650276,0.444285820349723,0.555714179650276,1.00000007807152
-9.59360828709315e-08,0.55274410422195,0.44725589577805,0.55274410422195,1.00000007674524
-9.46184819472199e-08,0.549756151213532,0.450243848786468,0.549756151213532,1.00000007543747
-9.33189771573324e-08,0.546750275458174,0.453249724541826,0.546750275458174,1.00000007414796
-9.20373199661823e-08,0.543726434170661,0.456273565829339,0.543726434170661,1.00000007287648
-9.07732652521022e-08,0.540684587070228,0.459315412929772,0.540684587070228,1.00000007162277
-8.9526571259964e-08,0.5376246965089,0.4623753034911,0.5376246965089,1.0000000703866
-8.82969995549408e-08,0.534546727605628,0.465453272394372,0.534546727605628,1.00000006916774
-8.70843149769072e-08,0.531450648386484,0.468549351613516,0.531450648386484,1.00000006796596
-8.58882855954626e-08,0.528336429931206,0.471663570068794,0.528336429931206,1.00000006678102
-8.4708682665574e-08,0.525204046526385,0.474795953473615,0.525204046526385,1.0000000656127
-8.35452805838287e-08,0.522053475825617,0.477946524174383,0.522053475825617,1.00000006446079
-8.23978568452851e-08,0.518884699016919,0.481115300983081,0.518884699016919,1.00000006332507
-8.12661920009195e-08,0.515697700997795,0.484302299002205,0.515697700997795,1.00000006220531
-8.01500696156541e-08,0.512492470558256,0.487507529441744,0.512492470558256,1.00000006110132
-7.90492762269642e-08,0.509269000572213,0.490730999427787,0.509269000572213,1.00000006001287
-7.79636013040524e-08,0.506027288197604,0.493972711802396,0.506027288197604,1.00000005893978
-7.68928372075831e-08,0.502767335085672,0.497232664914328,0.502767335085672,1.00000005788183
-7.58367791499719e-08,0.499489147599821,0.500510852400179,0.499489147599821,1.00000005683882
-7.47952251562183e-08,0.496192737044484,0.503807262955516,0.496192737044484,1.00000005581057
-7.37679760252773e-08,0.492878119904473,0.507121880095527,0.492878119904473,1.00000005479687
-7.27548352919623e-08,0.489545318095294,0.510454681904706,0.489545318095294,1.00000005379755
-7.17556091893692e-08,0.486194359224907,0.513805640775093,0.486194359224907,1.0000000528124
-7.07701066118189e-08,0.482825276867488,0.517174723132512,0.482825276867488,1.00000005184125
-6.97981390783067e-08,0.479438110849689,0.520561889150311,0.479438110849689,1.00000005088391
-6.8839520696455e-08,0.476032907549995,0.523967092450005,0.476032907549995,1.00000004994021
-6.78940681269611e-08,0.472609720211733,0.527390279788267,0.472609720211733,1.00000004900998
-6.69616005485322e-08,0.469168609270348,0.530831390729652,0.469168609270348,1.00000004809303
-6.60419396233031e-08,0.465709642695553,0.534290357304447,0.465709642695553,1.0000000471892
-6.51349094627281e-08,0.462232896349008,0.537767103650992,0.462232896349008,1.00000004629832
-6.42403365939419e-08,0.458738454358174,0.541261545641826,0.458738454358174,1.00000004542023
-6.33580499265825e-08,0.455226409507019,0.544773590492981,0.455226409507019,1.00000004455476
-6.24878807200689e-08,0.451696863644273,0.548303136355727,0.451696863644273,1.00000004370175
-6.16296625513294e-08,0.448149928109936,0.551850071890064,0.448149928109936,1.00000004286106
-6.07832312829724e-08,0.444585724180754,0.555414275819246,0.444585724180754,1.00000004203252
-5.99484250318941e-08,0.441004383535393,0.558995616464607,0.441004383535393,1.00000004121598
-5.91250841383188e-08,0.437406048740059,0.562593951259941,0.437406048740059,1.00000004041129
-5.83130511352622e-08,0.433790873755283,0.566209126244717,0.433790873755283,1.00000003961831
-5.75121707184161e-08,0.43015902446463,0.56984097553537,0.43015902446463,1.00000003883689
-5.67222897164455e-08,0.426510679226056,0.573489320773944,0.426510679226056,1.0000000380669
-5.59432570616938e-08,0.42284602944663,0.57715397055337,0.42284602944663,1.00000003730818
-5.51749237612913e-08,0.419165280181345,0.580834719818655,0.419165280181345,1.00000003656062
-5.44171428686589e-08,0.415468650756668,0.584531349243332,0.415468650756668,1.00000003582406
-5.36697694554048e-08,0.4117563754195,0.5882436245805,0.4117563754195,1.00000003509839
-5.29326605836057e-08,0.408028704012122,0.591971295987878,0.408028704012122,1.00000003438347
-5.22056752784698e-08,0.404285902673677,0.595714097326323,0.404285902673677,1.00000003367917
-5.1488674501375e-08,0.40052825456866,0.59947174543134,0.40052825456866,1.00000003298538
-5.07815211232767e-08,0.396756060642785,0.603243939357215,0.396756060642785,1.00000003230196
-5.00840798984821e-08,0.392969640406528,0.607030359593472,0.392969640406528,1.0000000316288
-4.93962174387833e-08,0.389169332746482,0.610830667253518,0.389169332746482,1.00000003096579
-4.87178021879463e-08,0.38535549676455,0.61464450323545,0.38535549676455,1.00000003031281
-4.80487043965513e-08,0.381528512644815,0.618471487355185,0.381528512644815,1.00000002966974
-4.73887960971765e-08,0.377688782547722,0.622311217452278,0.377688782547722,1.00000002903648
-4.67379510799246e-08,0.373836731530999,0.626163268469001,0.373836731530999,1.00000002841291
-4.60960448682844e-08,0.369972808496477,0.630027191503523,0.369972808496477,1.00000002779895
-4.5462954695324e-08,0.366097487161653,0.633902512838347,0.366097487161653,1.00000002719447
-4.48385594802119e-08,0.362211267054536,0.637788732945464,0.362211267054536,1.00000002659938
-4.4222739805059e-08,0.358314674529895,0.641685325470105,0.358314674529895,1.00000002601358
-4.36153778920801e-08,0.354408263804635,0.645591736195365,0.354408263804635,1.00000002543698
-4.3016357581068e-08,0.350492618009509,0.649507381990491,0.350492618009509,1.00000002486948
-4.24255643071778e-08,0.346568350253865,0.653431649746135,0.346568350253865,1.000000024311
-4.18428850790158e-08,0.342636104699512,0.657363895300488,0.342636104699512,1.00000002376143
-4.12682084570295e-08,0.338696557639126,0.661303442360874,0.338696557639126,1.0000000232207
-4.07014245321944e-08,0.334750418573916,0.665249581426084,0.334750418573916,1.00000002268872
