1e-09,0.952380719227328,0.0022675959013136,0.0907033697427174,0.907029034355969,0.999999999000005
1.01392540755881e-09,0.952380715979903,0.00226759621059373,0.090703375619006,0.9070290281704,0.99999999898608
1.02804473209331e-09,0.952380712687255,0.00226759652418091,0.0907033815771274,0.907029021898692,0.99999999897196
1.0423606739764e-09,0.952380709348754,0.00226759684213512,0.0907033876182214,0.907029015539644,0.999999998957645
1.05687597118481e-09,0.952380705963761,0.00226759716451717,0.0907033937434435,0.907029009092039,0.999999998943129
1.07159339982267e-09,0.952380702531629,0.00226759749138873,0.0907033999539652,0.907029002554646,0.999999998928412
1.08651577465254e-09,0.9523806990517,0.00226759782281233,0.0907034062509745,0.907028995926213,0.99999999891349
1.10164594963365e-09,0.952380695523311,0.00226759815885135,0.090703412635676,0.907028989205473,0.99999999889836
1.11698681846782e-09,0.952380691945785,0.00226759849957008,0.0907034191092908,0.907028982391139,0.999999998883019
1.13254131515281e-09,0.952380688318438,0.00226759884503369,0.0907034256730571,0.907028975481909,0.999999998867464
1.14831241454351e-09,0.952380684640576,0.00226759919530826,0.0907034323282306,0.907028968476461,0.999999998851694
1.16430313292088e-09,0.952380680911497,0.0022675995504608,0.0907034390760841,0.907028961373455,0.999999998835703
1.1805165285688e-09,0.952380677130486,0.00226759991055923,0.0907034459179085,0.907028954171532,0.99999999881949
1.19695570235905e-09,0.952380673296821,0.00226760027567243,0.0907034528550124,0.907028946869315,0.99999999880305
1.21362379834424e-09,0.952380669409768,0.00226760064587026,0.0907034598887227,0.907028939465407,0.999999998786382
1.23052400435926e-09,0.952380665468584,0.00226760102122351,0.0907034670203849,0.907028931958392,0.999999998769482
1.24765955263087e-09,0.952380661472514,0.002267601401804,0.0907034742513631,0.907028924346833,0.999999998752347
1.2650337203959e-09,0.952380657420795,0.00226760178768451,0.0907034815830404,0.907028916629275,0.999999998734973
1.28264983052806e-09,0.952380653312652,0.00226760217893886,0.0907034890168193,0.907028908804242,0.999999998717357
1.30051125217341e-09,0.952380649147297,0.0022676025756419,0.0907034965541217,0.907028900870236,0.999999998699496
1.31862140139475e-09,0.952380644923936,0.0022676029778695,0.0907035041963893,0.907028892825741,0.999999998681385
1.33698374182495e-09,0.952380640641759,0.00226760338569861,0.0907035119450841,0.907028884669217,0.999999998663023
1.35560178532937e-09,0.952380636299949,0.00226760379920725,0.0907035198016881,0.907028876399105,0.999999998644405
1.37447909267754e-09,0.952380631897673,0.0022676042184745,0.0907035277677042,0.907028868013821,0.999999998625528
1.39361927422414e-09,0.952380627434091,0.00226760464358057,0.0907035358446562,0.907028859511763,0.999999998606388
1.41302599059953e-09,0.952380622908349,0.00226760507460677,0.0907035440340891,0.907028850891304,0.999999998586981
1.43270295340983e-09,0.95238061831958,0.00226760551163557,0.0907035523375694,0.907028842150795,0.999999998567305
1.45265392594678e-09,0.952380613666907,0.00226760595475055,0.0907035607566853,0.907028833288564,0.999999998547354
1.4728827239075e-09,0.95238060894944,0.00226760640403648,0.0907035692930475,0.907028824302916,0.999999998527125
1.49339321612425e-09,0.952380604166276,0.00226760685957931,0.0907035779482887,0.907028815192132,0.999999998506614
1.51418932530435e-09,0.952380599316502,0.00226760732146617,0.0907035867240646,0.907028805954469,0.999999998485819
1.53527502878042e-09,0.952380594399188,0.00226760778978542,0.0907035956220539,0.907028796588161,0.999999998464733
1.55665435927106e-09,0.952380589413394,0.00226760826462665,0.0907036046439585,0.907028787091415,0.999999998443354
1.57833140565212e-09,0.952380584358167,0.00226760874608068,0.0907036137915044,0.907028777462415,0.999999998421677
1.6003103137387e-09,0.95238057923254,0.00226760923423963,0.0907036230664414,0.907028767699319,0.999999998399698
1.62259528707809e-09,0.952380574035531,0.00226760972919686,0.0907036324705436,0.90702875780026,0.999999998377413
1.64519058775366e-09,0.952380568766148,0.00226761023104707,0.0907036420056099,0.907028747763343,0.999999998354818
1.66810053720006e-09,0.952380563423382,0.00226761073988625,0.0907036516734642,0.907028737586649,0.999999998331908
1.69132951702965e-09,0.95238055800621,0.00226761125581174,0.090703661475956,0.907028727268232,0.999999998308679
1.71488196987054e-09,0.952380552513598,0.00226761177892224,0.0907036714149604,0.907028716806117,0.999999998285127
1.73876240021625e-09,0.952380546944493,0.00226761230931781,0.0907036814923786,0.907028706198304,0.999999998261247
1.7629753752872e-09,0.952380541297831,0.00226761284709992,0.0907036917101384,0.907028695442762,0.999999998237034
1.78752552590423e-09,0.952380535572531,0.00226761339237145,0.0907037020701942,0.907028684537434,0.999999998212484
1.81241754737424e-09,0.952380529767499,0.0022676139452367,0.090703712574528,0.907028673480235,0.999999998187592
1.83765620038817e-09,0.952380523881624,0.00226761450580143,0.0907037232251491,0.907028662269049,0.999999998162353
1.86324631193156e-09,0.95238051791378,0.00226761507417289,0.0907037340240948,0.907028650901732,0.999999998136763
1.88919277620766e-09,0.952380511862825,0.0022676156504598,0.0907037449734311,0.907028639376109,0.999999998110817
1.91550055557352e-09,0.952380505727601,0.00226761623477241,0.0907037560752525,0.907028627689975,0.999999998084509
1.94217468148903e-09,0.952380499506936,0.00226761682722249,0.0907037673316826,0.907028615841095,0.999999998057835
1.96922025547917e-09,0.952380493199639,0.00226761742792338,0.0907037787448748,0.907028603827202,0.99999999803079
1.99664245010979e-09,0.952380486804504,0.00226761803699,0.0907037903170123,0.907028591645998,0.999999998003368
2.0244465099768e-09,0.952380480320307,0.00226761865453887,0.090703802050309,0.907028579295152,0.999999997975564
2.05263775270925e-09,0.952380473745807,0.00226761928068812,0.0907038139470093,0.907028566772303,0.999999997947373
2.08122156998634e-09,0.952380467079748,0.00226761991555753,0.0907038260093891,0.907028554075053,0.999999997918789
2.1102034285686e-09,0.952380460320854,0.00226762055926857,0.0907038382397559,0.907028541200976,0.999999997889807
2.13958887134342e-09,0.952380453467831,0.00226762121194438,0.0907038506404493,0.907028528147606,0.999999997860422
2.16938351838518e-09,0.952380446519369,0.00226762187370982,0.0907038632138417,0.907028514912449,0.999999997830628
2.19959306803007e-09,0.952380439474139,0.00226762254469149,0.0907038759623383,0.90702850149297,0.999999997800418
2.23022329796594e-09,0.952380432330793,0.00226762322501776,0.0907038888883779,0.907028487886604,0.999999997769788
2.26128006633728e-09,0.952380425087965,0.00226762391481877,0.0907039019944333,0.907028474090748,0.999999997738732
2.29276931286565e-09,0.952380417744268,0.0022676246142265,0.0907039152830117,0.907028460102762,0.999999997707243
2.32469705998565e-09,0.952380410298298,0.00226762532337475,0.0907039287566553,0.90702844591997,0.999999997675315
2.35706941399672e-09,0.95238040274863,0.00226762604239918,0.0907039424179417,0.907028431539659,0.999999997642943
2.38989256623105e-09,0.952380395093821,0.00226762677143735,0.0907039562694842,0.907028416959078,0.99999999761012
2.4231727942376e-09,0.952380387332405,0.00226762751062875,0.0907039703139329,0.907028402175438,0.99999999757684
2.45691646298279e-09,0.952380379462898,0.00226762826011478,0.0907039845539745,0.907028387185911,0.999999997543096
2.49113002606779e-09,0.952380371483795,0.00226762902003883,0.0907039989923331,0.907028371987628,0.999999997508883
2.52582002696278e-09,0.952380363393568,0.00226762979054629,0.0907040136317711,0.907028356577683,0.999999997474193
2.56099310025846e-09,0.952380355190671,0.00226763057178458,0.090704028475089,0.907028340953126,0.99999999743902
2.59665597293487e-09,0.952380346873534,0.00226763136390315,0.0907040435251265,0.90702832511097,0.999999997403357
2.63281546564802e-09,0.952380338440565,0.00226763216705355,0.0907040587847628,0.907028309048184,0.999999997367198
2.66947849403432e-09,0.952380329890152,0.00226763298138943,0.0907040742569173,0.907028292761693,0.999999997330535
2.70665207003324e-09,0.952380321220658,0.00226763380706661,0.0907040899445499,0.907028276248383,0.999999997293362
2.74434330322837e-09,0.952380312430426,0.00226763464424304,0.090704105850662,0.907028259505095,0.999999997255671
2.78255940220713e-09,0.952380303517773,0.0022676354930789,0.0907041219782965,0.907028242528625,0.999999997217455
2.82130767593947e-09,0.952380294480994,0.00226763635373659,0.0907041383305389,0.907028225315724,0.999999997178707
2.86059553517574e-09,0.95238028531836,0.00226763722638078,0.0907041549105177,0.907028207863102,0.999999997139419
2.90043049386399e-09,0.952380276028119,0.00226763811117841,0.0907041717214048,0.907028190167417,0.999999997099585
2.94082017058707e-09,0.952380266608493,0.00226763900829878,0.0907041887664165,0.907028172225285,0.999999997059195
2.98177229001967e-09,0.95238025705768,0.00226763991791353,0.0907042060488137,0.907028154033273,0.999999997018243
3.02329468440578e-09,0.952380247373852,0.0022676408401967,0.090704223571903,0.9070281355879,0.999999996976721
3.06539529505652e-09,0.952380237555157,0.00226764177532474,0.0907042413390367,0.907028116885638,0.99999999693462
3.10808217386906e-09,0.952380227599716,0.00226764272347657,0.0907042593536143,0.907028097922909,0.999999996891934
3.15136348486648e-09,0.952380217505625,0.0022676436848336,0.0907042776190821,0.907028078696084,0.999999996848653
3.19524750575921e-09,0.952380207270953,0.00226764465957977,0.0907042961389348,0.907028059201485,0.999999996804769
3.2397426295282e-09,0.952380196893741,0.00226764564790158,0.0907043149167157,0.907028039435383,0.999999996760274
3.28485736603004e-09,0.952380186372003,0.00226764664998813,0.0907043339560174,0.907028019393994,0.99999999671516
3.33060034362458e-09,0.952380175703728,0.00226764766603116,0.0907043532604826,0.907027999073486,0.999999996669417
3.37698031082509e-09,0.952380164886872,0.00226764869622508,0.0907043728338048,0.90702797846997,0.999999996623037
3.42400613797143e-09,0.952380153919369,0.00226764974076698,0.0907043926797289,0.907027957579504,0.999999996576011
3.47168681892656e-09,0.952380142799117,0.00226765079985675,0.090704412802052,0.907027936398091,0.999999996528331
3.52003147279668e-09,0.952380131523991,0.00226765187369702,0.0907044332046239,0.907027914921679,0.999999996479986
3.56904934567522e-09,0.952380120091832,0.00226765296249327,0.0907044538913485,0.907027893146158,0.999999996430969
3.61874981241128e-09,0.952380108500454,0.00226765406645382,0.0907044748661836,0.907027871067363,0.999999996381269
3.66914237840249e-09,0.952380096747639,0.00226765518578991,0.0907044961331426,0.907027848681068,0.999999996330877
3.72023668141307e-09,0.952380084831137,0.00226765632071573,0.0907045176962943,0.90702782598299,0.999999996279783
3.77204249341699e-09,0.952380072748669,0.00226765747144843,0.0907045395597647,0.907027802968787,0.999999996227977
3.82456972246699e-09,0.952380060497923,0.0022676586382082,0.090704561727737,0.907027779634055,0.99999999617545
3.87782841458946e-09,0.952380048076555,0.00226765982121831,0.0907045842044527,0.907027755974329,0.999999996122191
3.93182875570577e-09,0.952380035482189,0.00226766102070512,0.0907046069942125,0.907027731985082,0.999999996068191
3.98658107358044e-09,0.952380022712413,0.00226766223689816,0.090704630101377,0.907027707661725,0.99999999601344
4.0420958397963e-09,0.952380009764786,0.00226766347003014,0.0907046535303675,0.907027682999602,0.999999995957925
4.09838367175725e-09,0.95237999663683,0.00226766472033704,0.0907046772856669,0.907027657993996,0.999999995901637
4.15545533471888e-09,0.952379983326032,0.0022676659880581,0.0907047013718206,0.907027632640121,0.999999995844566
4.21332174384729e-09,0.952379969829845,0.00226766727343592,0.0907047257934375,0.907027606933127,0.9999999957867
4.27199396630678e-09,0.952379956145688,0.00226766857671645,0.0907047505551904,0.907027580868093,0.999999995728028
4.33148322337639e-09,0.952379942270942,0.0022676698981491,0.0907047756618174,0.907027554440033,0.999999995668539
4.39180089259608e-09,0.952379928202952,0.00226767123798674,0.0907048011181227,0.90702752764389,0.999999995608222
4.45295850994266e-09,0.952379913939026,0.00226767259648576,0.0907048269289772,0.907027500474537,0.999999995547064
4.5149677720361e-09,0.952379899476434,0.00226767397390613,0.09070485309932,0.907027472926774,0.999999995485056
4.57784053837662e-09,0.952379884812409,0.00226767537051144,0.0907048796341587,0.90702744499533,0.999999995422183
4.64158883361277e-09,0.952379869944146,0.00226767678656896,0.0907049065385709,0.90702741667486,0.999999995358435
4.70622484984129e-09,0.952379854868798,0.00226767822234968,0.0907049338177048,0.907027387959946,0.999999995293799
4.77176094893875e-09,0.952379839583481,0.00226767967812835,0.0907049614767806,0.907027358845091,0.999999995228264
4.83820966492596e-09,0.952379824085271,0.00226768115418359,0.0907049895210909,0.907027329324726,0.999999995161815
4.90558370636505e-09,0.952379808371201,0.00226768265079786,0.0907050179560023,0.9070272993932,0.999999995094441
4.97389595879006e-09,0.952379792438264,0.00226768416825758,0.0907050467869561,0.907027269044786,0.999999995026129
5.04315948717137e-09,0.952379776283412,0.00226768570685316,0.0907050760194694,0.907027238273677,0.999999994956867
5.11338753841433e-09,0.952379759903553,0.00226768726687906,0.0907051056591364,0.907027207073985,0.999999994886639
5.18459354389291e-09,0.952379743295552,0.00226768884863383,0.0907051357116289,0.907027175439737,0.999999994815433
5.25679112201842e-09,0.952379726456231,0.00226769045242019,0.0907051661826981,0.907027143364882,0.999999994743236
5.32999408084408e-09,0.952379709382367,0.00226769207854508,0.0907051970781751,0.90702711084328,0.999999994670034
5.40421642070593e-09,0.952379692070694,0.00226769372731973,0.0907052284039724,0.907027077868708,0.999999994595811
5.47947233690029e-09,0.952379674517898,0.00226769539905967,0.0907052601660847,0.907027044434856,0.999999994520556
5.55577622239888e-09,0.95237965672062,0.00226769709408488,0.0907052923705907,0.907027010535324,0.999999994444252
5.63314267060135e-09,0.952379638675453,0.00226769881271977,0.0907053250236533,0.907026976163627,0.999999994366886
5.71158647812642e-09,0.952379620378946,0.00226770055529326,0.0907053581315215,0.907026941313185,0.999999994288443
5.79112264764177e-09,0.952379601827595,0.00226770232213888,0.0907053917005316,0.907026905977329,0.999999994208907
5.87176639073326e-09,0.952379583017851,0.00226770411359481,0.0907054257371079,0.907026870149297,0.999999994128264
5.95353313081437e-09,0.952379563946114,0.00226770593000391,0.0907054602477644,0.907026833822232,0.999999994046497
6.03643850607586e-09,0.952379544608733,0.00226770777171387,0.0907054952391059,0.90702679698918,0.999999993963592
6.12049837247669e-09,0.952379525002008,0.00226770963907718,0.0907055307178292,0.907026759643094,0.999999993879533
6.20572880677651e-09,0.952379505122186,0.00226771153245128,0.0907055666907244,0.907026721776824,0.999999993794303
6.29214610961035e-09,0.952379484965463,0.00226771345219856,0.0907056031646764,0.907026683383125,0.999999993707886
6.37976680860628e-09,0.952379464527981,0.0022677153986865,0.0907056401466658,0.907026644454648,0.999999993620266
6.46860766154632e-09,0.952379443805827,0.00226771737228766,0.0907056776437709,0.907026604983941,0.999999993531425
6.55868565957142e-09,0.952379422795036,0.00226771937337982,0.0907057156631683,0.907026564963452,0.999999993441348
6.65001803043113e-09,0.952379401491587,0.00226772140234604,0.0907057542121349,0.907026524385519,0.999999993350016
6.74262224177835e-09,0.952379379891401,0.00226772345957468,0.0907057932980487,0.907026483242377,0.999999993257412
6.83651600451024e-09,0.952379357990345,0.00226772554545956,0.090705832928391,0.90702644152615,0.999999993163519
6.9317172761554e-09,0.952379335784227,0.00226772766039994,0.090705873110747,0.907026399228853,0.999999993068318
7.02824426430834e-09,0.952379313268795,0.0022677298048007,0.0907059138528078,0.907026356342391,0.999999992971792
7.12611543011176e-09,0.952379290439742,0.00226773197907232,0.0907059551623717,0.907026312858556,0.999999992873921
7.22534949178722e-09,0.952379267292696,0.00226773418363104,0.0907059970473457,0.907026268769023,0.999999992774688
7.32596542821523e-09,0.952379243823228,0.00226773641889887,0.0907060395157472,0.907026224065354,0.999999992674072
7.42798248256491e-09,0.952379220026844,0.00226773868530373,0.090706082575705,0.907026178738991,0.999999992572056
7.53142016597436e-09,0.95237919589899,0.00226774098327949,0.0907061262354615,0.907026132781259,0.999999992468618
7.63629826128226e-09,0.952379171435047,0.00226774331326608,0.090706170503374,0.90702608618336,0.999999992363741
7.74263682681128e-09,0.952379146630332,0.00226774567570956,0.0907062153879163,0.907026038936374,0.999999992257403
7.85045620020451e-09,0.952379121480098,0.00226774807106222,0.0907062608976801,0.907025991031258,0.999999992149584
7.95977700231498e-09,0.952379095979529,0.00226775049978263,0.0907063070413773,0.90702594245884,0.999999992040264
8.07062014114949e-09,0.952379070123744,0.00226775296233578,0.0907063538278409,0.907025893209823,0.999999991929421
8.18300681586741e-09,0.952379043907793,0.00226775545919314,0.0907064012660273,0.90702584327478,0.999999991817035
8.29695852083492e-09,0.952379017326658,0.00226775799083275,0.0907064493650176,0.90702579264415,0.999999991703084
8.41249704973612e-09,0.952378990375251,0.00226776055773931,0.0907064981340197,0.907025741308241,0.999999991587546
8.52964449974102e-09,0.952378963048411,0.0022677631604043,0.0907065475823697,0.907025689257226,0.999999991470399
8.64842327573171e-09,0.952378935340907,0.00226776579932603,0.0907065977195339,0.90702563648114,0.999999991351621
8.76885609458744e-09,0.952378907247435,0.00226776847500977,0.0907066485551108,0.907025582969879,0.999999991231189
8.89096598952917e-09,0.952378878762616,0.00226777118796784,0.0907067000988325,0.9070255287132,0.99999999110908
9.01477631452492e-09,0.952378849880997,0.00226777393871971,0.0907067523605669,0.907025473700713,0.99999999098527
9.14031074875622e-09,0.952378820597048,0.00226777672779208,0.0907068053503196,0.907025417921888,0.999999990859736
9.26759330114686e-09,0.952378790905163,0.00226777955571901,0.0907068590782355,0.907025361366046,0.999999990732454
9.39664831495471e-09,0.952378760799657,0.00226778242304199,0.0907069135546011,0.907025304022357,0.9999999906034
9.5275004724273e-09,0.952378730274767,0.00226778533031009,0.0907069687898465,0.907025245879843,0.999999990472548
9.66017479952265e-09,0.952378699324646,0.00226778827808002,0.090707024794547,0.907025186927373,0.999999990339875
9.79469667069539e-09,0.952378667943371,0.00226779126691625,0.0907070815794255,0.907025127153658,0.999999990205354
9.93109181374978e-09,0.952378636124932,0.00226779429739115,0.0907071391553543,0.907025066547255,0.999999990068959
1.00693863147603e-08,0.952378603863236,0.00226779737008505,0.0907071975333577,0.907025005096557,0.999999989930666
1.02096066230605e-08,0.952378571152107,0.00226780048558638,0.0907072567246133,0.9070249427898,0.999999989790446
1.03517795563018e-08,0.952378537985281,0.00226780364449178,0.0907073167404549,0.907024879615053,0.999999989648274
1.04959323055823e-08,0.952378504356407,0.00226780684740622,0.0907073775923743,0.90702481556022,0.999999989504122
1.06420924406472e-08,0.952378470259045,0.00226781009494311,0.0907074392920234,0.907024750613033,0.999999989357962
1.07902879151618e-08,0.952378435686667,0.0022678133877244,0.0907075018512169,0.907024684761059,0.999999989209768
1.09405470720574e-08,0.952378400632652,0.00226781672638074,0.0907075652819342,0.907024617991685,0.999999989059509
1.10928986489522e-08,0.952378365090288,0.00226782011155156,0.0907076295963218,0.907024550292127,0.999999988907158
1.12473717836475e-08,0.952378329052767,0.00226782354388523,0.0907076948066954,0.907024481649419,0.999999988752686
1.14039960197003e-08,0.952378292513189,0.00226782702403915,0.0907077609255428,0.907024412050418,0.999999988596063
1.15628013120738e-08,0.952378255464557,0.00226783055267989,0.090707827965526,0.907024341481794,0.999999988437258
1.1723818032866e-08,0.952378217899775,0.00226783413048335,0.0907078959394833,0.907024269930033,0.999999988276242
1.1887076977119e-08,0.952378179811649,0.00226783775813482,0.0907079648604325,0.907024197381433,0.999999988112984
1.20526093687084e-08,0.952378141192884,0.00226784143632919,0.0907080347415728,0.907024123822098,0.999999987947453
1.22204468663149e-08,0.952378102036085,0.00226784516577102,0.0907081055962874,0.907024049237942,0.999999987779616
1.23906215694792e-08,0.952378062333752,0.00226784894717471,0.0907081774381466,0.907023973614679,0.999999987609442
1.25631660247412e-08,0.952378022078281,0.00226785278126465,0.0907082502809097,0.907023896937826,0.999999987436899
1.27381132318648e-08,0.952377981261961,0.0022678566687753,0.090708324138528,0.907023819192697,0.999999987261952
1.29154966501488e-08,0.952377939876975,0.0022678606104514,0.0907083990251476,0.907023740364401,0.99999998708457
1.30953502048267e-08,0.952377897915396,0.00226786460704809,0.0907084749551119,0.90702366043784,0.999999986904717
1.32777082935543e-08,0.952377855369187,0.00226786865933101,0.0907085519429645,0.907023579397705,0.99999998672236
1.34626057929891e-08,0.952377812230198,0.00226787276807652,0.0907086300034517,0.907023497228472,0.999999986537463
1.36500780654601e-08,0.952377768490165,0.00226787693407182,0.0907087091515259,0.907023413914402,0.999999986349992
1.38401609657313e-08,0.952377724140711,0.00226788115811507,0.0907087894023479,0.907023329439537,0.99999998615991
1.40328908478587e-08,0.952377679173339,0.0022678854410156,0.0907088707712902,0.907023243787694,0.999999985967181
1.42283045721435e-08,0.952377633579436,0.00226788978359401,0.0907089532739397,0.907023156942466,0.999999985771769
1.44264395121816e-08,0.952377587350267,0.00226789418668239,0.0907090369261009,0.907023068887217,0.999999985573635
1.46273335620113e-08,0.952377540476976,0.00226789865112441,0.090709121743799,0.907022979605077,0.999999985372742
1.4831025143361e-08,0.952377492950583,0.00226790317777554,0.0907092077432825,0.907022889078942,0.999999985169051
1.50375532129974e-08,0.952377444761983,0.00226790776750318,0.0907092949410271,0.90702279729147,0.999999984962524
1.52469572701757e-08,0.952377395901944,0.00226791242118687,0.0907093833537381,0.907022704225075,0.999999984753121
1.54592773641948e-08,0.952377346361104,0.00226791713971838,0.0907094729983541,0.907022609861928,0.999999984540802
1.56745541020559e-08,0.952377296129973,0.00226792192400198,0.0907095638920502,0.907022514183948,0.999999984325527
1.58928286562298e-08,0.952377245198925,0.00226792677495455,0.0907096560522413,0.907022417172804,0.999999984107253
1.61141427725302e-08,0.952377193558202,0.00226793169350575,0.090709749496585,0.907022318809909,0.99999998388594
1.63385387780986e-08,0.952377141197909,0.00226793668059825,0.0907098442429859,0.907022219076416,0.999999983661545
1.65660595894992e-08,0.952377088108013,0.00226794173718789,0.0907099403095982,0.907022117953214,0.999999983434026
1.67967487209265e-08,0.952377034278341,0.00226794686424382,0.0907100377148297,0.907022015420927,0.999999983203338
1.70306502925284e-08,0.952376979698579,0.00226795206274877,0.0907101364773451,0.907021911459906,0.999999982969437
1.72678090388436e-08,0.952376924358266,0.00226795733369916,0.0907102366160698,0.907021806050231,0.99999998273228
1.75082703173572e-08,0.952376868246798,0.00226796267810536,0.0907103381501932,0.907021699171701,0.99999998249182
1.77520801171764e-08,0.952376811353422,0.00226796809699181,0.0907104410991729,0.907021590803835,0.999999982248011
1.79992850678248e-08,0.952376753667234,0.00226797359139731,0.0907105454827381,0.907021480925865,0.999999982000808
1.82499324481615e-08,0.952376695177178,0.00226797916237513,0.0907106513208935,0.907021369516731,0.999999981750161
1.8504070195423e-08,0.952376635872045,0.00226798481099326,0.090710758633923,0.907021256555084,0.999999981496025
1.87617469143912e-08,0.952376575740469,0.00226799053833464,0.0907108674423938,0.907021142019272,0.99999998123835
1.90230118866895e-08,0.952376514770922,0.0022679963454973,0.0907109777671606,0.907021025887342,0.999999980977086
1.92879150802078e-08,0.952376452951721,0.00226800223359464,0.090711089629369,0.907020908137036,0.999999980712184
1.95565071586595e-08,0.952376390271014,0.0022680082037556,0.09071120305046,0.907020788745784,0.999999980443593
1.98288394912707e-08,0.952376326716788,0.00226801425712489,0.0907113180521742,0.907020667690701,0.999999980171263
2.0104964162605e-08,0.952376262276859,0.00226802039486324,0.0907114346565558,0.907020544948581,0.999999979895139
2.03849339825246e-08,0.952376196938874,0.00226802661814758,0.0907115528859568,0.907020420495896,0.999999979615171
2.06688024962908e-08,0.952376130690308,0.00226803292817128,0.0907116727630416,0.907020294308787,0.999999979331304
2.09566239948043e-08,0.95237606351846,0.00226803932614442,0.0907117943107911,0.907020166363065,0.999999979043484
2.12484535249888e-08,0.952375995410452,0.00226804581329395,0.0907119175525071,0.907020036634199,0.999999978751656
2.15443469003188e-08,0.952375926353227,0.002268052390864,0.0907120425118172,0.907019905097319,0.999999978455764
2.18443607114943e-08,0.952375856333544,0.00226805906011608,0.090712169212679,0.907019771727205,0.999999978155752
2.21485523372636e-08,0.952375785337978,0.00226806582232934,0.0907122976793848,0.907019636498286,0.999999977851562
2.24569799553977e-08,0.952375713352916,0.00226807267880078,0.0907124279365662,0.907019499384633,0.999999977543136
2.27697025538168e-08,0.952375640364555,0.00226807963084558,0.0907125600091992,0.907019360359955,0.999999977230415
2.30867799418717e-08,0.952375566358898,0.00226808667979727,0.0907126939226087,0.907019219397594,0.999999976913339
2.34082727617829e-08,0.952375491321755,0.00226809382700804,0.0907128297024734,0.907019076470519,0.999999976591848
2.37342425002387e-08,0.952375415238735,0.00226810107384898,0.090712967374831,0.90701893155132,0.99999997626588
2.40647515001542e-08,0.952375338095248,0.00226810842171036,0.0907131069660831,0.907018784612207,0.999999975935372
2.43998629725955e-08,0.952375259876498,0.00226811587200187,0.0907132485030002,0.907018635624998,0.999999975600262
2.47396410088681e-08,0.952375180567484,0.00226812342615295,0.0907133920127269,0.90701848456112,0.999999975260486
2.50841505927754e-08,0.952375100152993,0.00226813108561299,0.0907135375227875,0.907018331391599,0.999999974915978
2.54334576130465e-08,0.952375018617603,0.00226813885185168,0.0907136850610907,0.907018176087057,0.999999974566673
2.5787628875938e-08,0.952374935945673,0.00226814672635925,0.0907138346559357,0.907018018617705,0.999999974212504
2.61467321180109e-08,0.952374852121345,0.00226815471064679,0.0907139863360169,0.907017858953336,0.999999973853402
2.65108360190854e-08,0.952374767128538,0.00226816280624651,0.0907141401304303,0.907017697063323,0.9999999734893
2.68800102153761e-08,0.952374680950949,0.00226817101471207,0.0907142960686784,0.907017532916609,0.999999973120128
2.72543253128103e-08,0.952374593572043,0.00226817933761886,0.0907144541806763,0.907017366481705,0.999999972745815
2.76338529005317e-08,0.952374504975057,0.0022681877765643,0.0907146144967575,0.907017197726678,0.999999972366289
2.8018665564592e-08,0.952374415142992,0.00226819633316818,0.0907147770476795,0.907017026619152,0.999999971981479
2.84088369018331e-08,0.952374324058612,0.00226820500907295,0.0907149418646301,0.907016853126297,0.999999971591309
2.8804441533963e-08,0.952374231704439,0.00226821380594404,0.0907151089792331,0.907016677214823,0.999999971195707
2.92055551218275e-08,0.952374138062752,0.0022682227254702,0.0907152784235548,0.907016498850975,0.999999970794595
2.96122543798803e-08,0.952374043115581,0.00226823176936378,0.0907154502301098,0.907016318000527,0.999999970387898
3.00246170908555e-08,0.952373946844705,0.00226824093936115,0.0907156244318677,0.907016134628771,0.999999969975537
3.04427221206431e-08,0.952373849231647,0.00226825023722295,0.0907158010622593,0.907015948700518,0.999999969557434
3.08666494333727e-08,0.952373750257674,0.00226825966473446,0.0907159801551829,0.907015760180083,0.999999969133509
3.12964801067075e-08,0.952373649903788,0.00226826922370599,0.0907161617450112,0.907015569031283,0.999999968703681
3.17322963473497e-08,0.952373548150728,0.00226827891597316,0.0907163458665979,0.907015375217429,0.999999968267867
3.21741815067637e-08,0.95237344497896,0.00226828874339732,0.0907165325552843,0.907015178701318,0.999999967825984
3.26222200971167e-08,0.952373340368681,0.00226829870786586,0.0907167218469061,0.907014979445228,0.999999967377948
3.30764978074424e-08,0.952373234299807,0.00226830881129262,0.0907169137778007,0.907014777410907,0.999999966923673
3.35371015200293e-08,0.952373126751975,0.00226831905561823,0.0907171083848141,0.907014572559568,0.999999966463071
3.4004119327037e-08,0.952373017704536,0.00226832944281052,0.0907173057053078,0.907014364851882,0.999999965996056
3.44776405473446e-08,0.952372907136552,0.00226833997486486,0.0907175057771664,0.907014154247969,0.999999965522537
3.49577557436328e-08,0.952372795026793,0.00226835065380459,0.0907177086388048,0.907013940707391,0.999999965042424
3.54445567397044e-08,0.952372681353731,0.00226836148168139,0.0907179143291756,0.907013724189143,0.999999964555626
3.59381366380463e-08,0.952372566095536,0.00226837246057569,0.0907181228877769,0.907013504651647,0.999999964062048
3.64385898376354e-08,0.952372449230073,0.00226838359259705,0.0907183343546596,0.907013282052743,0.999999963561598
3.6946012051993e-08,0.952372330734898,0.00226839487988464,0.0907185487704357,0.90701305634968,0.999999963054178
3.746050032749e-08,0.95237221058725,0.00226840632460755,0.0907187661762857,0.907012827499107,0.999999962539692
3.79821530619074e-08,0.952372088764051,0.00226841792896532,0.0907189866139669,0.907012595457068,0.999999962018042
3.85110700232557e-08,0.952371965241901,0.0022684296951883,0.0907192101258214,0.90701236017899,0.999999961489128
3.90473523688556e-08,0.95237183999707,0.0022684416255381,0.0907194367547843,0.907012121619678,0.999999960952849
3.95911026646846e-08,0.952371713005496,0.00226845372230804,0.0907196665443924,0.9070118797333,0.999999960409101
4.01424249049933e-08,0.95237158424278,0.00226846598782362,0.0907198995387922,0.907011634473384,0.999999959857782
4.07014245321944e-08,0.952371453684183,0.0022684784244429,0.0907201357827486,0.907011385792808,0.999999959298785
4.12682084570295e-08,0.952371321304616,0.00226849103455706,0.090720375321654,0.907011133643789,0.999999958732004
4.18428850790158e-08,0.952371187078641,0.00226850382059079,0.0907206182015367,0.907010877977872,0.99999995815733
4.24255643071778e-08,0.952371050980462,0.00226851678500277,0.0907208644690701,0.907010618745927,0.999999957574654
4.3016357581068e-08,0.952370912983923,0.00226852993028622,0.0907211141715817,0.907010355898132,0.999999956983864
4.36153778920801e-08,0.9523707730625,0.00226854325896929,0.0907213673570623,0.907010089383968,0.999999956384847
4.4222739805059e-08,0.952370631189297,0.00226855677361563,0.0907216240741754,0.907009819152209,0.999999955777488
4.48385594802119e-08,0.952370487337042,0.00226857047682486,0.090721884372267,0.907009545150908,0.999999955161671
4.5462954695324e-08,0.95237034147808,0.00226858437123307,0.0907221483013746,0.907009267327392,0.999999954537279
4.60960448682844e-08,0.952370193584368,0.00226859845951335,0.0907224159122374,0.907008985628249,0.999999953904192
4.67379510799246e-08,0.952370043627471,0.00226861274437632,0.0907226872563062,0.907008699999318,0.99999995326229
4.73887960971765e-08,0.952369891578553,0.00226862722857065,0.0907229623857533,0.907008410385676,0.999999952611448
4.80487043965513e-08,0.952369737408375,0.00226864191488359,0.0907232413534827,0.907008116731634,0.999999951951543
4.87178021879463e-08,0.952369581087288,0.00226865680614155,0.0907235242131405,0.907007818980718,0.999999951282448
4.93962174387833e-08,0.952369422585227,0.00226867190521061,0.0907238110191255,0.907007517075664,0.999999950604037
5.00840798984821e-08,0.952369261871703,0.00226868721499711,0.0907241018265995,0.907007210958403,0.999999949916178
5.07815211232767e-08,0.952369098915802,0.0022687027384482,0.0907243966914985,0.907006900570053,0.99999994921874
5.1488674501375e-08,0.952368933686176,0.00226871847855247,0.0907246956705433,0.907006585850904,0.99999994851159
5.22056752784698e-08,0.952368766151034,0.00226873443834045,0.0907249988212507,0.907006266740409,0.999999947794593
5.29326605836057e-08,0.952368596278142,0.00226875062088528,0.0907253062019449,0.90700594317717,0.999999947067612
5.36697694554048e-08,0.952368424034812,0.0022687670293033,0.0907256178717689,0.907005615098928,0.999999946330507
5.44171428686589e-08,0.952368249387898,0.00226878366675461,0.0907259338906957,0.90700528244255,0.999999945583137
5.51749237612913e-08,0.952368072303786,0.00226880053644377,0.0907262543195407,0.907004945144016,0.99999994482536
5.59432570616938e-08,0.952367892748393,0.00226881764162036,0.090726579219973,0.907004603138407,0.999999944057031
5.67222897164455e-08,0.952367710687156,0.00226883498557969,0.0907269086545279,0.907004256359892,0.999999943278002
5.75121707184161e-08,0.952367526085027,0.00226885257166336,0.0907272426866191,0.907003904741718,0.999999942488125
5.83130511352622e-08,0.952367338906465,0.00226887040326,0.0907275813805509,0.907003548216189,0.999999941687249
5.91250841383188e-08,0.952367149115429,0.00226888848380591,0.090727924801531,0.907003186714663,0.99999994087522
5.99484250318941e-08,0.952366956675373,0.0022689068167857,0.0907282730156835,0.907002820167531,0.999999940051884
6.07832312829724e-08,0.952366761549236,0.00226892540573305,0.0907286260900616,0.907002448504205,0.999999939217081
6.16296625513294e-08,0.952366563699438,0.00226894425423132,0.0907289840926607,0.907002071653108,0.999999938370655
6.24878807200689e-08,0.95236636308787,0.00226896336591434,0.0907293470924321,0.907001689541654,0.999999937512441
6.33580499265825e-08,0.952366159675885,0.00226898274446709,0.0907297151592964,0.907001302096237,0.999999936642276
6.42403365939419e-08,0.952365953424295,0.00226900239362639,0.0907300883641571,0.907000909242217,0.999999935759994
6.51349094627281e-08,0.952365744293361,0.00226902231718172,0.0907304667789148,0.907000510903903,0.999999934865426
6.60419396233031e-08,0.952365532242783,0.00226904251897591,0.0907308504764814,0.907000107004543,0.999999933958401
6.69616005485322e-08,0.952365317231697,0.0022690630029059,0.0907312395307939,0.9069996974663,0.999999933038744
6.78940681269611e-08,0.952365099218662,0.00226908377292355,0.0907316340168298,0.906999282210247,0.999999932106281
6.8839520696455e-08,0.952364878161653,0.00226910483303638,0.0907320340106212,0.906998861156342,0.999999931160834
6.97981390783067e-08,0.952364654018056,0.00226912618730841,0.0907324395892702,0.906998434223421,0.99999993020222
7.07701066118189e-08,0.952364426744657,0.0022691478398609,0.0907328508309639,0.906998001329175,0.999999929230258
7.17556091893692e-08,0.952364196297632,0.00226916979487323,0.0907332678149899,0.906997562390137,0.99999992824476
7.27548352919623e-08,0.95236396263254,0.00226919205658369,0.0907336906217519,0.906997117321664,0.999999927245539
7.37679760252773e-08,0.952363725704317,0.00226921462929036,0.0907341193327856,0.906996666037924,0.999999926232404
7.47952251562183e-08,0.952363485467261,0.0022692375173519,0.0907345540307752,0.906996208451873,0.99999992520516
7.58367791499719e-08,0.952363241875027,0.00226926072518848,0.0907349947995688,0.906995744475243,0.999999924163611
7.68928372075831e-08,0.952362994880619,0.00226928425728262,0.0907354417241961,0.906995274018521,0.999999923107559
7.79636013040524e-08,0.952362744436378,0.00226930811818009,0.0907358948908844,0.906994796990936,0.9999999220368
7.90492762269642e-08,0.952362490493971,0.00226933231249084,0.0907363543870762,0.906994313300433,0.999999920951131
8.01500696156541e-08,0.952362233004387,0.00226935684488988,0.090736820301446,0.906993822853664,0.999999919850343
8.12661920009195e-08,0.952361971917922,0.00226938172011821,0.0907372927239185,0.906993325555963,0.999999918734226
8.23978568452851e-08,0.952361707184173,0.0022694069429838,0.0907377717456859,0.90699282131133,0.999999917602568
8.35452805838287e-08,0.952361438752024,0.00226943251836253,0.0907382574592263,0.906992310022411,0.99999991645515
8.4708682665574e-08,0.95236116656964,0.00226945845119915,0.0907387499583217,0.906991791590479,0.999999915291754
8.58882855954626e-08,0.952360890584453,0.00226948474650829,0.0907392493380773,0.906991265915414,0.999999914112157
8.70843149769072e-08,0.952360610743155,0.00226951140937546,0.0907397556949395,0.906990732895685,0.999999912916134
8.82969995549408e-08,0.952360326991684,0.00226953844495802,0.0907402691267159,0.906990192428326,0.999999911703455
8.9526571259964e-08,0.952360039275217,0.00226956585848629,0.0907407897325942,0.906989644408919,0.99999991047389
9.07732652521022e-08,0.952359747538154,0.00226959365526452,0.0907413176131622,0.906989088731573,0.999999909227202
9.20373199661823e-08,0.952359451724114,0.00226962184067202,0.0907418528704277,0.9069885252889,0.999999907963154
9.33189771573324e-08,0.952359151775916,0.00226965042016418,0.0907423956078389,0.906987953971997,0.999999906681504
9.46184819472199e-08,0.952358847635574,0.00226967939927359,0.0907429459303051,0.906987374670421,0.999999905382005
9.59360828709315e-08,0.95235853924428,0.00226970878361117,0.0907435039442172,0.906986787272172,0.999999904064411
9.72720319245054e-08,0.952358226542398,0.00226973857886723,0.0907440697574696,0.906986191663663,0.999999902728469
9.86265846131283e-08,0.952357909469447,0.00226976879081271,0.0907446434794812,0.906985587729706,0.999999901373923
1e-07,0.952357587964091,0.00226979942530025,0.0907452252212176,0.906984975353482,0.999999900000515
1.01392540755881e-07,0.952357261964128,0.00226983048826541,0.090745815095213,0.906984354416522,0.999999898607982
1.02804473209331e-07,0.952356931406476,0.00226986198572787,0.0907464132155928,0.906983724798679,0.999999897196057
1.0423606739764e-07,0.952356596227159,0.00226989392379263,0.0907470196980967,0.906983086378111,0.999999895764469
1.05687597118481e-07,0.952356256361298,0.00226992630865121,0.0907476346601015,0.906982439031247,0.999999894312947
1.07159339982267e-07,0.952355911743095,0.00226995914658299,0.0907482582206447,0.906981782632772,0.999999892841212
1.08651577465254e-07,0.952355562305819,0.00226999244395636,0.0907488905004488,0.906981117055595,0.999999891348982
1.10164594963366e-07,0.952355207981798,0.00227002620723009,0.0907495316219449,0.906980442170825,0.999999889835973
1.11698681846782e-07,0.952354848702397,0.00227006044295461,0.0907501817092976,0.906979757847748,0.999999888301894
1.13254131515281e-07,0.952354484398012,0.00227009515777333,0.09075084088843,0.906979063953797,0.999999886746452
1.14831241454351e-07,0.952354114998051,0.002270130358424,0.0907515092870489,0.906978360354527,0.99999988516935
1.16430313292088e-07,0.952353740430925,0.00227016605174004,0.0907521870346706,0.906977646913589,0.999999883570287
1.18051652856881e-07,0.952353360624025,0.00227020224465197,0.0907528742626467,0.906976923492701,0.999999881948956
1.19695570235904e-07,0.952352975503716,0.0022702389441888,0.090753571104191,0.90697618995162,0.999999880305047
1.21362379834424e-07,0.952352584995317,0.00227027615747944,0.0907542776944062,0.906975446148114,0.999999878638246
1.23052400435926e-07,0.95235218902309,0.00227031389175417,0.0907549941703106,0.906974691937935,0.999999876948234
1.24765955263087e-07,0.95235178751022,0.00227035215434611,0.090755720670867,0.906973927174787,0.999999875234688
1.2650337203959e-07,0.952351380378803,0.00227039095269269,0.0907564573370093,0.906973151710298,0.99999987349728
1.28264983052806e-07,0.952350967549827,0.00227043029433719,0.0907572043116724,0.906972365393991,0.999999871735678
1.30051125217341e-07,0.95235054894316,0.00227047018693029,0.0907579617398199,0.90697156807325,0.999999869949545
1.31862140139475e-07,0.952350124477531,0.00227051063823158,0.0907587297684745,0.906970759593294,0.99999986813854
1.33698374182495e-07,0.952349694070515,0.0022705516561112,0.0907595085467469,0.906969939797142,0.999999866302315
1.35560178532937e-07,0.952349257638515,0.00227059324855142,0.090760298225867,0.906969108525582,0.99999986444052
1.37447909267754e-07,0.952348815096745,0.00227063542364829,0.0907610989592135,0.906968265617138,0.9999998625528
1.39361927422414e-07,0.952348366359214,0.00227067818961326,0.0907619109023461,0.906967410908041,0.999999860638791
1.41302599059953e-07,0.952347911338707,0.00227072155477494,0.0907627342130364,0.906966544232189,0.99999985869813
1.43270295340983e-07,0.952347449946769,0.00227076552758072,0.0907635690513005,0.906965665421119,0.999999856730443
1.45265392594678e-07,0.952346982093686,0.00227081011659857,0.0907644155794312,0.90696477430397,0.999999854735357
1.4728827239075e-07,0.952346507688466,0.00227085533051878,0.0907652739620314,0.90696387070745,0.999999852712487
1.49339321612425e-07,0.952346026638821,0.00227090117815574,0.0907661443660475,0.906962954455797,0.999999850661448
1.51418932530435e-07,0.952345538851148,0.00227094766844977,0.0907670269608036,0.906962025370747,0.999999848581848
1.53527502878042e-07,0.952345044230513,0.00227099481046897,0.090767921918036,0.906961083271495,0.999999846473289
1.55665435927106e-07,0.952344542680625,0.00227104261341105,0.0907688294119285,0.90696012797466,0.999999844335367
1.57833140565212e-07,0.952344034103821,0.0022710910866053,0.0907697496191478,0.906959159294247,0.999999842167674
1.6003103137387e-07,0.952343518401045,0.00227114023951447,0.0907706827188801,0.906958177041605,0.999999839969794
1.62259528707809e-07,0.95234299547183,0.00227119008173672,0.0907716288928675,0.906957181025396,0.999999837741308
1.64519058775366e-07,0.95234246521427,0.00227124062300768,0.0907725883254455,0.906956171051547,0.99999983548179
1.66810053720006e-07,0.952341927525007,0.00227129187320237,0.090773561203581,0.906955146923217,0.999999833190807
1.69132951702965e-07,0.952341382299207,0.00227134384233735,0.0907745477169104,0.906954108440752,0.999999830867921
1.71488196987054e-07,0.952340829430538,0.00227139654057274,0.0907755480577792,0.906953055401648,0.999999828512688
1.73876240021625e-07,0.952340268811145,0.00227144997821436,0.090776562421281,0.906951987600505,0.999999826124657
1.7629753752872e-07,0.952339700331635,0.00227150416571587,0.0907775910052985,0.906950904828986,0.999999823703372
1.78752552590424e-07,0.952339123881047,0.00227155911368097,0.0907786340105438,0.906949806875775,0.99999982124837
1.81241754737424e-07,0.952338539346834,0.00227161483286559,0.0907796916406001,0.906948693526534,0.99999981875918
1.83765620038817e-07,0.952337946614838,0.00227167133418016,0.0907807641019639,0.906947564563856,0.999999816235328
1.86324631193156e-07,0.952337345569264,0.00227172862869189,0.0907818516040879,0.90694641976722,0.999999813676331
1.88919277620766e-07,0.952336736092661,0.00227178672762709,0.0907829543594241,0.906945258912949,0.999999811081697
1.91550055557353e-07,0.952336118065892,0.00227184564237353,0.0907840725834685,0.906944081774158,0.999999808450933
1.94217468148903e-07,0.952335491368115,0.00227190538448285,0.0907852064948052,0.906942888120712,0.999999805783534
1.96922025547917e-07,0.952334855876751,0.00227196596567295,0.0907863563151526,0.906941677719175,0.999999803078991
1.99664245010979e-07,0.952334211467465,0.00227202739783051,0.090787522269409,0.90694045033276,0.999999800336786
2.0244465099768e-07,0.952333558014137,0.00227208969301346,0.0907887045857002,0.906939205721286,0.999999797556394
2.05263775270925e-07,0.952332895388833,0.00227215286345355,0.0907899034954264,0.90693794364112,0.999999794737285
2.08122156998634e-07,0.952332223461785,0.00227221692155896,0.0907911192333113,0.90693666384513,0.999999791878918
2.1102034285686e-07,0.952331542101358,0.00227228187991686,0.0907923520374508,0.906935366082632,0.999999788980747
2.13958887134342e-07,0.952330851174022,0.00227234775129617,0.0907936021493631,0.906934050099341,0.999999786042218
2.16938351838518e-07,0.95233015054433,0.00227241454865021,0.0907948698140395,0.90693271563731,0.999999783062768
2.19959306803007e-07,0.952329440074883,0.00227248228511948,0.0907961552799955,0.906931362434885,0.999999780041829
2.23022329796594e-07,0.952328719626304,0.00227255097403447,0.0907974587993238,0.906929990226642,0.999999776978822
2.26128006633728e-07,0.952327989057208,0.00227262062891847,0.0907987806277466,0.906928598743335,0.999999773873161
2.29276931286565e-07,0.952327248224174,0.00227269126349052,0.0908001210246703,0.906927187711839,0.999999770724253
2.32469705998565e-07,0.952326496981712,0.0022727628916683,0.0908014802532398,0.906925756855092,0.999999767531495
2.35706941399673e-07,0.952325735182232,0.00227283552757113,0.0908028585803945,0.906924305892034,0.999999764294276
2.38989256623105e-07,0.952324962676015,0.00227290918552299,0.0908042562769248,0.906922834537552,0.999999761011978
2.4231727942376e-07,0.95232417931118,0.00227298388005563,0.0908056736175292,0.906921342502415,0.999999757683972
2.45691646298279e-07,0.952323384933652,0.00227305962591168,0.0908071108808734,0.906919829493215,0.999999754309623
2.49113002606779e-07,0.952322579387128,0.00227313643804781,0.0908085683496487,0.906918295212303,0.999999750888285
2.52582002696278e-07,0.952321762513045,0.00227321433163803,0.0908100463106331,0.906916739357729,0.999999747419303
2.56099310025846e-07,0.952320934150547,0.00227329332207689,0.0908115450547518,0.906915161623171,0.999999743902013
2.59665597293487e-07,0.952320094136447,0.00227337342498289,0.0908130648771399,0.906913561697877,0.999999740335745
2.63281546564802e-07,0.952319242305196,0.00227345465620183,0.0908146060772051,0.906911939266593,0.999999736719814
2.66947849403432e-07,0.952318378488844,0.00227353703181026,0.0908161689586922,0.906910294009498,0.999999733053531
2.70665207003324e-07,0.952317502517007,0.00227362056811902,0.0908177538297482,0.906908625602133,0.999999729336192
2.74434330322837e-07,0.952316614216829,0.00227370528167674,0.0908193610029887,0.906906933715335,0.999999725567089
2.78255940220713e-07,0.952315713412944,0.00227379118927353,0.090820990795565,0.906905218015162,0.999999721745499
2.82130767593947e-07,0.952314799927439,0.00227387830794459,0.0908226435292325,0.906903478162823,0.999999717870691
2.86059553517574e-07,0.952313873579816,0.00227396665497402,0.0908243195304205,0.906901713814605,0.999999713941926
2.90043049386399e-07,0.95231293418695,0.00227405624789854,0.0908260191303025,0.906899924621799,0.999999709958451
2.94082017058707e-07,0.952311981563054,0.00227414710451143,0.0908277426648682,0.90689811023062,0.999999705919504
2.98177229001967e-07,0.952311015519635,0.00227423924286641,0.0908294904749965,0.906896270282137,0.999999701824313
3.02329468440578e-07,0.952310035865454,0.00227433268128165,0.0908312629065293,0.906894404412189,0.999999697672095
3.06539529505652e-07,0.952309042406483,0.00227442743834382,0.0908330603103472,0.906892512251309,0.999999693462056
3.10808217386906e-07,0.952308034945865,0.00227452353291222,0.0908348830424461,0.906890593424642,0.99999968919339
3.15136348486648e-07,0.95230701328387,0.00227462098412298,0.0908367314640145,0.906888647551862,0.999999684865282
3.19524750575921e-07,0.95230597721785,0.00227471981139333,0.0908386059415134,0.906886674247093,0.999999680476903
3.2397426295282e-07,0.952304926542196,0.00227482003442591,0.090840506846756,0.906884673118818,0.999999676027413
3.28485736603004e-07,0.952303861048292,0.00227492167321321,0.09084243455699,0.906882643769797,0.999999671515963
3.33060034362459e-07,0.952302780524468,0.00227502474804204,0.09084438945498,0.906880585796978,0.99999966694169
3.37698031082509e-07,0.952301684755955,0.00227512927949808,0.0908463719290929,0.906878498791409,0.999999662303717
3.42400613797143e-07,0.952300573524838,0.00227523528847054,0.0908483823733827,0.906876382338147,0.999999657601159
3.47168681892656e-07,0.952299446610004,0.00227534279615684,0.0908504211876787,0.906874236016164,0.999999652833115
3.52003147279668e-07,0.952298303787096,0.00227545182406745,0.0908524887776736,0.906872059398259,0.999999647998675
3.56904934567523e-07,0.952297144828462,0.00227556239403072,0.0908545855550141,0.906869852050955,0.999999643096914
3.61874981241128e-07,0.952295969503106,0.00227567452819786,0.0908567119373924,0.90686761353441,0.999999638126893
3.66914237840249e-07,0.952294777576632,0.002275788249048,0.0908588683486395,0.906865343402313,0.999999633087663
3.72023668141307e-07,0.952293568811197,0.00227590357939329,0.09086105521882,0.906863041201787,0.999999627978259
3.77204249341699e-07,0.952292342965452,0.00227602054238414,0.0908632729843286,0.906860706473287,0.999999622797705
3.824569722467e-07,0.952291099794491,0.00227613916151451,0.0908655220879883,0.906858338750497,0.999999617545009
3.87782841458946e-07,0.952289839049798,0.00227625946062733,0.0908678029791496,0.906855937560223,0.999999612219168
3.93182875570577e-07,0.952288560479184,0.00227638146391999,0.0908701161137923,0.906853502422288,0.999999606819162
3.98658107358044e-07,0.952287263826736,0.0022765051959499,0.0908724619546286,0.906851032849421,0.999999601343959
4.0420958397963e-07,0.952285948832756,0.00227663068164021,0.0908748409712078,0.906848528347152,0.999999595792511
4.09838367175726e-07,0.952284615233703,0.0022767579462856,0.090877253640023,0.906845988413691,0.999999590163757
4.15545533471888e-07,0.952283262762132,0.00227688701555812,0.0908797004446195,0.906843412539822,0.999999584456621
4.21332174384729e-07,0.952281891146634,0.00227701791551321,0.0908821818757055,0.906840800208781,0.99999957867001
4.27199396630678e-07,0.952280500111772,0.00227715067259581,0.0908846984312638,0.90683815089614,0.999999572802819
4.33148322337639e-07,0.95227908937802,0.00227728531364654,0.0908872506166663,0.906835464069687,0.999999566853924
4.39180089259609e-07,0.952277658661697,0.00227742186590798,0.0908898389447901,0.906832739189302,0.999999560822189
4.45295850994266e-07,0.952276207674901,0.00227756035703117,0.0908924639361356,0.906829975706833,0.999999554706459
4.5149677720361e-07,0.952274736125445,0.00227770081508208,0.0908951261189467,0.906827173065971,0.999999548505565
4.57784053837662e-07,0.952273243716785,0.00227784326854828,0.0908978260293331,0.906824330702119,0.999999542218321
4.64158883361277e-07,0.952271730147957,0.00227798774634573,0.0909005642113946,0.90682144804226,0.999999535843525
4.70622484984128e-07,0.9522701951135,0.00227813427782566,0.0909033412173481,0.906818524504826,0.999999529379958
4.77176094893875e-07,0.952268638303391,0.00227828289278158,0.0909061576076557,0.906815559499563,0.999999522826382
4.83820966492596e-07,0.952267059402965,0.00227843362145642,0.0909090139511565,0.906812552427387,0.999999516181545
4.90558370636505e-07,0.95226545809285,0.00227858649454984,0.0909119108251997,0.906809502680251,0.999999509444176
4.97389595879006e-07,0.952263834048884,0.00227874154322557,0.0909148488157801,0.906806409640994,0.999999502612987
5.04315948717136e-07,0.952262186942043,0.00227889879911901,0.0909178285176769,0.906803272683204,0.99999949568667
5.11338753841433e-07,0.952260516438358,0.00227905829434487,0.0909208505345935,0.906800091171062,0.999999488663902
5.18459354389291e-07,0.952258822198845,0.00227922006150499,0.0909239154793012,0.906796864459194,0.999999481543339
5.25679112201842e-07,0.952257103879411,0.0022793841336963,0.0909270239737848,0.906793591892519,0.999999474323619
5.32999408084408e-07,0.952255361130786,0.00227955054451892,0.0909301766493906,0.906790272806091,0.999999467003362
5.40421642070592e-07,0.952253593598427,0.00227971932808445,0.0909333741469776,0.906786906524938,0.999999459581167
5.47947233690029e-07,0.95225180092244,0.00227989051902431,0.0909366171170712,0.906783492363904,0.999999452055614
5.55577622239888e-07,0.952249982737492,0.00228006415249837,0.0909399062200194,0.906780029627482,0.999999444425266
5.63314267060135e-07,0.95224813867272,0.00228024026420362,0.0909432421261524,0.906776517609644,0.999999436688662
5.71158647812642e-07,0.952246268351645,0.00228041889038309,0.0909466255159446,0.906772955593672,0.999999428844322
5.79112264764176e-07,0.952244371392075,0.00228060006783487,0.0909500570801795,0.906769342851986,0.999999420890747
5.87176639073326e-07,0.952242447406019,0.00228078383392137,0.0909535375201185,0.90676567864596,0.999999412826415
5.95353313081437e-07,0.952240495999585,0.00228097022657868,0.0909570675476716,0.90676196222575,0.999999404649784
6.03643850607586e-07,0.952238516772888,0.00228115928432614,0.090960647885572,0.906758192830102,0.999999396359291
6.12049837247669e-07,0.952236509319947,0.00228135104627614,0.0909642792675536,0.90675436968617,0.999999387953348
6.2057288067765e-07,0.95223447322859,0.00228154555214399,0.0909679624385321,0.906750492009324,0.99999937943035
6.29214610961035e-07,0.952232408080347,0.00228174284225811,0.0909716981547893,0.906746559002953,0.999999370788665
6.37976680860628e-07,0.952230313450349,0.00228194295757031,0.0909754871841603,0.906742569858269,0.999999362026641
6.46860766154632e-07,0.952228188907221,0.00228214593966634,0.0909793303062255,0.906738523754108,0.999999353142603
6.55868565957142e-07,0.952226034012971,0.0022823518307766,0.0909832283125048,0.906734419856719,0.99999934413485
6.65001803043112e-07,0.952223848322885,0.00228256067378706,0.0909871820066563,0.906730257319557,0.999999335001661
6.74262224177835e-07,0.95222163138541,0.00228277251225043,0.0909911922046784,0.906726035283071,0.99999932574129
6.83651600451024e-07,0.952219382742045,0.0022829873903975,0.090995259735116,0.906721752874487,0.999999316351963
6.9317172761554e-07,0.952217101927216,0.00228320535314872,0.0909993854392703,0.906717409207581,0.999999306831886
7.02824426430834e-07,0.952214788468167,0.00228342644612603,0.0910035701714131,0.906713003382461,0.999999297179238
7.12611543011174e-07,0.952212441884833,0.00228365071566489,0.0910078147990042,0.906708534485331,0.999999287392173
7.22534949178722e-07,0.952210061689716,0.00228387820882653,0.0910121202029145,0.906704001588259,0.99999927746882
7.32596542821523e-07,0.952207647387764,0.00228410897341054,0.0910164872776517,0.906699403748938,0.999999267407279
7.42798248256491e-07,0.952205198476237,0.00228434305796759,0.0910209169315918,0.906694740010441,0.999999257205628
7.53142016597438e-07,0.95220271444458,0.00228458051181246,0.0910254100872143,0.906690009400973,0.999999246861914
7.63629826128224e-07,0.952200194774292,0.00228482138503735,0.091029967681342,0.906685210933621,0.99999923637416
7.74263682681128e-07,0.952197638938782,0.00228506572852543,0.0910345906653859,0.906680343606089,0.99999922574036
7.85045620020451e-07,0.952195046403238,0.00228531359396466,0.0910392800055947,0.906675406400441,0.99999921495848
7.95977700231498e-07,0.952192416624484,0.0022855650338619,0.0910440366833088,0.906670398282829,0.999999204026458
8.07062014114951e-07,0.952189749050833,0.00228582010155731,0.0910488616952202,0.906665318203222,0.999999192942203
8.18300681586739e-07,0.952187043121943,0.00228607885123907,0.0910537560536366,0.906660165095124,0.999999181703595
8.29695852083491e-07,0.952184298268666,0.0022863413379583,0.0910587207867513,0.90665493787529,0.999999170308485
8.41249704973612e-07,0.952181513912896,0.00228660761764444,0.0910637569389187,0.906649635443437,0.999999158754693
8.52964449974102e-07,0.952178689467412,0.00228687774712083,0.0910688655709346,0.906644256681945,0.999999147040011
8.64842327573173e-07,0.952175824335718,0.00228715178412062,0.0910740477603228,0.906638800455557,0.999999135162197
8.76885609458743e-07,0.952172917911883,0.00228742978730313,0.0910793046016272,0.90663326561107,0.999999123118979
8.89096598952917e-07,0.952169969580375,0.00228771181627035,0.0910846372067096,0.90662765097702,0.999999110908054
9.01477631452492e-07,0.952166978715889,0.002287997931584,0.0910900467050543,0.906621955363362,0.999999098527088
9.14031074875622e-07,0.952163944683178,0.00228828819478279,0.0910955342440782,0.906616177561139,0.999999085973711
9.26759330114688e-07,0.952160866836876,0.00228858266840014,0.0911011009894474,0.906610316342153,0.999999073245524
9.39664831495469e-07,0.952157744521318,0.00228888141598219,0.0911067481254006,0.906604370458617,0.999999060340091
9.5275004724273e-07,0.952154577070354,0.00228918450210633,0.0911124768550791,0.906598338642814,0.999999047254945
9.66017479952265e-07,0.952151363807168,0.00228949199239996,0.0911182884008634,0.906592219606737,0.999999033987584
9.79469667069539e-07,0.952148104044082,0.00228980395355977,0.0911241840047169,0.906586012041723,0.999999020535469
9.9310918137498e-07,0.95214479708236,0.00229012045337142,0.0911301649285374,0.906579714618091,0.999999006896027
1.00693863147603e-06,0.952141442212013,0.00229044156072959,0.0911362324545149,0.906573325984756,0.999998993066651
1.02096066230605e-06,0.952138038711593,0.00229076734565856,0.0911423878854977,0.906566844768844,0.999998979044695
1.03517795563018e-06,0.952134585847984,0.00229109787933313,0.0911486325453664,0.9065602695753,0.999998964827478
1.04959323055823e-06,0.952131082876192,0.00229143323410009,0.0911549677794152,0.906553598986485,0.99999895041228
1.06420924406472e-06,0.952127529039129,0.00229177348350012,0.0911613949547418,0.906546831561758,0.999998935796345
1.07902879151618e-06,0.952123923567387,0.00229211870229018,0.0911679154606456,0.906539965837064,0.999998920976877
1.09405470720574e-06,0.952120265679016,0.00229246896646644,0.0911745307090344,0.906533000324499,0.999998905951042
1.10928986489522e-06,0.952116554579292,0.00229282435328763,0.0911812421348402,0.906525933511872,0.999998890715967
1.12473717836475e-06,0.952112789460479,0.00229318494129901,0.0911880511964434,0.906518763862258,0.999998875268736
1.14039960197003e-06,0.95210896950159,0.00229355081035683,0.091194959376107,0.906511489813536,0.999998859606397
1.15628013120738e-06,0.952105093868137,0.00229392204165335,0.0912019681804198,0.906504109777927,0.999998843725953
1.1723818032866e-06,0.952101161711883,0.00229429871774248,0.0912090791407498,0.906496622141508,0.999998827624368
1.1887076977119e-06,0.952097172170581,0.00229468092256587,0.0912162938137071,0.906489025263727,0.999998811298561
1.20526093687084e-06,0.952093124367711,0.00229506874147979,0.0912236137816175,0.906481317476903,0.999998794745412
1.22204468663149e-06,0.952089017412214,0.00229546226128248,0.0912310406530067,0.906473497085711,0.999998777961752
1.23906215694792e-06,0.95208485039821,0.00229586157024219,0.0912385760630951,0.906465562366663,0.999998760944374
1.25631660247412e-06,0.952080622404722,0.00229626675812587,0.0912462216743039,0.90645751156757,0.999998743690022
1.27381132318648e-06,0.952076332495385,0.00229667791622855,0.0912539791767726,0.906449342906999,0.999998726195396
1.29154966501488e-06,0.952071979718152,0.00229709513740336,0.0912618502888883,0.906441054573708,0.99999870845715
1.30953502048267e-06,0.952067563104994,0.00229751851609232,0.0912698367578274,0.90643264472608,0.999998690471892
1.32777082935543e-06,0.952063081671588,0.00229794814835781,0.091277940360109,0.906424111491533,0.999998672236182
1.34626057929891e-06,0.952058534417004,0.00229838413191483,0.0912861629021619,0.906415452965923,0.999998653746532
1.36500780654601e-06,0.952053920323384,0.002298826566164,0.091294506220904,0.906406667212932,0.999998634999407
1.38401609657313e-06,0.952049238355607,0.00229927555222539,0.091302972184336,0.906397752263439,0.99999861599122
1.40328908478587e-06,0.952044487460953,0.0022997311929731,0.0913115626921483,0.906388706114879,0.999998596718337
1.42283045721435e-06,0.952039666568758,0.00230019359307081,0.0913202796763422,0.906379526730587,0.999998577177071
1.44264395121816e-06,0.952034774590059,0.00230066285900805,0.0913291251018667,0.906370212039125,0.999998557363685
1.46273335620113e-06,0.952029810417228,0.00230113909913746,0.0913381009672689,0.906360759933594,0.999998537274389
1.4831025143361e-06,0.952024772923606,0.00230162242371293,0.0913472093053616,0.906351168270926,0.999998516905342
1.50375532129974e-06,0.952019660963119,0.00230211294492872,0.0913564521839054,0.906341434871166,0.999998496252648
1.52469572701758e-06,0.952014473369886,0.00230261077695948,0.0913658317063083,0.906331557516732,0.999998475312357
1.54592773641948e-06,0.952009208957828,0.0023031160360014,0.0913753500123418,0.906321533951657,0.999998454080464
1.5674554102056e-06,0.952003866520248,0.00230362884031423,0.0913850092788747,0.906311361880811,0.999998432552908
1.58928286562298e-06,0.951998444829423,0.00230414931026454,0.0913948117206244,0.906301038969111,0.999998410725572
1.61141427725302e-06,0.951992942636166,0.00230467756836996,0.0914047595909272,0.906290562840703,0.999998388594282
1.63385387780986e-06,0.951987358669392,0.00230521373934456,0.0914148551825273,0.906279931078128,0.999998366154804
1.65660595894992e-06,0.951981691635662,0.00230575795014549,0.0914251008283858,0.906269141221469,0.999998343402848
1.67967487209265e-06,0.951975940218725,0.00230631033002072,0.0914354989025095,0.90625819076747,0.999998320334062
1.70306502925284e-06,0.951970103079042,0.00230687101055805,0.0914460518208006,0.906247077168641,0.999998296944034
1.72678090388436e-06,0.9519641788533,0.00230744012573545,0.0914567620419284,0.906235797832336,0.99999827322829
1.75082703173573e-06,0.951958166153916,0.00230801781197268,0.0914676320682223,0.906224350119805,0.999998249182295
1.77520801171764e-06,0.951952063568522,0.00230860420818426,0.0914786644465883,0.906212731345227,0.99999822480145
1.79992850678248e-06,0.951945869659442,0.00230919945583388,0.0914898617694488,0.906200938774717,0.999998200081091
1.82499324481615e-06,0.951939582963157,0.00230980369899025,0.0915012266757063,0.906188969625303,0.999998175016492
1.8504070195423e-06,0.951933201989749,0.00231041708438445,0.0915127618517327,0.906176821063883,0.999998149602858
1.87617469143912e-06,0.951926725222339,0.0023110397614688,0.0915244700323842,0.906164490206147,0.999998123835329
1.90230118866895e-06,0.951920151116501,0.00231167188247743,0.0915363540020427,0.90615197411548,0.999998097708977
1.92879150802078e-06,0.951913478099669,0.00231231360248834,0.091548416595685,0.906139269801827,0.999998071218805
1.95565071586595e-06,0.951906704570523,0.00231296507948732,0.0915606606999797,0.906126374220533,0.999998044359746
1.98288394912707e-06,0.951899828898359,0.00231362647443352,0.0915730892544143,0.906113284271152,0.999998017126665
2.0104964162605e-06,0.951892849422447,0.00231429795132695,0.0915857052524522,0.906099996796221,0.999997989514352
2.03849339825246e-06,0.951885764451362,0.00231497967727773,0.0915985117427204,0.906086508580002,0.999997961517526
2.06688024962908e-06,0.951878572262308,0.00231567182257741,0.0916115118302301,0.906072816347193,0.999997933130834
2.09566239948043e-06,0.951871271100412,0.00231637456077226,0.0916247086776308,0.906058916761597,0.999997904348845
2.12484535249888e-06,0.951863859178012,0.0023170880687386,0.0916381055064981,0.906044806424763,0.999997875166056
2.15443469003189e-06,0.951856334673911,0.00231781252676033,0.0916517055986574,0.906030481874582,0.999997845576884
2.18443607114943e-06,0.951848695732619,0.00231854811860871,0.0916655122975451,0.906015939583846,0.999997815575672
2.21485523372636e-06,0.951840940463572,0.00231929503162436,0.0916795290096067,0.906001175958769,0.99999778515668
2.24569799553977e-06,0.951833066940331,0.00232005345680177,0.091693759205735,0.905986187337463,0.999997754314092
2.27697025538168e-06,0.95182507319975,0.00232082358887614,0.0917082064227488,0.905970969988375,0.999997723042009
2.30867799418717e-06,0.95181695724113,0.00232160562641291,0.0917228742649139,0.905955520108673,0.999997691334449
2.34082727617829e-06,0.951808717025347,0.00232239977189986,0.091737766405507,0.905939833822593,0.999997659185349
2.37342425002387e-06,0.951800350473945,0.00232320623184197,0.0917528865884259,0.905923907179732,0.99999762658856
2.40647515001542e-06,0.951791855468218,0.00232402521685913,0.0917682386298451,0.905907736153296,0.999997593537847
2.43998629725955e-06,0.951783229848253,0.00232485694178682,0.0917838264199204,0.905891316638293,0.999997560026891
2.47396410088682e-06,0.951774471411948,0.00232570162577983,0.0917996539245437,0.905874644449676,0.99999752604928
2.50841505927754e-06,0.951765577914006,0.00232655949241911,0.0918157251871494,0.905857715320431,0.999997491598518
2.54334576130465e-06,0.951756547064891,0.00232743076982196,0.0918320443305742,0.905840524899604,0.999997456668016
2.5787628875938e-06,0.951747376529758,0.0023283156907556,0.0918486155589732,0.905823068750271,0.999997421251092
2.61467321180109e-06,0.951738063927349,0.00232921449275431,0.0918654431597938,0.905805342347452,0.999997385340973
2.65108360190854e-06,0.951728606828856,0.00233012741824015,0.0918825315058082,0.905787341075952,0.999997348930792
2.68800102153761e-06,0.951719002756747,0.00233105471464764,0.0918998850572096,0.905769060228143,0.999997312013585
2.72543253128103e-06,0.951709249183562,0.0023319966345522,0.0919175083637718,0.905750495001676,0.99999727458229
2.76338529005317e-06,0.951699343530659,0.00233295343580289,0.0919354060670756,0.905731640497122,0.99999723662975
2.8018665564592e-06,0.951689283166938,0.00233392538165928,0.091953582902805,0.905712491715536,0.999997198148706
2.84088369018331e-06,0.95167906540751,0.0023349127409328,0.0919720437031147,0.905693043555953,0.999997159131798
2.8804441533963e-06,0.951668687512331,0.00233591578813269,0.0919907933990729,0.905673290812794,0.999997119571564
2.92055551218274e-06,0.951658146684793,0.00233693480361675,0.0920098370231814,0.905653228173202,0.999997079460438
2.96122543798803e-06,0.951647440070265,0.00233797007374704,0.0920291797119761,0.905632850214277,0.999997038790748
3.00246170908555e-06,0.951636564754593,0.00233902189105081,0.0920488267087115,0.905612151400238,0.999996997554717
3.04427221206431e-06,0.951625517762547,0.00234009055438671,0.0920687833661323,0.905591126079481,0.999996955744458
3.08666494333727e-06,0.951614296056216,0.00234117636911672,0.0920890551493353,0.905569768481548,0.999996913351975
3.12964801067075e-06,0.951602896533354,0.00234227964728388,0.092109647638725,0.905548072713991,0.99999687036916
3.17322963473497e-06,0.95159131602567,0.00234340070779601,0.092130566533068,0.905526032759136,0.999996826787791
3.21741815067637e-06,0.95157955129706,0.00234453987661587,0.0921518176526487,0.905503642470735,0.999996782599535
3.26222200971167e-06,0.951567599041777,0.00234569748695785,0.0921734069425304,0.905480895570512,0.99999673779594
3.30764978074424e-06,0.951555455882545,0.00234687387949152,0.0921953404759279,0.905457785644581,0.999996692368437
3.35371015200293e-06,0.951543118368601,0.00234806940255236,0.092217624457694,0.905434306139754,0.999996646308338
3.4004119327037e-06,0.951530582973677,0.00234928441235991,0.0922402652279261,0.905410450359714,0.999996599606835
3.44776405473446e-06,0.951517846093907,0.00235051927324377,0.0922632692656976,0.905386211461059,0.999996552254994
3.49577557436328e-06,0.951504904045663,0.00235177435787763,0.0922866431929188,0.905361582449204,0.999996504243761
3.54445567397044e-06,0.951491753063311,0.00235305004752184,0.0923103937783337,0.905336556174144,0.999996455563951
3.59381366380463e-06,0.951478389296896,0.00235434673227478,0.0923345279416579,0.905311125326067,0.999996406206257
3.64385898376354e-06,0.951464808809735,0.00235566481133347,0.0923590527578636,0.905285282430803,0.999996356161237
3.6946012051993e-06,0.951451007575926,0.00235700469326386,0.0923839754616195,0.905259019845117,0.99999630541932
3.746050032749e-06,0.951436981477774,0.00235836679628111,0.0924093034518896,0.905232329751829,0.999996253970802
3.79821530619074e-06,0.951422726303109,0.00235975154854053,0.0924350442967011,0.905205204154758,0.999996201805844
3.85110700232557e-06,0.951408237742517,0.00236115938843937,0.092461205738087,0.905177634873474,0.999996148914468
3.90473523688556e-06,0.951393511386464,0.00236259076493029,0.0924877956972108,0.905149613537859,0.999996095286559
3.95911026646846e-06,0.951378542722311,0.00236404613784676,0.0925148222796843,0.905121131582469,0.99999604091186
4.01424249049933e-06,0.951363327131217,0.00236552597824113,0.0925422937810833,0.905092180240676,0.999995985779972
4.07014245321944e-06,0.951347859884927,0.00236703076873586,0.0925702186926745,0.90506275053859,0.999995929880351
4.12682084570295e-06,0.951332136142432,0.00236856100388865,0.0925986057073595,0.905032833288752,0.999995873202306
4.18428850790158e-06,0.951316150946503,0.00237011719057198,0.0926274637258494,0.905002419083579,0.999995815734997
4.24255643071778e-06,0.951299899220093,0.00237169984836789,0.0926568018630785,0.904971498288554,0.999995757467433
4.3016357581068e-06,0.951283375762587,0.00237330950997867,0.0926866294548691,0.904940061035152,0.999995698388471
4.36153778920801e-06,0.951266575245915,0.00237494672165423,0.0927169560648608,0.904908097213485,0.999995638486811
4.4222739805059e-06,0.951249492210506,0.00237661204363703,0.0927477914917147,0.904875596464648,0.999995577750998
4.48385594802118e-06,0.951232121061071,0.00237830605062543,0.0927791457766078,0.904842548172767,0.999995516169414
4.5462954695324e-06,0.951214456062228,0.00238002933225627,0.0928110292110307,0.904808941456713,0.999995453730283
4.60960448682844e-06,0.95119649133394,0.00238178249360787,0.092843452344905,0.904774765161487,0.999995390421663
4.67379510799246e-06,0.951178220846759,0.00238356615572426,0.0928764259950344,0.904740007849241,0.999995326231446
4.73887960971765e-06,0.951159638416884,0.00238538095616195,0.0929099612539081,0.90470465778993,0.999995261147355
4.80487043965512e-06,0.951140737701003,0.0023872275495602,0.092944069498874,0.904668702951566,0.999995195156943
4.87178021879463e-06,0.951121512190914,0.00238910660823622,0.0929787624016997,0.904632130990064,0.999995128247589
4.93962174387833e-06,0.951101955207922,0.00239101882280643,0.0930140519385426,0.904594929238651,0.999995060406496
5.00840798984821e-06,0.951082059896989,0.00239296490283537,0.0930499504003505,0.904557084696814,0.99999499162069
5.07815211232767e-06,0.951061819220629,0.00239494557751353,0.093086470403714,0.904518584018772,0.999994921877015
5.14886745013749e-06,0.951041225952536,0.0023969615963659,0.0931236249021965,0.904479413501438,0.999994851162132
5.22056752784698e-06,0.951020272670924,0.00239901372999271,0.0931614271981666,0.904439559071841,0.999994779462518
5.29326605836057e-06,0.950998951751576,0.00240110277084427,0.0931998909551601,0.904399006273996,0.999994706764459
5.36697694554048e-06,0.950977255360568,0.00240322953403184,0.093239030210801,0.904357740255167,0.999994633054052
5.44171428686589e-06,0.950955175446667,0.00240539485817644,0.0932788593903121,0.904315745751511,0.999994558317199
5.51749237612912e-06,0.950932703733378,0.00240759960629786,0.0933193933206486,0.904273007073054,0.999994482539606
5.59432570616938e-06,0.950909831710609,0.00240984466674615,0.0933606472452892,0.904229508087965,0.999994405706782
5.67222897164455e-06,0.950886550625961,0.00241213095417804,0.0934026368397228,0.904185232206099,0.999994327804032
5.75121707184161e-06,0.950862851475584,0.00241445941058099,0.0934453782276709,0.904140162361748,0.999994248816456
5.83130511352622e-06,0.950838724994609,0.00241683100634758,0.0934888879980869,0.904094280995566,0.999994168728948
5.91250841383187e-06,0.950814161647106,0.00241924674140341,0.0935331832229811,0.904047570035616,0.999994087526191
5.99484250318941e-06,0.95078915161555,0.00242170764639153,0.0935782814761169,0.904000010877492,0.999994005192655
6.07832312829724e-06,0.950763684789766,0.00242421478391714,0.0936242008526334,0.903951584363449,0.999993921712593
6.16296625513294e-06,0.95073775075532,0.00242676924985596,0.0936709599896479,0.903902270760496,0.99999383707004
6.24878807200689e-06,0.950711338781319,0.00242937217473053,0.0937185780879014,0.903852049737368,0.999993751248807
6.33580499265824e-06,0.950684437807587,0.0024320247251585,0.0937670749345084,0.903800900340333,0.999993664232482
6.42403365939419e-06,0.950657036431181,0.00243472810537769,0.0938164709268833,0.903748800967739,0.999993576004422
6.51349094627281e-06,0.95062912289219,0.00243748355885273,0.0938667870979153,0.903695729343232,0.999993486547752
6.60419396233031e-06,0.950600685058795,0.00244029236996859,0.0939180451424737,0.903641662487558,0.999993395845366
6.69616005485322e-06,0.950571710411519,0.00244315586581692,0.0939702674453288,0.903586576688854,0.999993303879915
6.7894068126961e-06,0.950542186026629,0.0024460754180811,0.0940234771105807,0.903530447471338,0.99999321063381
6.8839520696455e-06,0.950512098558624,0.00244905244502692,0.0940776979926977,0.903473249562275,0.999993116089219
6.97981390783067e-06,0.950481434221759,0.00245208841360588,0.0941329547292705,0.903414956857124,0.99999302022806
7.07701066118189e-06,0.950450178770521,0.00245518484167908,0.0941892727755994,0.903355542382722,0.999992923031999
7.17556091893692e-06,0.95041831747901,0.00245834330036996,0.0942466784412402,0.90329497825839,0.999992824482446
7.27548352919622e-06,0.950385835119122,0.00246156541655507,0.0943051989286457,0.903233235654799,0.999992724560555
7.37679760252773e-06,0.950352715937473,0.00246485287550278,0.0943648623740489,0.903170284750448,0.999992623247215
7.47952251562183e-06,0.950318943630955,0.00246820742367059,0.0944256978907496,0.90310609468558,0.99999252052305
7.58367791499719e-06,0.95028450132084,0.0024716308716727,0.0944877356149757,0.903040633513352,0.999992416368413
7.68928372075831e-06,0.950249371525315,0.00247512509743046,0.0945510067545094,0.90297386814806,0.999992310763386
7.79636013040524e-06,0.950213536130339,0.00247869204951955,0.0946155436402826,0.902905764310198,0.99999220368777
7.90492762269642e-06,0.95017697635869,0.00248233375072882,0.0946813797811626,0.902836286468109,0.999992095121087
8.01500696156541e-06,0.950139672737066,0.00248605230184707,0.0947485499221746,0.902765397775978,0.999991985042575
8.12661920009195e-06,0.950101605061094,0.00248984988569585,0.0948170901064212,0.902693060007883,0.99999187343118
8.23978568452851e-06,0.950062752358076,0.00249372877142754,0.0948870377409925,0.90261923348758,0.999991760265556
8.35452805838287e-06,0.9500230928473,0.00249769131911025,0.0949584316671794,0.90254387701371,0.999991645524061
8.4708682665574e-06,0.949982603897708,0.00250173998462285,0.0950313122353386,0.902466947780039,0.99999152918475
8.58882855954626e-06,0.949941261982721,0.00250587732488582,0.0951057213847869,0.902388401290327,0.999991411225373
8.70843149769072e-06,0.949899042631972,0.00251010600345617,0.0951817027291427,0.902308191267401,0.999991291623371
8.82969995549408e-06,0.949855920379698,0.00251442879651734,0.0952593016475699,0.902226269555913,0.999991170355869
8.9526571259964e-06,0.949811868709487,0.00251884859929839,0.0953385653824295,0.902142586018272,0.999991047399675
9.07732652521022e-06,0.949766859995094,0.00252336843296002,0.0954195431438923,0.902057088423148,0.999990922731274
9.20373199661823e-06,0.949720865436949,0.00252799145198913,0.0955022862221244,0.901969722325887,0.999990796326822
9.33189771573324e-06,0.949673854993991,0.00253272095214795,0.0955868481077227,0.901880430940129,0.999990668162146
9.46184819472199e-06,0.949625797310397,0.00253756037902872,0.0956732846211481,0.901789154999823,0.999990538212732
9.59360828709315e-06,0.949576659636737,0.00254251333727057,0.0957616540519857,0.901695832610744,0.999990406453729
9.72720319245054e-06,0.949526407745022,0.00254758360050149,0.0958520173089541,0.901600399090544,0.999990272859939
9.86265846131283e-06,0.94947500583708,0.00255277512207547,0.0959444380816887,0.901502786796236,0.99999013740581
1e-05,0.949422416445598,0.00255809204668292,0.096038983015439,0.901402924937878,0.999990000065438
1.01392540755881e-05,0.9493686003271,0.00256353872292164,0.0961357218999564,0.901300739377122,0.999989860812557
1.02804473209331e-05,0.949313516346076,0.00256911971692621,0.0962347278739959,0.901196152409078,0.999989719620534
1.0423606739764e-05,0.94925712134932,0.00257483982716517,0.0963360776470295,0.901089082525805,0.999989576462367
1.05687597118481e-05,0.949199370029489,0.00258070410052939,0.0964398517399632,0.900979444159507,0.999989431310676
1.07159339982267e-05,0.949140214776713,0.00258671784985023,0.0965461347468745,0.900867147403275,0.999989284137703
1.08651577465254e-05,0.949079605516974,0.00259288667300411,0.0966550156200446,0.900752097706951,0.9999891349153
1.10164594963366e-05,0.949017489535793,0.00259921647378051,0.0967665879808531,0.900634195545366,0.99998898361493
1.11698681846782e-05,0.948953811285563,0.00260571348471418,0.0968809504594458,0.90051333605584,0.999988830207656
1.13254131515281e-05,0.948888512174651,0.00261238429210977,0.096998207066478,0.900389408641412,0.999988674664139
1.14831241454351e-05,0.948821530336135,0.0026192358635187,0.0971184676006923,0.900262296535789,0.999988516954633
1.16430313292088e-05,0.948752800373724,0.0026262755779653,0.0972418480966216,0.900131876325413,0.999988357048976
1.18051652856881e-05,0.948682253082077,0.00263351125926206,0.0973684713173222,0.899998017423416,0.999988194916588
1.19695570235904e-05,0.94860981513831,0.00264095121280481,0.0974984672977703,0.899860581489425,0.999988030526459
1.21362379834424e-05,0.948535408761003,0.00264860426629754,0.0976319739453992,0.899719421788303,0.999987863847154
1.23052400435926e-05,0.948458951332445,0.0026564798149268,0.0977691377052571,0.899574382479816,0.999987694846793
1.24765955263087e-05,0.948380354979189,0.00266458787158834,0.097910114298446,0.899425297829966,0.999987523493058
1.2650337203959e-05,0.948299526105183,0.00267293912286675,0.0980550695439013,0.899271991333232,0.999987349753178
1.28264983052806e-05,0.948216364870791,0.0026815449915864,0.0982041802752463,0.899114274733167,0.999987173593926
1.30051125217341e-05,0.948130764609884,0.00269041770689184,0.0983576353664476,0.898951946926661,0.999986994981614
1.31862140139475e-05,0.948042611175815,0.00269957038298489,0.0985156368823999,0.898784792734615,0.999986813882083
1.33698374182495e-05,0.94795178220542,0.00270901710784922,0.0986784013734622,0.898612581518689,0.9999866302607
1.35560178532937e-05,0.94785814628822,0.00271877304354054,0.09884616133648,0.898435065619979,0.999986444082349
1.37447909267754e-05,0.947761562025525,0.00272885453992261,0.0990191668691049,0.898251978590972,0.999986255311426
1.39361927422414e-05,0.947661876961166,0.00273927926409889,0.0991976875494702,0.898063033186431,0.99998606391183
1.41302599059953e-05,0.947558926361883,0.00275006634824672,0.09938201457974,0.897867919072013,0.999985869846959
1.43270295340983e-05,0.947452531820842,0.00276123655912711,0.0995724632400615,0.897666300200811,0.999985673079701
1.45265392594678e-05,0.947342499652028,0.0027728124932506,0.0997693757094429,0.897457811797306,0.999985473572428
1.4728827239075e-05,0.947228619036116,0.00278481880256917,0.0999731243226298,0.897242056874801,0.999985271286986
1.49339321612425e-05,0.947110659869345,0.00279728245668995,0.10018411534793,0.89701860219538,0.999985066184694
1.51418932530435e-05,0.946988370255372,0.00281023304904301,0.100402793391171,0.896786973559786,0.999984858226329
1.53527502878042e-05,0.946861473565234,0.00282370315628302,0.100629646556965,0.896546650286752,0.999984647372124
1.55665435927106e-05,0.946729664971308,0.0028377287626017,0.100865212532181,0.896297058705217,0.99998443358176
1.57833140565212e-05,0.946592607335953,0.00285234976376662,0.10111008580056,0.896037564435673,0.999984216814355
1.6003103137387e-05,0.946449926302281,0.00286761056985379,0.10136492625573,0.895767463174417,0.999983997028459
1.62259528707809e-05,0.946301204390005,0.00288356083119213,0.101630469557606,0.895485969611202,0.999983774182047
1.64519058775366e-05,0.946145973839256,0.00290025631954684,0.101907539682393,0.89519220399806,0.999983548232507
1.66810053720006e-05,0.945983707863028,0.00291776000685495,0.102197064260235,0.89488517573291,0.999983319136639
1.69132951702965e-05,0.945813809854745,0.00293614339811354,0.102500093494284,0.894563763107603,0.999983086850638
1.71488196987054e-05,0.945635599936728,0.00295548819516686,0.102817823736211,0.894226688068622,0.999982851330095
1.73876240021625e-05,0.94544829800499,0.00297588839701802,0.103151627195983,0.893872484406999,0.999982612529981
1.7629753752872e-05,0.945251002089931,0.00299745298445392,0.10350308985123,0.893499457164316,0.999982370404646
1.78752552590424e-05,0.945042660352472,0.00302030939958624,0.103874060495884,0.89310563010453,0.999982124907804
1.81241754737424e-05,0.944822034273989,0.00304460812662856,0.104266715198765,0.892688676674607,0.999981875992531
1.83765620038817e-05,0.944587649409678,0.00307052882983065,0.104683643520982,0.892245827649187,0.999981623611253
1.86324631193156e-05,0.944337728164798,0.00309828874511484,0.105127966180175,0.89177374507471,0.999981367715741
1.88919277620767e-05,0.944070095881317,0.00312815442187501,0.105603499393615,0.89126834618451,0.999981108257102
1.91550055557353e-05,0.943782046052885,0.00316045860163798,0.106114990690954,0.890724550707408,0.999980845185774
1.94217468148902e-05,0.943470140629273,0.00319562526529734,0.106668468210859,0.890135906523843,0.99998057845152
1.96922025547917e-05,0.943129902657539,0.00323420824657666,0.107271778191769,0.889494013561654,0.999980308003428
1.99664245010979e-05,0.942755320672494,0.00327695359715941,0.107935451460694,0.888787594942147,0.999980033789907
2.02444650997681e-05,0.942338001602407,0.00332490635731547,0.108674184080556,0.888000909562129,0.999979755758703
2.05263775270925e-05,0.94186560981516,0.00337960763414047,0.109509565101399,0.88711082726446,0.99997947385692
2.08122156998634e-05,0.941318683848391,0.00344349719329836,0.110475637916621,0.88608086489008,0.999979188031084
2.1102034285686e-05,0.940663128228975,0.00352086469878063,0.111632014144489,0.88484712115673,0.999978898227305
2.13958887134342e-05,0.939827888261988,0.00362068340263992,0.113102856670743,0.883276459926617,0.999978604391773
2.16938351838519e-05,0.938599633925653,0.00377000536152073,0.115260721425652,0.880969273212827,0.99997830647315
