7.58367791499719e-08,0.513104055082935,0.486895944917065,0.513104055082935,0.999999942141669
7.68928372075831e-08,0.465205929268124,0.534794070731876,0.465205929268124,0.999999945098875
7.79636013040524e-08,0.440323754019819,0.559676245980181,0.440323754019819,0.999999946457522
7.90492762269642e-08,0.421253083199302,0.578746916800698,0.421253083199302,0.99999994742812
8.01500696156541e-08,0.405286392588616,0.594713607411384,0.405286392588616,0.99999994819775
8.12661920009195e-08,0.391340373985887,0.608659626014113,0.391340373985887,0.999999948840213
8.23978568452851e-08,0.378849913266369,0.621150086733631,0.378849913266369,0.999999949393497
8.35452805838287e-08,0.367475384743474,0.632524615256526,0.367475384743474,0.999999949880133
8.4708682665574e-08,0.356993495218118,0.643006504781882,0.356993495218118,0.999999950314746
8.58882855954626e-08,0.347247962560452,0.652752037439548,0.347247962560452,0.999999950707444
8.70843149769072e-08,0.338124232791451,0.661875767208549,0.338124232791451,0.999999951065541
8.82969995549408e-08,0.329535295137531,0.670464704862469,0.329535295137531,0.999999951394526
8.9526571259964e-08,0.321413162126177,0.678586837873823,0.321413162126177,0.999999951698633
9.07732652521022e-08,0.313703471224751,0.686296528775249,0.313703471224751,0.999999951981208
9.20373199661823e-08,0.306361913556189,0.693638086443811,0.306361913556189,0.999999952244945
9.33189771573324e-08,0.299351785728138,0.700648214271862,0.299351785728138,0.999999952492048
9.46184819472199e-08,0.292642260666345,0.707357739333655,0.292642260666345,0.999999952724346
9.59360828709315e-08,0.286207134788399,0.713792865211601,0.286207134788399,0.999999952943376
9.72720319245054e-08,0.280023900137353,0.719976099862647,0.280023900137353,0.999999953150442
9.86265846131283e-08,0.274073043898541,0.725926956101459,0.274073043898541,0.999999953346661
1e-07,0.268337510591125,0.731662489408875,0.268337510591125,0.999999953533
1.01392540755881e-07,0.26280228294013,0.73719771705987,0.26280228294013,0.999999953710297
1.02804473209331e-07,0.257454050851818,0.742545949148182,0.257454050851818,0.99999995387929
1.0423606739764e-07,0.252280946819243,0.747719053180757,0.252280946819243,0.999999954040627
1.05687597118481e-07,0.247272332123244,0.752727667876756,0.247272332123244,0.999999954194884
1.07159339982267e-07,0.242418622369719,0.757581377630281,0.242418622369719,0.999999954342571
1.08651577465254e-07,0.237711143842648,0.762288856157352,0.237711143842648,0.999999954484148
1.10164594963366e-07,0.233142014253749,0.766857985746251,0.233142014253749,0.999999954620027
1.11698681846782e-07,0.228704042994447,0.771295957005553,0.228704042994447,0.99999995475058
1.13254131515281e-07,0.224390647117069,0.775609352882931,0.224390647117069,0.999999954876141
1.14831241454351e-07,0.220195780106882,0.779804219893118,0.220195780106882,0.999999954997019
1.16430313292088e-07,0.216113871135023,0.783886128864977,0.216113871135023,0.99999995511349
1.18051652856881e-07,0.212139772960541,0.787860227039459,0.212139772960541,0.99999995522581
1.19695570235904e-07,0.208268717017118,0.791731282982882,0.208268717017118,0.999999955334212
1.21362379834424e-07,0.204496274504846,0.795503725495154,0.204496274504846,0.999999955438911
1.23052400435926e-07,0.200818322530152,0.799181677469848,0.200818322530152,0.999999955540104
1.24765955263087e-07,0.197231014512401,0.802768985487599,0.197231014512401,0.999999955637973
1.2650337203959e-07,0.193730754215114,0.806269245784886,0.193730754215114,0.999999955732687
1.28264983052806e-07,0.190314172871079,0.809685827128921,0.190314172871079,0.999999955824403
1.30051125217341e-07,0.18697810896032,0.81302189103968,0.18697810896032,0.999999955913266
1.31862140139475e-07,0.183719590272469,0.816280409727531,0.183719590272469,0.999999955999411
1.33698374182495e-07,0.18053581794423,0.81946418205577,0.18053581794423,0.999999956082965
1.35560178532937e-07,0.177424152211044,0.822575847788956,0.177424152211044,0.999999956164044
1.37447909267754e-07,0.17438209965195,0.82561790034805,0.17438209965195,0.99999995624276
1.39361927422414e-07,0.171407301739614,0.828592698260386,0.171407301739614,0.999999956319214
1.41302599059953e-07,0.168497524534944,0.831502475465056,0.168497524534944,0.999999956393505
1.43270295340983e-07,0.165650649388621,0.834349350611379,0.165650649388621,0.999999956465722
1.45265392594678e-07,0.162864664531048,0.837135335468952,0.162864664531048,0.999999956535951
1.4728827239075e-07,0.160137657448457,0.839862342551543,0.160137657448457,0.999999956604273
1.49339321612425e-07,0.157467807956531,0.842532192043469,0.157467807956531,0.999999956670763
1.51418932530435e-07,0.154853381894562,0.845146618105438,0.154853381894562,0.999999956735493
1.53527502878042e-07,0.152292725372988,0.847707274627012,0.152292725372988,0.999999956798531
1.55665435927106e-07,0.149784259515653,0.850215740484347,0.149784259515653,0.99999995685994
1.57833140565212e-07,0.14732647564535,0.85267352435465,0.14732647564535,0.999999956919782
1.6003103137387e-07,0.144917930867415,0.855082069132585,0.144917930867415,0.999999956978113
1.62259528707809e-07,0.142557244011553,0.857442755988447,0.142557244011553,0.999999957034988
1.64519058775366e-07,0.140243091896694,0.859756908103306,0.140243091896694,0.999999957090459
1.66810053720006e-07,0.137974205887705,0.862025794112295,0.137974205887705,0.999999957144574
1.69132951702965e-07,0.135749368716327,0.864250631283673,0.135749368716327,0.999999957197381
1.71488196987054e-07,0.133567411541702,0.866432588458298,0.133567411541702,0.999999957248924
1.73876240021625e-07,0.131427211228601,0.868572788771399,0.131427211228601,0.999999957299245
1.7629753752872e-07,0.129327687823742,0.870672312176258,0.129327687823742,0.999999957348385
1.78752552590424e-07,0.12726780221269,0.87273219778731,0.12726780221269,0.999999957396383
1.81241754737424e-07,0.125246553941619,0.874753446058381,0.125246553941619,0.999999957443275
1.83765620038817e-07,0.123262979189823,0.876737020810177,0.123262979189823,0.999999957489096
1.86324631193156e-07,0.12131614888027,0.87868385111973,0.12131614888027,0.999999957533879
1.88919277620766e-07,0.119405166916766,0.880594833083234,0.119405166916766,0.999999957577659
1.91550055557353e-07,0.117529168537364,0.882470831462636,0.117529168537364,0.999999957620464
1.94217468148903e-07,0.115687318774705,0.884312681225295,0.115687318774705,0.999999957662324
1.96922025547917e-07,0.113878811014778,0.886121188985222,0.113878811014778,0.999999957703268
1.99664245010979e-07,0.11210286564646,0.88789713435354,0.11210286564646,0.999999957743323
2.0244465099768e-07,0.110358728794825,0.889641271205175,0.110358728794825,0.999999957782515
2.05263775270925e-07,0.108645671131887,0.891354328868113,0.108645671131887,0.999999957820868
2.08122156998634e-07,0.106962986758984,0.893037013241016,0.106962986758984,0.999999957858407
2.1102034285686e-07,0.105309992155529,0.894690007844471,0.105309992155529,0.999999957895155
2.13958887134342e-07,0.1036860251893,0.8963139748107,0.1036860251893,0.999999957931134
2.16938351838518e-07,0.102090444183868,0.897909555816132,0.102090444183868,0.999999957966366
2.19959306803007e-07,0.100522627039111,0.899477372960889,0.100522627039111,0.99999995800087
2.23022329796594e-07,0.0989819704011199,0.90101802959888,0.0989819704011199,0.999999958034667
2.26128006633728e-07,0.0974678888780897,0.90253211112191,0.0974678888780897,0.999999958067775
2.29276931286565e-07,0.0959798142990763,0.904020185700924,0.0959798142990763,0.999999958100213
2.32469705998565e-07,0.0945171950127391,0.905482804987261,0.0945171950127391,0.999999958131999
2.35706941399673e-07,0.093079495223423,0.906920504776577,0.093079495223423,0.99999995816315
2.38989256623105e-07,0.0916661943621371,0.908333805637863,0.0916661943621371,0.999999958193682
2.4231727942376e-07,0.0902767864901769,0.909723213509823,0.0902767864901769,0.999999958223611
2.45691646298279e-07,0.0889107797333059,0.911089220266694,0.0889107797333059,0.999999958252952
2.49113002606779e-07,0.0875676957445719,0.912432304255428,0.0875676957445719,0.999999958281721
2.52582002696278e-07,0.0862470691939742,0.913752930806026,0.0862470691939742,0.999999958309931
2.56099310025846e-07,0.08494844728333,0.91505155271667,0.08494844728333,0.999999958337596
2.59665597293487e-07,0.0836713892848064,0.916328610715194,0.0836713892848064,0.999999958364731
2.63281546564802e-07,0.0824154661016964,0.917584533898304,0.0824154661016964,0.999999958391347
2.66947849403432e-07,0.0811802598501175,0.918819740149883,0.0811802598501175,0.999999958417457
2.70665207003324e-07,0.0799653634604033,0.920034636539597,0.0799653634604033,0.999999958443074
2.74434330322837e-07,0.0787703802970451,0.921229619702955,0.0787703802970451,0.99999995846821
2.78255940220713e-07,0.077594923796117,0.922405076203883,0.077594923796117,0.999999958492874
2.82130767593947e-07,0.0764386171191914,0.923561382880809,0.0764386171191914,0.99999995851708
2.86059553517574e-07,0.0753010928228205,0.92469890717718,0.0753010928228205,0.999999958540837
2.90043049386399e-07,0.0741819925427166,0.925818007457283,0.0741819925427166,0.999999958564155
2.94082017058707e-07,0.0730809666918244,0.926919033308176,0.0730809666918244,0.999999958587045
2.98177229001967e-07,0.0719976741715285,0.928002325828472,0.0719976741715285,0.999999958609517
3.02329468440578e-07,0.0709317820952897,0.92906821790471,0.0709317820952897,0.99999995863158
3.06539529505652e-07,0.0698829655240498,0.93011703447595,0.0698829655240498,0.999999958653243
3.10808217386906e-07,0.068850907212781,0.931149092787219,0.068850907212781,0.999999958674515
3.15136348486648e-07,0.067835297367602,0.932164702632398,0.067835297367602,0.999999958695404
3.19524750575921e-07,0.0668358334129133,0.933164166587087,0.0668358334129133,0.99999995871592
3.2397426295282e-07,0.0658522197680392,0.934147780231961,0.0658522197680392,0.999999958736071
3.28485736603004e-07,0.0648841676328963,0.935115832367104,0.0648841676328963,0.999999958755863
3.33060034362459e-07,0.0639313947822362,0.936068605217764,0.0639313947822362,0.999999958775306
3.37698031082509e-07,0.0629936253680363,0.937006374631964,0.0629936253680363,0.999999958794406
3.42400613797143e-07,0.0620705897296379,0.937929410270362,0.0620705897296379,0.999999958813171
3.47168681892656e-07,0.0611620242112554,0.938837975788745,0.0611620242112554,0.999999958831608
3.52003147279668e-07,0.0602676709865015,0.939732329013498,0.0602676709865015,0.999999958849723
3.56904934567523e-07,0.0593872778895924,0.940612722110408,0.0593872778895924,0.999999958867525
3.61874981241128e-07,0.0585205982529179,0.941479401747082,0.0585205982529179,0.999999958885018
3.66914237840249e-07,0.057667390750677,0.942332609249323,0.057667390750677,0.99999995890221
3.72023668141307e-07,0.0568274192482991,0.943172580751701,0.0568274192482991,0.999999958919107
3.77204249341699e-07,0.0560004526573835,0.943999547342616,0.0560004526573835,0.999999958935714
3.824569722467e-07,0.0551862647959054,0.944813735204095,0.0551862647959054,0.999999958952038
3.87782841458946e-07,0.054384634253452,0.945615365746548,0.054384634253452,0.999999958968085
3.93182875570577e-07,0.0535953442612617,0.946404655738738,0.0535953442612617,0.999999958983859
3.98658107358044e-07,0.0528181825668544,0.947181817433146,0.0528181825668544,0.999999958999367
4.0420958397963e-07,0.0520529413130514,0.947947058686949,0.0520529413130514,0.999999959014614
4.09838367175726e-07,0.0512994169211914,0.948700583078809,0.0512994169211914,0.999999959029604
4.15545533471888e-07,0.0505574099783651,0.949442590021635,0.0505574099783651,0.999999959044344
4.21332174384729e-07,0.0498267251284917,0.950173274871508,0.0498267251284917,0.999999959058838
4.27199396630678e-07,0.0491071709670777,0.950892829032922,0.0491071709670777,0.99999995907309
4.33148322337639e-07,0.0483985599395013,0.951601440060499,0.0483985599395013,0.999999959087105
4.39180089259609e-07,0.0477007082426754,0.952299291757325,0.0477007082426754,0.999999959100889
4.45295850994266e-07,0.0470134357299498,0.95298656427005,0.0470134357299498,0.999999959114445
4.5149677720361e-07,0.0463365658191194,0.953663434180881,0.0463365658191194,0.999999959127778
4.57784053837662e-07,0.0456699254034103,0.95433007459659,0.0456699254034103,0.999999959140892
4.64158883361277e-07,0.0450133447653273,0.954986655234673,0.0450133447653273,0.999999959153792
4.70622484984128e-07,0.0443666574932438,0.955633342506756,0.0443666574932438,0.99999995916648
4.77176094893875e-07,0.0437297004006291,0.956270299599371,0.0437297004006291,0.999999959178962
4.83820966492596e-07,0.0431023134478059,0.956897686552194,0.0431023134478059,0.999999959191241
4.90558370636505e-07,0.042484339666141,0.957515660333859,0.042484339666141,0.999999959203321
4.97389595879006e-07,0.0418756250845742,0.958124374915426,0.0418756250845742,0.999999959215206
5.04315948717136e-07,0.0412760186583961,0.958723981341604,0.0412760186583961,0.999999959226899
5.11338753841433e-07,0.040685372200188,0.959314627799812,0.040685372200188,0.999999959238404
5.18459354389291e-07,0.0401035403128419,0.959896459687158,0.0401035403128419,0.999999959249724
5.25679112201842e-07,0.0395303803245838,0.960469619675416,0.0395303803245838,0.999999959260862
5.32999408084408e-07,0.0389657522259244,0.961034247774076,0.0389657522259244,0.999999959271823
5.40421642070592e-07,0.0384095186084655,0.961590481391534,0.0384095186084655,0.999999959282609
5.47947233690029e-07,0.0378615446054965,0.962138455394503,0.0378615446054965,0.999999959293223
5.55577622239888e-07,0.0373216978343113,0.962678302165689,0.0373216978343113,0.999999959303669
5.63314267060135e-07,0.0367898483401875,0.963210151659812,0.0367898483401875,0.999999959313949
5.71158647812642e-07,0.0362658685419669,0.963734131458033,0.0362658685419669,0.999999959324066
5.79112264764176e-07,0.0357496331791787,0.964250366820821,0.0357496331791787,0.999999959334024
5.87176639073326e-07,0.035241019260653,0.964758980739347,0.035241019260653,0.999999959343825
5.95353313081437e-07,0.0347399060145713,0.965260093985429,0.0347399060145713,0.999999959353472
6.03643850607586e-07,0.0342461748399031,0.965753825160097,0.0342461748399031,0.999999959362968
6.12049837247669e-07,0.0337597092591826,0.966240290740817,0.0337597092591826,0.999999959372315
6.2057288067765e-07,0.0332803948725769,0.966719605127423,0.0332803948725769,0.999999959381516
6.29214610961035e-07,0.0328081193132049,0.967191880686795,0.0328081193132049,0.999999959390573
6.37976680860628e-07,0.0323427722036608,0.967657227796339,0.0323427722036608,0.99999995939949
6.46860766154632e-07,0.0318842451137041,0.968115754886296,0.0318842451137041,0.999999959408267
6.55868565957142e-07,0.0314324315190775,0.968567568480923,0.0314324315190775,0.999999959416909
6.65001803043112e-07,0.0309872267614127,0.969012773238587,0.0309872267614127,0.999999959425417
6.74262224177835e-07,0.0305485280091918,0.969451471990808,0.0305485280091918,0.999999959433793
6.83651600451024e-07,0.0301162342197261,0.969883765780274,0.0301162342197261,0.99999995944204
6.9317172761554e-07,0.0296902461021218,0.970309753897878,0.0296902461021218,0.99999995945016
7.02824426430834e-07,0.0292704660812004,0.9707295339188,0.0292704660812004,0.999999959458155
7.12611543011174e-07,0.0288567982623426,0.971143201737657,0.0288567982623426,0.999999959466027
7.22534949178722e-07,0.0284491483972252,0.971550851602775,0.0284491483972252,0.999999959473779
7.32596542821523e-07,0.0280474238504266,0.971952576149573,0.0280474238504266,0.999999959481411
7.42798248256491e-07,0.0276515335668683,0.972348466433132,0.0276515335668683,0.999999959488928
7.53142016597438e-07,0.0272613880400714,0.972738611959929,0.0272613880400714,0.999999959496329
7.63629826128224e-07,0.0268768992811987,0.973123100718801,0.0268768992811987,0.999999959503618
7.74263682681128e-07,0.0264979807888617,0.973502019211138,0.0264979807888617,0.999999959510795
7.85045620020451e-07,0.026124547519666,0.973875452480334,0.026124547519666,0.999999959517864
7.95977700231498e-07,0.025756515859475,0.974243484140525,0.025756515859475,0.999999959524826
8.07062014114951e-07,0.0253938035953692,0.974606196404631,0.0253938035953692,0.999999959531682
8.18300681586739e-07,0.0250363298882802,0.97496367011172,0.0250363298882802,0.999999959538434
8.29695852083491e-07,0.0246840152462786,0.975315984753721,0.0246840152462786,0.999999959545084
8.41249704973612e-07,0.0243367814984997,0.9756632185015,0.0243367814984997,0.999999959551634
8.52964449974102e-07,0.0239945517696825,0.976005448230318,0.0239945517696825,0.999999959558085
8.64842327573173e-07,0.0236572504553102,0.97634274954469,0.0236572504553102,0.999999959564439
8.76885609458743e-07,0.0233248031973301,0.97667519680267,0.0233248031973301,0.999999959570698
8.89096598952917e-07,0.0229971368604387,0.977002863139561,0.0229971368604387,0.999999959576863
9.01477631452492e-07,0.0226741795089149,0.977325820491085,0.0226741795089149,0.999999959582935
9.14031074875622e-07,0.0223558603839853,0.977644139616015,0.0223558603839853,0.999999959588916
9.26759330114688e-07,0.0220421098817077,0.977957890118292,0.0220421098817077,0.999999959594808
9.39664831495469e-07,0.0217328595313567,0.978267140468643,0.0217328595313567,0.999999959600612
9.5275004724273e-07,0.0214280419742989,0.978571958025701,0.0214280419742989,0.99999995960633
9.66017479952265e-07,0.0211275909433423,0.978872409056658,0.0211275909433423,0.999999959611962
9.79469667069539e-07,0.0208314412425484,0.979168558757452,0.0208314412425484,0.99999995961751
9.9310918137498e-07,0.0205395287274935,0.979460471272506,0.0205395287274935,0.999999959622976
1.00693863147603e-06,0.0202517902859669,0.979748209714033,0.0202517902859669,0.999999959628361
1.02096066230605e-06,0.0199681638190939,0.980031836180906,0.0199681638190939,0.999999959633666
1.03517795563018e-06,0.0196885882228729,0.980311411777127,0.0196885882228729,0.999999959638892
1.04959323055823e-06,0.0194130033701148,0.980586996629885,0.0194130033701148,0.999999959644041
1.06420924406472e-06,0.0191413500927738,0.980858649907226,0.0191413500927738,0.999999959649114
1.07902879151618e-06,0.0188735701646606,0.981126429835339,0.0188735701646606,0.999999959654111
1.09405470720574e-06,0.0186096062845252,0.981390393715475,0.0186096062845252,0.999999959659036
1.10928986489522e-06,0.0183494020595025,0.981650597940497,0.0183494020595025,0.999999959663887
1.12473717836475e-06,0.0180929019889097,0.98190709801109,0.0180929019889097,0.999999959668667
1.14039960197003e-06,0.0178400514483854,0.982159948551615,0.0178400514483854,0.999999959673377
1.15628013120738e-06,0.0175907966743656,0.982409203325634,0.0175907966743656,0.999999959678017
1.1723818032866e-06,0.0173450847488811,0.982654915251119,0.0173450847488811,0.99999995968259
1.1887076977119e-06,0.0171028635846759,0.982897136415324,0.0171028635846759,0.999999959687095
1.20526093687084e-06,0.0168640819106322,0.983135918089368,0.0168640819106322,0.999999959691535
1.22204468663149e-06,0.0166286892574973,0.983371310742503,0.0166286892574973,0.999999959695909
1.23906215694792e-06,0.0163966359439052,0.983603364056095,0.0163966359439052,0.999999959700219
1.25631660247412e-06,0.0161678730626824,0.983832126937318,0.0161678730626824,0.999999959704467
1.27381132318648e-06,0.0159423524674355,0.984057647532565,0.0159423524674355,0.999999959708652
1.29154966501488e-06,0.015720026759409,0.984279973240591,0.015720026759409,0.999999959712776
1.30953502048267e-06,0.0155008492746094,0.984499150725391,0.0155008492746094,0.99999995971684
1.32777082935543e-06,0.0152847740711893,0.984715225928811,0.0152847740711893,0.999999959720845
1.34626057929891e-06,0.0150717559170828,0.984928244082917,0.0150717559170828,0.999999959724792
1.36500780654601e-06,0.0148617502778887,0.985138249722111,0.0148617502778887,0.999999959728681
1.38401609657313e-06,0.0146547133049938,0.985345286695006,0.0146547133049938,0.999999959732514
1.40328908478587e-06,0.0144506018239313,0.985549398176069,0.0144506018239313,0.999999959736291
1.42283045721435e-06,0.0142493733229692,0.985750626677031,0.0142493733229692,0.999999959740013
1.44264395121816e-06,0.0140509859419213,0.985949014058079,0.0140509859419213,0.999999959743682
1.46273335620113e-06,0.0138553984611781,0.986144601538822,0.0138553984611781,0.999999959747297
1.4831025143361e-06,0.0136625702909502,0.98633742970905,0.0136625702909502,0.99999995975086
1.50375532129974e-06,0.0134724614607211,0.986527538539279,0.0134724614607211,0.999999959754371
1.52469572701758e-06,0.0132850326089028,0.986714967391097,0.0132850326089028,0.999999959757832
1.54592773641948e-06,0.0131002449726909,0.986899755027309,0.0131002449726909,0.999999959761242
1.5674554102056e-06,0.0129180603781137,0.987081939621886,0.0129180603781137,0.999999959764604
1.58928286562298e-06,0.0127384412302715,0.987261558769729,0.0127384412302715,0.999999959767917
1.61141427725302e-06,0.0125613505037608,0.987438649496239,0.0125613505037608,0.999999959771182
1.63385387780986e-06,0.0123867517332812,0.987613248266719,0.0123867517332812,0.9999999597744
1.65660595894992e-06,0.0122146090044177,0.987785390995582,0.0122146090044177,0.999999959777572
1.67967487209265e-06,0.0120448869445978,0.987955113055402,0.0120448869445978,0.999999959780698
1.70306502925284e-06,0.0118775507142171,0.988122449285783,0.0118775507142171,0.999999959783779
1.72678090388436e-06,0.0117125659979309,0.988287434002069,0.0117125659979309,0.999999959786816
1.75082703173573e-06,0.0115498989961077,0.988450101003892,0.0115498989961077,0.99999995978981
1.77520801171764e-06,0.0113895164164408,0.988610483583559,0.0113895164164408,0.99999995979276
1.79992850678248e-06,0.0112313854657148,0.988768614534285,0.0112313854657148,0.999999959795669
1.82499324481615e-06,0.011075473841724,0.988924526158276,0.011075473841724,0.999999959798535
1.8504070195423e-06,0.0109217497253387,0.989078250274661,0.0109217497253387,0.99999995980136
1.87617469143912e-06,0.010770181772716,0.989229818227284,0.010770181772716,0.999999959804145
1.90230118866895e-06,0.0106207391076538,0.989379260892346,0.0106207391076538,0.999999959806891
1.92879150802078e-06,0.0104733913140818,0.989526608685918,0.0104733913140818,0.999999959809596
1.95565071586595e-06,0.0103281084286894,0.989671891571311,0.0103281084286894,0.999999959812264
1.98288394912707e-06,0.0101848609336869,0.989815139066313,0.0101848609336869,0.999999959814893
2.0104964162605e-06,0.0100436197496957,0.989956380250304,0.0100436197496957,0.999999959817484
2.03849339825246e-06,0.00990435622876673,0.990095643771233,0.00990435622876673,0.999999959820039
2.06688024962908e-06,0.009767042147523,0.990232957852477,0.009767042147523,0.999999959822557
2.09566239948043e-06,0.00963164970042485,0.990368350299575,0.00963164970042485,0.99999995982504
2.12484535249888e-06,0.00949815149315392,0.990501848506846,0.00949815149315392,0.999999959827487
2.15443469003189e-06,0.00936652053611486,0.990633479463885,0.00936652053611486,0.999999959829899
2.18443607114943e-06,0.00923673023805149,0.990763269761949,0.00923673023805149,0.999999959832277
2.21485523372636e-06,0.0091087543997751,0.990891245600225,0.0091087543997751,0.99999995983462
2.24569799553977e-06,0.00898256720800217,0.991017432791998,0.00898256720800217,0.999999959836931
2.27697025538168e-06,0.00885814322930156,0.991141856770698,0.00885814322930156,0.999999959839209
2.30867799418717e-06,0.00873545740414494,0.991264542595855,0.00873545740414494,0.999999959841455
2.34082727617829e-06,0.00861448504106233,0.991385514958938,0.00861448504106233,0.999999959843668
2.37342425002387e-06,0.00849520181089813,0.991504798189102,0.00849520181089813,0.99999995984585
2.40647515001542e-06,0.00837758374116659,0.991622416258833,0.00837758374116659,0.999999959848002
2.43998629725955e-06,0.00826160721050462,0.991738392789495,0.00826160721050462,0.999999959850122
2.47396410088682e-06,0.00814724894321994,0.99185275105678,0.00814724894321994,0.999999959852213
2.50841505927754e-06,0.00803448600393253,0.991965513996067,0.00803448600393253,0.999999959854274
2.54334576130465e-06,0.00792329579230766,0.992076704207692,0.00792329579230766,0.999999959856306
2.5787628875938e-06,0.00781365603787909,0.992186343962121,0.00781365603787909,0.999999959858309
2.61467321180109e-06,0.00770554479495977,0.99229445520504,0.00770554479495977,0.999999959860284
2.65108360190854e-06,0.00759894043763898,0.992401059562361,0.00759894043763898,0.999999959862231
2.68800102153761e-06,0.00749382165486434,0.992506178345136,0.00749382165486434,0.99999995986415
2.72543253128103e-06,0.00739016744560683,0.992609832554393,0.00739016744560683,0.999999959866043
2.76338529005317e-06,0.00728795711410646,0.992712042885894,0.00728795711410646,0.999999959867908
2.8018665564592e-06,0.00718717026519855,0.992812829734801,0.00718717026519855,0.999999959869748
2.84088369018331e-06,0.00708778679971789,0.992912213200282,0.00708778679971789,0.999999959871561
2.8804441533963e-06,0.00698978690997976,0.99301021309002,0.00698978690997976,0.999999959873349
2.92055551218274e-06,0.00689315107533628,0.993106848924664,0.00689315107533628,0.999999959875111
2.96122543798803e-06,0.00679786005780647,0.993202139942194,0.00679786005780647,0.999999959876849
3.00246170908555e-06,0.00670389489777878,0.993296105102221,0.00670389489777878,0.999999959878562
3.04427221206431e-06,0.00661123690978493,0.993388763090215,0.00661123690978493,0.999999959880251
3.08666494333727e-06,0.00651986767834367,0.993480132321656,0.00651986767834367,0.999999959881916
3.12964801067075e-06,0.00642976905387205,0.993570230946128,0.00642976905387205,0.999999959883558
3.17322963473497e-06,0.00634092314866519,0.993659076851335,0.00634092314866519,0.999999959885177
3.21741815067637e-06,0.00625331233294091,0.993746687667059,0.00625331233294091,0.999999959886772
3.26222200971167e-06,0.00616691923094947,0.993833080769051,0.00616691923094947,0.999999959888346
3.30764978074424e-06,0.00608172671714713,0.993918273282853,0.00608172671714713,0.999999959889897
3.35371015200293e-06,0.00599771791243131,0.994002282087569,0.00599771791243131,0.999999959891427
3.4004119327037e-06,0.00591487618043751,0.994085123819562,0.00591487618043751,0.999999959892935
3.44776405473446e-06,0.00583318512389586,0.994166814876104,0.00583318512389586,0.999999959894422
3.49577557436328e-06,0.00575262858104741,0.994247371418953,0.00575262858104741,0.999999959895888
3.54445567397044e-06,0.00567319062211724,0.994326809377883,0.00567319062211724,0.999999959897333
3.59381366380463e-06,0.00559485554584505,0.994405144454155,0.00559485554584505,0.999999959898758
3.64385898376354e-06,0.00551760787607192,0.994482392123928,0.00551760787607192,0.999999959900164
3.6946012051993e-06,0.00544143235838046,0.99455856764162,0.00544143235838046,0.999999959901549
3.746050032749e-06,0.00536631395679088,0.994633686043209,0.00536631395679088,0.999999959902915
3.79821530619074e-06,0.0052922378505077,0.994707762149492,0.0052922378505077,0.999999959904262
3.85110700232557e-06,0.00521918943072008,0.99478081056928,0.00521918943072008,0.99999995990559
3.90473523688556e-06,0.00514715429745216,0.994852845702548,0.00514715429745216,0.999999959906899
3.95911026646846e-06,0.00507611825646381,0.994923881743536,0.00507611825646381,0.999999959908191
4.01424249049933e-06,0.0050060673162009,0.994993932683799,0.0050060673162009,0.999999959909463
4.07014245321944e-06,0.00493698768479278,0.995063012315207,0.00493698768479278,0.999999959910719
4.12682084570295e-06,0.00486886576709877,0.995131134232901,0.00486886576709877,0.999999959911956
4.18428850790158e-06,0.00480168816179993,0.9951983118382,0.00480168816179993,0.999999959913177
4.24255643071778e-06,0.00473544165853723,0.995264558341463,0.00473544165853723,0.99999995991438
4.3016357581068e-06,0.00467011323509514,0.995329886764905,0.00467011323509514,0.999999959915566
4.36153778920801e-06,0.00460569005462852,0.995394309945371,0.00460569005462852,0.999999959916736
4.4222739805059e-06,0.00454215946293368,0.995457840537066,0.00454215946293368,0.99999995991789
4.48385594802118e-06,0.00447950898576155,0.995520491014238,0.00447950898576155,0.999999959919027
4.5462954695324e-06,0.00441772632617388,0.995582273673826,0.00441772632617388,0.999999959920148
4.60960448682844e-06,0.00435679936193956,0.99564320063806,0.00435679936193956,0.999999959921254
4.67379510799246e-06,0.00429671614297156,0.995703283857028,0.00429671614297156,0.999999959922345
4.73887960971765e-06,0.00423746488880483,0.995762535111195,0.00423746488880483,0.99999995992342
4.80487043965512e-06,0.00417903398611197,0.995820966013888,0.00417903398611197,0.99999995992448
4.87178021879463e-06,0.00412141198625815,0.995878588013742,0.00412141198625815,0.999999959925525
4.93962174387833e-06,0.00406458760289397,0.995935412397106,0.00406458760289397,0.999999959926556
5.00840798984821e-06,0.00400854970958464,0.995991450290415,0.00400854970958464,0.999999959927573
5.07815211232767e-06,0.00395328733747713,0.996046712662523,0.00395328733747713,0.999999959928575
5.14886745013749e-06,0.00389878967300195,0.996101210326998,0.00389878967300195,0.999999959929563
5.22056752784698e-06,0.00384504605561053,0.996154953944389,0.00384504605561053,0.999999959930538
5.29326605836057e-06,0.0037920459755485,0.996207954024452,0.0037920459755485,0.999999959931499
5.36697694554048e-06,0.00373977907166123,0.996260220928339,0.00373977907166123,0.999999959932446
5.44171428686589e-06,0.00368823512923466,0.996311764870765,0.00368823512923466,0.99999995993338
5.51749237612912e-06,0.00363740407786806,0.996362595922132,0.00363740407786806,0.999999959934302
5.59432570616938e-06,0.00358727598937969,0.99641272401062,0.00358727598937969,0.99999995993521
5.67222897164455e-06,0.00353784107574484,0.996462158924255,0.00353784107574484,0.999999959936106
5.75121707184161e-06,0.00348908968706385,0.996510910312936,0.00348908968706385,0.99999995993699
5.83130511352622e-06,0.00344101230956306,0.996558987690437,0.00344101230956306,0.999999959937861
5.91250841383187e-06,0.00339359956362428,0.996606400436376,0.00339359956362428,0.99999995993872
5.99484250318941e-06,0.00334684220184511,0.996653157798155,0.00334684220184511,0.999999959939567
6.07832312829724e-06,0.00330073110712858,0.996699268892871,0.00330073110712858,0.999999959940402
6.16296625513294e-06,0.00325525729080145,0.996744742709199,0.00325525729080145,0.999999959941225
6.24878807200689e-06,0.00321041189076099,0.996789588109239,0.00321041189076099,0.999999959942038
6.33580499265824e-06,0.00316618616964992,0.99683381383035,0.00316618616964992,0.999999959942839
6.42403365939419e-06,0.00312257151305861,0.996877428486941,0.00312257151305861,0.999999959943628
6.51349094627281e-06,0.00307955942775451,0.996920440572245,0.00307955942775451,0.999999959944407
6.60419396233031e-06,0.00303714153993817,0.996962858460062,0.00303714153993817,0.999999959945175
6.69616005485322e-06,0.00299530959352523,0.997004690406475,0.00299530959352523,0.999999959945932
6.7894068126961e-06,0.00295405544845484,0.997045944551545,0.00295405544845484,0.999999959946679
6.8839520696455e-06,0.00291337107902234,0.997086628920978,0.00291337107902234,0.999999959947415
6.97981390783067e-06,0.00287324857223825,0.997126751427762,0.00287324857223825,0.999999959948142
7.07701066118189e-06,0.00283368012621033,0.99716631987379,0.00283368012621033,0.999999959948858
7.17556091893692e-06,0.00279465804855106,0.997205341951449,0.00279465804855106,0.999999959949564
7.27548352919622e-06,0.00275617475480816,0.997243825245192,0.00275617475480816,0.99999995995026
7.37679760252773e-06,0.00271822276691869,0.997281777233081,0.00271822276691869,0.999999959950947
7.47952251562183e-06,0.00268079471168614,0.997319205288314,0.00268079471168614,0.999999959951624
7.58367791499719e-06,0.00264388331928045,0.99735611668072,0.00264388331928045,0.999999959952292
7.68928372075831e-06,0.00260748142175948,0.997392518578241,0.00260748142175948,0.99999995995295
7.79636013040524e-06,0.00257158195161356,0.997428418048386,0.00257158195161356,0.9999999599536
7.90492762269642e-06,0.00253617794033068,0.997463822059669,0.00253617794033068,0.99999995995424
8.01500696156541e-06,0.00250126251698324,0.997498737483017,0.00250126251698324,0.999999959954871
8.12661920009195e-06,0.00246682890683625,0.997533171093164,0.00246682890683625,0.999999959955494
8.23978568452851e-06,0.00243287042997509,0.997567129570025,0.00243287042997509,0.999999959956108
8.35452805838287e-06,0.00239938049995403,0.997600619500046,0.00239938049995403,0.999999959956714
8.4708682665574e-06,0.0023663526224651,0.997633647377535,0.0023663526224651,0.999999959957311
8.58882855954626e-06,0.00233378039402576,0.997666219605974,0.00233378039402576,0.9999999599579
8.70843149769072e-06,0.00230165750068656,0.997698342499313,0.00230165750068656,0.999999959958481
8.82969995549408e-06,0.00226997771675741,0.997730022283243,0.00226997771675741,0.999999959959053
8.9526571259964e-06,0.00223873490355286,0.997761265096447,0.00223873490355286,0.999999959959618
9.07732652521022e-06,0.00220792300815531,0.997792076991845,0.00220792300815531,0.999999959960175
9.20373199661823e-06,0.00217753606219717,0.997822463937803,0.00217753606219717,0.999999959960724
9.33189771573324e-06,0.0021475681806602,0.99785243181934,0.0021475681806602,0.999999959961266
9.46184819472199e-06,0.0021180135606923,0.997881986439308,0.0021180135606923,0.9999999599618
9.59360828709315e-06,0.00208886648044271,0.997911133519557,0.00208886648044271,0.999999959962327
9.72720319245054e-06,0.00206012129791278,0.997939878702087,0.00206012129791278,0.999999959962846
9.86265846131283e-06,0.00203177244982444,0.997968227550176,0.00203177244982444,0.999999959963359
1e-05,0.00200381445050513,0.997996185549495,0.00200381445050513,0.999999959963864
1.01392540755881e-05,0.00197624189078871,0.998023758109211,0.00197624189078871,0.999999959964362
1.02804473209331e-05,0.00194904943693253,0.998050950563067,0.00194904943693253,0.999999959964853
1.0423606739764e-05,0.0019222318295502,0.99807776817045,0.0019222318295502,0.999999959965338
1.05687597118481e-05,0.00189578388256006,0.99810421611744,0.00189578388256006,0.999999959965815
1.07159339982267e-05,0.00186970048214852,0.998130299517851,0.00186970048214852,0.999999959966287
1.08651577465254e-05,0.00184397658574931,0.998156023414251,0.00184397658574931,0.999999959966751
1.10164594963366e-05,0.00181860722103622,0.998181392778964,0.00181860722103622,0.99999995996721
1.11698681846782e-05,0.00179358748493208,0.998206412515068,0.00179358748493208,0.999999959967661
1.13254131515281e-05,0.00176891254263067,0.998231087457369,0.00176891254263067,0.999999959968107
1.14831241454351e-05,0.00174457762663327,0.998255422373367,0.00174457762663327,0.999999959968547
1.16430313292088e-05,0.00172057803579984,0.9982794219642,0.00172057803579984,0.99999995996898
1.18051652856881e-05,0.00169690913441289,0.998303090865587,0.00169690913441289,0.999999959969407
1.19695570235904e-05,0.00167356635125537,0.998326433648745,0.00167356635125537,0.999999959969829
1.21362379834424e-05,0.00165054517870211,0.998349454821298,0.00165054517870211,0.999999959970245
1.23052400435926e-05,0.0016278411718238,0.998372158828176,0.0016278411718238,0.999999959970654
1.24765955263087e-05,0.00160544994750444,0.998394550052496,0.00160544994750444,0.999999959971059
1.2650337203959e-05,0.0015833671835711,0.998416632816429,0.0015833671835711,0.999999959971457
1.28264983052806e-05,0.00156158861793632,0.998438411382064,0.00156158861793632,0.999999959971851
1.30051125217341e-05,0.00154011004775356,0.998459889952246,0.00154011004775356,0.999999959972238
1.31862140139475e-05,0.00151892732858305,0.998481072671417,0.00151892732858305,0.999999959972621
1.33698374182495e-05,0.00149803637357182,0.998501963626428,0.00149803637357182,0.999999959972998
1.35560178532937e-05,0.00147743315264404,0.998522566847356,0.00147743315264404,0.99999995997337
1.37447909267754e-05,0.00145711369170309,0.998542886308297,0.00145711369170309,0.999999959973737
1.39361927422414e-05,0.0014370740718459,0.998562925928154,0.0014370740718459,0.999999959974098
1.41302599059953e-05,0.00141731042858784,0.998582689571412,0.00141731042858784,0.999999959974455
1.43270295340983e-05,0.00139781895109869,0.998602181048901,0.00139781895109869,0.999999959974807
1.45265392594678e-05,0.0013785958814504,0.99862140411855,0.0013785958814504,0.999999959975154
1.4728827239075e-05,0.00135963751387425,0.998640362486126,0.00135963751387425,0.999999959975496
1.49339321612425e-05,0.00134094019403019,0.99865905980597,0.00134094019403019,0.999999959975833
1.51418932530435e-05,0.00132250031828518,0.998677499681715,0.00132250031828518,0.999999959976166
1.53527502878042e-05,0.00130431433300304,0.998695685666997,0.00130431433300304,0.999999959976494
1.55665435927106e-05,0.00128637873384341,0.998713621266157,0.00128637873384341,0.999999959976818
1.57833140565212e-05,0.0012686900650718,0.998731309934928,0.0012686900650718,0.999999959977137
1.6003103137387e-05,0.00125124491887862,0.998748755081121,0.00125124491887862,0.999999959977452
1.62259528707809e-05,0.00123403993470805,0.998765960065292,0.00123403993470805,0.999999959977762
1.64519058775366e-05,0.0012170717985972,0.998782928201403,0.0012170717985972,0.999999959978068
1.66810053720006e-05,0.00120033724252344,0.998799662757477,0.00120033724252344,0.99999995997837
1.69132951702965e-05,0.00118383304376246,0.998816166956238,0.00118383304376246,0.999999959978668
1.71488196987054e-05,0.00116755602425411,0.998832443975746,0.00116755602425411,0.999999959978962
1.73876240021625e-05,0.00115150304997846,0.998848496950022,0.00115150304997846,0.999999959979251
1.7629753752872e-05,0.00113567103033974,0.99886432896966,0.00113567103033974,0.999999959979537
1.78752552590424e-05,0.00112005691755956,0.99887994308244,0.00112005691755956,0.999999959979818
1.81241754737424e-05,0.0011046577060787,0.998895342293921,0.0011046577060787,0.999999959980096
1.83765620038817e-05,0.00108947043196772,0.998910529568032,0.00108947043196772,0.99999995998037
1.86324631193156e-05,0.00107449217234501,0.998925507827655,0.00107449217234501,0.99999995998064
1.88919277620767e-05,0.0010597200448037,0.998940279955196,0.0010597200448037,0.999999959980907
1.91550055557353e-05,0.00104515120684723,0.998954848793153,0.00104515120684723,0.999999959981169
1.94217468148902e-05,0.00103078285533176,0.998969217144668,0.00103078285533176,0.999999959981429
1.96922025547917e-05,0.00101661222591742,0.998983387774083,0.00101661222591742,0.999999959981684
1.99664245010979e-05,0.00100263659252697,0.998997363407473,0.00100263659252697,0.999999959981936
2.02444650997681e-05,0.000988853266811751,0.999011146733188,0.000988853266811751,0.999999959982185
2.05263775270925e-05,0.000975259597626343,0.999024740402374,0.000975259597626343,0.99999995998243
2.08122156998634e-05,0.000961852970508992,0.999038147029491,0.000961852970508992,0.999999959982672
2.1102034285686e-05,0.000948630807171225,0.999051369192829,0.000948630807171225,0.99999995998291
2.13958887134342e-05,0.000935590564992927,0.999064409435007,0.000935590564992927,0.999999959983145
2.16938351838519e-05,0.000922729736526184,0.999077270263474,0.000922729736526184,0.999999959983377
2.19959306803007e-05,0.000910045849004559,0.999089954150995,0.000910045849004559,0.999999959983606
2.23022329796594e-05,0.000897536463860593,0.999102463536139,0.000897536463860593,0.999999959983831
2.26128006633728e-05,0.000885199176249296,0.999114800823751,0.000885199176249296,0.999999959984054
2.29276931286565e-05,0.000873031614579078,0.999126968385421,0.000873031614579078,0.999999959984273
2.32469705998565e-05,0.000861031440048232,0.999138968559952,0.000861031440048232,0.99999995998449
2.35706941399673e-05,0.000849196346189185,0.999150803653811,0.000849196346189185,0.999999959984703
2.38989256623105e-05,0.000837524058418415,0.999162475941582,0.000837524058418415,0.999999959984913
2.4231727942376e-05,0.000826012333592696,0.999173987666407,0.000826012333592696,0.999999959985121
2.45691646298279e-05,0.000814658959572001,0.999185341040428,0.000814658959572001,0.999999959985326
2.49113002606779e-05,0.000803461754788182,0.999196538245212,0.000803461754788182,0.999999959985527
2.52582002696278e-05,0.000792418567820086,0.99920758143218,0.000792418567820086,0.999999959985727
2.56099310025846e-05,0.000781527276974225,0.999218472723026,0.000781527276974225,0.999999959985923
2.59665597293487e-05,0.000770785789871664,0.999229214210128,0.000770785789871664,0.999999959986116
2.63281546564802e-05,0.000760192043040564,0.999239807956959,0.000760192043040564,0.999999959986307
2.66947849403432e-05,0.000749744001514618,0.999250255998485,0.000749744001514618,0.999999959986496
2.70665207003324e-05,0.000739439658437036,0.999260560341563,0.000739439658437036,0.999999959986682
2.74434330322836e-05,0.00072927703466974,0.99927072296533,0.00072927703466974,0.999999959986865
2.78255940220713e-05,0.000719254178408679,0.999280745821591,0.000719254178408679,0.999999959987045
2.82130767593947e-05,0.000709369164804463,0.999290630835196,0.000709369164804463,0.999999959987224
2.86059553517574e-05,0.000699620095587439,0.999300379904413,0.000699620095587439,0.999999959987399
2.90043049386399e-05,0.00069000509869932,0.999309994901301,0.00069000509869932,0.999999959987573
2.94082017058706e-05,0.000680522327929256,0.999319477672071,0.000680522327929256,0.999999959987743
2.98177229001967e-05,0.000671169962554674,0.999328830037445,0.000671169962554674,0.999999959987912
3.02329468440578e-05,0.000661946206988118,0.999338053793012,0.000661946206988118,0.999999959988078
3.06539529505653e-05,0.000652849290428303,0.999347150709572,0.000652849290428303,0.999999959988242
3.10808217386906e-05,0.000643877466516174,0.999356122533484,0.000643877466516174,0.999999959988404
3.15136348486648e-05,0.000635029012995836,0.999364970987004,0.000635029012995836,0.999999959988563
3.19524750575921e-05,0.000626302231380604,0.999373697768619,0.000626302231380604,0.999999959988721
3.2397426295282e-05,0.000617695446623268,0.999382304553377,0.000617695446623268,0.999999959988876
3.28485736603005e-05,0.000609207006790569,0.999390792993209,0.000609207006790569,0.999999959989029
3.33060034362459e-05,0.000600835282743795,0.999399164717256,0.000600835282743795,0.99999995998918
3.37698031082509e-05,0.000592578667821808,0.999407421332178,0.000592578667821808,0.999999959989328
3.42400613797143e-05,0.000584435577529963,0.99941556442247,0.000584435577529963,0.999999959989475
3.47168681892656e-05,0.000576404449233126,0.999423595550767,0.000576404449233126,0.99999995998962
3.52003147279668e-05,0.000568483741852477,0.999431516258148,0.000568483741852477,0.999999959989763
3.56904934567523e-05,0.000560671935566526,0.999439328064433,0.000560671935566526,0.999999959989903
3.61874981241128e-05,0.000552967531517679,0.999447032468482,0.000552967531517679,0.999999959990042
3.66914237840249e-05,0.000545369051520694,0.999454630948479,0.000545369051520694,0.999999959990179
3.72023668141307e-05,0.000537875037777136,0.999462124962223,0.000537875037777136,0.999999959990314
3.772042493417e-05,0.000530484052592706,0.999469515947407,0.000530484052592706,0.999999959990447
3.824569722467e-05,0.000523194678098915,0.999476805321901,0.000523194678098915,0.999999959990579
3.87782841458945e-05,0.000516005515978857,0.999483994484021,0.000516005515978857,0.999999959990708
3.93182875570577e-05,0.000508915187196202,0.999491084812804,0.000508915187196202,0.999999959990836
3.98658107358044e-05,0.00050192233172841,0.999498077668272,0.00050192233172841,0.999999959990962
4.04209583979631e-05,0.000495025608303723,0.999504974391696,0.000495025608303723,0.999999959991086
4.09838367175726e-05,0.000488223694141365,0.999511776305859,0.000488223694141365,0.999999959991209
4.15545533471887e-05,0.000481515284695977,0.999518484715304,0.000481515284695977,0.99999995999133
4.21332174384729e-05,0.000474899093405257,0.999525100906595,0.000474899093405257,0.999999959991449
4.27199396630678e-05,0.000468373851441051,0.999531626148559,0.000468373851441051,0.999999959991566
4.3314832233764e-05,0.000461938307463994,0.999538061692536,0.000461938307463994,0.999999959991682
4.39180089259609e-05,0.000455591227381702,0.999544408772618,0.000455591227381702,0.999999959991797
4.45295850994265e-05,0.000449331394110408,0.99955066860589,0.000449331394110408,0.999999959991909
4.5149677720361e-05,0.000443157607339262,0.999556842392661,0.000443157607339262,0.999999959992021
4.57784053837662e-05,0.000437068683298958,0.999562931316701,0.000437068683298958,0.99999995999213
4.64158883361278e-05,0.000431063454532588,0.999568936545467,0.000431063454532588,0.999999959992238
4.70622484984128e-05,0.000425140769670262,0.99957485923033,0.000425140769670262,0.999999959992345
4.77176094893874e-05,0.000419299493206737,0.999580700506793,0.000419299493206737,0.99999995999245
4.83820966492596e-05,0.000413538505282252,0.999586461494718,0.000413538505282252,0.999999959992554
4.90558370636505e-05,0.000407856701466036,0.999592143298534,0.000407856701466036,0.999999959992656
4.97389595879007e-05,0.00040225299254304,0.999597747007457,0.00040225299254304,0.999999959992757
5.04315948717136e-05,0.000396726304303985,0.999603273695696,0.000396726304303985,0.999999959992857
5.11338753841432e-05,0.000391275577337646,0.999608724422662,0.000391275577337646,0.999999959992955
5.18459354389291e-05,0.000385899766826903,0.999614100233173,0.000385899766826903,0.999999959993052
5.25679112201842e-05,0.000380597842346231,0.999619402157654,0.000380597842346231,0.999999959993148
5.32999408084409e-05,0.000375368787663977,0.999624631212336,0.000375368787663977,0.999999959993242
5.40421642070591e-05,0.000370211600545289,0.999629788399455,0.000370211600545289,0.999999959993335
5.47947233690028e-05,0.000365125292559387,0.999634874707441,0.000365125292559387,0.999999959993426
5.55577622239888e-05,0.000360108888888933,0.999639891111111,0.000360108888888933,0.999999959993517
5.63314267060135e-05,0.000355161428141515,0.999644838571858,0.000355161428141515,0.999999959993606
5.71158647812644e-05,0.000350281962164689,0.999649718037835,0.000350281962164689,0.999999959993694
5.79112264764176e-05,0.00034546955586312,0.999654530444137,0.00034546955586312,0.99999995999378
5.87176639073326e-05,0.000340723287018285,0.999659276712982,0.000340723287018285,0.999999959993866
5.95353313081437e-05,0.000336042246110391,0.99966395775389,0.000336042246110391,0.99999995999395
6.03643850607586e-05,0.000331425536143515,0.999668574463856,0.000331425536143515,0.999999959994033
6.1204983724767e-05,0.000326872272472412,0.999673127727528,0.000326872272472412,0.999999959994115
6.2057288067765e-05,0.000322381582632203,0.999677618417368,0.000322381582632203,0.999999959994196
6.29214610961035e-05,0.000317952606169847,0.99968204739383,0.000317952606169847,0.999999959994276
6.37976680860628e-05,0.000313584494479269,0.999686415505521,0.000313584494479269,0.999999959994355
6.46860766154632e-05,0.000309276410636938,0.999690723589363,0.000309276410636938,0.999999959994432
6.55868565957144e-05,0.000305027529240887,0.999694972470759,0.000305027529240887,0.999999959994509
6.65001803043112e-05,0.000300837036252277,0.999699162963748,0.000300837036252277,0.999999959994584
6.74262224177835e-05,0.000296704128837644,0.999703295871162,0.000296704128837644,0.999999959994659
6.83651600451024e-05,0.000292628015215124,0.999707371984785,0.000292628015215124,0.999999959994732
6.9317172761554e-05,0.000288607914501915,0.999711392085498,0.000288607914501915,0.999999959994804
7.02824426430835e-05,0.000284643056563172,0.999715356943437,0.000284643056563172,0.999999959994876
7.12611543011175e-05,0.000280732681864682,0.999719267318135,0.000280732681864682,0.999999959994946
7.22534949178722e-05,0.000276876041326091,0.999723123958674,0.000276876041326091,0.999999959995016
7.32596542821523e-05,0.000273072396176799,0.999726927603823,0.000273072396176799,0.999999959995084
7.42798248256491e-05,0.000269321017813962,0.999730678982186,0.000269321017813962,0.999999959995152
7.53142016597438e-05,0.000265621187661935,0.999734378812338,0.000265621187661935,0.999999959995218
7.63629826128224e-05,0.000261972197034499,0.999738027802966,0.000261972197034499,0.999999959995284
7.74263682681128e-05,0.000258373346997853,0.999741626653002,0.000258373346997853,0.999999959995349
7.85045620020451e-05,0.000254823948236615,0.999745176051763,0.000254823948236615,0.999999959995413
7.95977700231498e-05,0.000251323320921037,0.999748676679079,0.000251323320921037,0.999999959995476
8.07062014114951e-05,0.000247870794576222,0.999752129205424,0.000247870794576222,0.999999959995538
8.18300681586739e-05,0.000244465707953112,0.999755534292047,0.000244465707953112,0.999999959995599
8.29695852083492e-05,0.000241107408901597,0.999758892591098,0.000241107408901597,0.99999995999566
8.41249704973612e-05,0.000237795254244388,0.999762204745756,0.000237795254244388,0.99999995999572
8.52964449974102e-05,0.000234528609654339,0.999765471390346,0.000234528609654339,0.999999959995778
8.64842327573173e-05,0.000231306849531432,0.999768693150469,0.000231306849531432,0.999999959995836
8.76885609458743e-05,0.000228129356883211,0.999771870643117,0.000228129356883211,0.999999959995894
8.89096598952917e-05,0.000224995523205762,0.999775004476794,0.000224995523205762,0.99999995999595
9.01477631452492e-05,0.00022190474836703,0.999778095251633,0.00022190474836703,0.999999959996006
9.14031074875622e-05,0.000218856440491133,0.999781143559509,0.000218856440491133,0.999999959996061
9.26759330114688e-05,0.000215850015844787,0.999784149984155,0.000215850015844787,0.999999959996115
9.39664831495469e-05,0.000212884898725063,0.999787115101275,0.000212884898725063,0.999999959996168
9.5275004724273e-05,0.000209960521348806,0.999790039478651,0.000209960521348806,0.999999959996221
9.66017479952265e-05,0.000207076323743061,0.999792923676257,0.000207076323743061,0.999999959996273
9.79469667069539e-05,0.000204231753638262,0.999795768246362,0.000204231753638262,0.999999959996324
9.9310918137498e-05,0.000201426266361437,0.999798573733639,0.000201426266361437,0.999999959996374
0.000100693863147603,0.000198659324731842,0.999801340675268,0.000198659324731842,0.999999959996424
0.000102096066230605,0.0001959303989576,0.999804069601042,0.0001959303989576,0.999999959996473
0.000103517795563018,0.000193238966534115,0.999806761033466,0.000193238966534115,0.999999959996522
0.000104959323055823,0.000190584512143599,0.999809415487856,0.000190584512143599,0.99999995999657
0.000106420924406472,0.000187966527555816,0.999812033472444,0.000187966527555816,0.999999959996617
0.000107902879151618,0.000185384511530939,0.999814615488469,0.000185384511530939,0.999999959996663
0.000109405470720574,0.00018283796972296,0.999817162030277,0.00018283796972296,0.999999959996709
0.000110928986489522,0.000180326414584653,0.999819673585415,0.000180326414584653,0.999999959996754
0.000112473717836475,0.000177849365274318,0.999822150634726,0.000177849365274318,0.999999959996799
0.000114039960197003,0.000175406347562967,0.999824593652437,0.000175406347562967,0.999999959996843
0.000115628013120738,0.000172996893743727,0.999827003106256,0.000172996893743727,0.999999959996886
0.00011723818032866,0.000170620542541688,0.999829379457458,0.000170620542541688,0.999999959996929
0.00011887076977119,0.000168276839025427,0.999831723160975,0.000168276839025427,0.999999959996971
0.000120526093687084,0.000165965334519624,0.99983403466548,0.000165965334519624,0.999999959997013
0.000122204468663149,0.000163685586519025,0.999836314413481,0.000163685586519025,0.999999959997054
0.000123906215694792,0.000161437158603506,0.999838562841396,0.000161437158603506,0.999999959997094
0.000125631660247412,0.000159219620354145,0.999840780379646,0.000159219620354145,0.999999959997134
0.000127381132318648,0.000157032547270619,0.999842967452729,0.000157032547270619,0.999999959997174
0.000129154966501488,0.000154875520689823,0.99984512447931,0.000154875520689823,0.999999959997213
0.000130953502048267,0.000152748127705493,0.999847251872295,0.000152748127705493,0.999999959997251
0.000132777082935543,0.000150649961088822,0.999849350038911,0.000150649961088822,0.999999959997289
0.000134626057929891,0.000148580619210414,0.99985141938079,0.000148580619210414,0.999999959997326
0.000136500780654601,0.000146539705963344,0.999853460294037,0.000146539705963344,0.999999959997363
0.000138401609657313,0.000144526830686775,0.999855473169313,0.000144526830686775,0.999999959997399
0.000140328908478587,0.00014254160809124,0.999857458391909,0.00014254160809124,0.999999959997435
0.000142283045721435,0.000140583658184812,0.999859416341815,0.000140583658184812,0.99999995999747
0.000144264395121816,0.00013865260619994,0.9998613473938,0.00013865260619994,0.999999959997505
0.000146273335620113,0.000136748082521732,0.999863251917478,0.000136748082521732,0.999999959997539
0.00014831025143361,0.000134869722616893,0.999865130277383,0.000134869722616893,0.999999959997573
0.000150375532129974,0.000133017166963789,0.999866982833036,0.000133017166963789,0.999999959997606
0.000152469572701757,0.000131190060983721,0.999868809939016,0.000131190060983721,0.999999959997639
0.000154592773641948,0.000129388054972424,0.999870611945028,0.000129388054972424,0.999999959997672
0.00015674554102056,0.000127610804033784,0.999872389195966,0.000127610804033784,0.999999959997704
0.000158928286562298,0.000125857968012677,0.999874142031987,0.000125857968012677,0.999999959997735
0.000161141427725302,0.000124129211430346,0.99987587078857,0.000124129211430346,0.999999959997766
0.000163385387780986,0.000122424203420235,0.99987757579658,0.000122424203420235,0.999999959997797
0.000165660595894992,0.000120742617663705,0.999879257382336,0.000120742617663705,0.999999959997827
0.000167967487209265,0.000119084132328529,0.999880915867671,0.000119084132328529,0.999999959997857
0.000170306502925284,0.000117448430006162,0.999882551569994,0.000117448430006162,0.999999959997886
0.000172678090388436,0.000115835197651459,0.999884164802349,0.000115835197651459,0.999999959997915
0.000175082703173572,0.000114244126522611,0.999885755873477,0.000114244126522611,0.999999959997944
0.000177520801171764,0.000112674912121635,0.999887325087878,0.000112674912121635,0.999999959997972
0.000179992850678248,0.000111127254136423,0.999888872745864,0.000111127254136423,0.999999959998
0.000182499324481615,0.000109600856382674,0.999890399143617,0.000109600856382674,0.999999959998028
0.00018504070195423,0.00010809542674739,0.999891904573253,0.00010809542674739,0.999999959998055
0.000187617469143912,0.000106610677132912,0.999893389322867,0.000106610677132912,0.999999959998082
0.000190230118866895,0.000105146323401528,0.999894853676598,0.000105146323401528,0.999999959998108
0.000192879150802078,0.000103702085321067,0.999896297914679,0.000103702085321067,0.999999959998134
0.000195565071586595,0.000102277686511276,0.999897722313489,0.000102277686511276,0.99999995999816
0.000198288394912707,0.000100872854390421,0.99989912714561,0.000100872854390421,0.999999959998185
0.00020104964162605,9.9487320123548e-05,0.999900512679876,9.9487320123548e-05,0.99999995999821
0.000203849339825246,9.81208185709681e-05,0.999901879181429,9.81208185709681e-05,0.999999959998234
0.000206688024962908,9.67730882366347e-05,0.999903226911763,9.67730882366347e-05,0.999999959998259
0.000209566239948044,9.54438712190697e-05,0.999904556128781,9.54438712190697e-05,0.999999959998283
0.000212484535249888,9.41329131612934e-05,0.999905867086839,9.41329131612934e-05,0.999999959998306
0.000215443469003188,9.28399632020849e-05,0.999907160036798,9.28399632020849e-05,0.999999959998329
0.000218443607114943,9.15647739283543e-05,0.999908435226072,9.15647739283543e-05,0.999999959998352
0.000221485523372636,9.03071013269585e-05,0.999909692898673,9.03071013269585e-05,0.999999959998375
0.000224569799553978,8.90667047388494e-05,0.999910933295261,8.90667047388494e-05,0.999999959998397
0.000227697025538168,8.78433468121109e-05,0.999912156653188,8.78433468121109e-05,0.99999995999842
0.000230867799418717,8.66367934571066e-05,0.999913363206543,8.66367934571066e-05,0.999999959998441
0.000234082727617829,8.54468138011821e-05,0.999914553186199,8.54468138011821e-05,0.999999959998463
0.000237342425002387,8.42731801447005e-05,0.999915726819855,8.42731801447005e-05,0.999999959998484
0.000240647515001543,8.31156679172995e-05,0.999916884332083,8.31156679172995e-05,0.999999959998505
0.000243998629725955,8.19740556348147e-05,0.999918025944365,8.19740556348147e-05,0.999999959998525
0.000247396410088681,8.08481248568693e-05,0.999919151875143,8.08481248568693e-05,0.999999959998545
0.000250841505927754,7.97376601450184e-05,0.999920262339855,7.97376601450184e-05,0.999999959998565
0.000254334576130465,7.86424490217819e-05,0.999921357550978,7.86424490217819e-05,0.999999959998585
0.00025787628875938,7.75622819291222e-05,0.999922437718071,7.75622819291222e-05,0.999999959998604
0.000261467321180109,7.64969521892533e-05,0.999923503047811,7.64969521892533e-05,0.999999959998624
0.000265108360190854,7.54462559644509e-05,0.999924553744036,7.54462559644509e-05,0.999999959998643
0.000268800102153761,7.4409992218083e-05,0.999925590007782,7.4409992218083e-05,0.999999959998661
0.000272543253128103,7.33879626760858e-05,0.999926612037324,7.33879626760858e-05,0.99999995999868
0.000276338529005317,7.2379971789327e-05,0.999927620028211,7.2379971789327e-05,0.999999959998698
0.00028018665564592,7.13858266957468e-05,0.999928614173304,7.13858266957468e-05,0.999999959998716
0.00028408836901833,7.04053371832769e-05,0.999929594662817,7.04053371832769e-05,0.999999959998733
0.00028804441533963,6.94383156540912e-05,0.999930561684346,6.94383156540912e-05,0.999999959998751
0.000292055551218275,6.84845770878573e-05,0.999931515422912,6.84845770878573e-05,0.999999959998768
0.000296122543798804,6.75439390068755e-05,0.999932456060993,6.75439390068755e-05,0.999999959998785
0.000300246170908555,6.6616221440996e-05,0.999933383778559,6.6616221440996e-05,0.999999959998802
0.00030442722120643,6.57012468927576e-05,0.999934298753107,6.57012468927576e-05,0.999999959998818
0.000308666494333727,6.47988403039701e-05,0.999935201159696,6.47988403039701e-05,0.999999959998834
0.000312964801067075,6.39088290217416e-05,0.999936091170978,6.39088290217416e-05,0.99999995999885
0.000317322963473498,6.30310427658376e-05,0.999936968957234,6.30310427658376e-05,0.999999959998866
0.000321741815067637,6.21653135955968e-05,0.999937834686404,6.21653135955968e-05,0.999999959998882
0.000326222200971167,6.13114758778455e-05,0.999938688524122,6.13114758778455e-05,0.999999959998897
0.000330764978074424,6.04693662556999e-05,0.999939530633744,6.04693662556999e-05,0.999999959998912
0.000335371015200293,5.96388236165923e-05,0.999940361176383,5.96388236165923e-05,0.999999959998927
0.000340041193270371,5.88196890617398e-05,0.999941180310938,5.88196890617398e-05,0.999999959998942
0.000344776405473446,5.8011805875724e-05,0.999941988194124,5.8011805875724e-05,0.999999959998957
0.000349577557436327,5.72150194965149e-05,0.999942784980503,5.72150194965149e-05,0.999999959998971
0.000354445567397044,5.64291774856063e-05,0.999943570822514,5.64291774856063e-05,0.999999959998985
0.000359381366380463,5.56541294992607e-05,0.999944345870501,5.56541294992607e-05,0.999999959998999
0.000364385898376355,5.48897272593107e-05,0.999945110272741,5.48897272593107e-05,0.999999959999013
0.00036946012051993,5.4135824524848e-05,0.999945864175475,5.4135824524848e-05,0.999999959999026
0.000374605003274899,5.33922770643569e-05,0.999946607722936,5.33922770643569e-05,0.99999995999904
0.000379821530619074,5.26589426280699e-05,0.999947341057372,5.26589426280699e-05,0.999999959999053
0.000385110700232557,5.19356809207672e-05,0.999948064319079,5.19356809207672e-05,0.999999959999066
0.000390473523688556,5.1222353574687e-05,0.999948777646425,5.1222353574687e-05,0.999999959999079
0.000395911026646846,5.05188241231025e-05,0.999949481175877,5.05188241231025e-05,0.999999959999091
0.000401424249049932,4.98249579744536e-05,0.999950175042026,4.98249579744536e-05,0.999999959999104
0.000407014245321944,4.91406223863677e-05,0.999950859377614,4.91406223863677e-05,0.999999959999116
0.000412682084570295,4.84656864402355e-05,0.99995153431356,4.84656864402355e-05,0.999999959999128
0.000418428850790158,4.7800021016009e-05,0.999952199978984,4.7800021016009e-05,0.99999995999914
0.000424255643071778,4.71434987679986e-05,0.999952856501232,4.71434987679986e-05,0.999999959999152
0.000430163575810679,4.64959940996712e-05,0.9999535040059,4.64959940996712e-05,0.999999959999164
0.000436153778920801,4.58573831403353e-05,0.99995414261686,4.58573831403353e-05,0.999999959999175
0.00044222739805059,4.52275437213823e-05,0.999954772456279,4.52275437213823e-05,0.999999959999187
0.000448385594802119,4.46063553521947e-05,0.999955393644648,4.46063553521947e-05,0.999999959999198
0.00045462954695324,4.39936991978307e-05,0.999956006300802,4.39936991978307e-05,0.999999959999209
0.000460960448682843,4.33894580559313e-05,0.999956610541944,4.33894580559313e-05,0.99999995999922
0.000467379510799246,4.27935163344051e-05,0.999957206483666,4.27935163344051e-05,0.99999995999923
0.000473887960971765,4.22057600291126e-05,0.999957794239971,4.22057600291126e-05,0.999999959999241
0.000480487043965513,4.1626076702439e-05,0.999958373923298,4.1626076702439e-05,0.999999959999252
0.000487178021879463,4.10543554610898e-05,0.999958945644539,4.10543554610898e-05,0.999999959999262
0.000493962174387832,4.04904869355516e-05,0.999959509513064,4.04904869355516e-05,0.999999959999272
0.000500840798984821,3.99343632589977e-05,0.999960065636741,3.99343632589977e-05,0.999999959999282
0.000507815211232767,3.93858780460832e-05,0.999960614121954,3.93858780460832e-05,0.999999959999292
0.00051488674501375,3.88449263735158e-05,0.999961155073626,3.88449263735158e-05,0.999999959999302
0.000522056752784698,3.83114047589617e-05,0.999961688595241,3.83114047589617e-05,0.999999959999311
0.000529326605836056,3.77852111421717e-05,0.999962214788858,3.77852111421717e-05,0.999999959999321
0.000536697694554048,3.72662448647754e-05,0.999962733755135,3.72662448647754e-05,0.99999995999933
0.000544171428686589,3.67544066514069e-05,0.999963245593349,3.67544066514069e-05,0.999999959999339
0.000551749237612913,3.62495985903877e-05,0.99996375040141,3.62495985903877e-05,0.999999959999348
0.000559432570616938,3.5751724115185e-05,0.999964248275885,3.5751724115185e-05,0.999999959999357
0.000567222897164455,3.52606879859829e-05,0.999964739312014,3.52606879859829e-05,0.999999959999366
0.000575121707184161,3.47763962713632e-05,0.999965223603729,3.47763962713632e-05,0.999999959999375
0.000583130511352622,3.42987563300978e-05,0.99996570124367,3.42987563300978e-05,0.999999959999383
0.000591250841383188,3.38276767939405e-05,0.999966172323206,3.38276767939405e-05,0.999999959999392
0.000599484250318941,3.336306754953e-05,0.99996663693245,3.336306754953e-05,0.9999999599994
0.000607832312829724,3.29048397218479e-05,0.999967095160278,3.29048397218479e-05,0.999999959999408
0.000616296625513294,3.24529056564549e-05,0.999967547094344,3.24529056564549e-05,0.999999959999417
0.000624878807200689,3.20071789030596e-05,0.999967992821097,3.20071789030596e-05,0.999999959999425
0.000633580499265825,3.15675741993093e-05,0.999968432425801,3.15675741993093e-05,0.999999959999433
0.000642403365939419,3.11340074539146e-05,0.999968865992546,3.11340074539146e-05,0.99999995999944
0.000651349094627281,3.07063957306619e-05,0.999969293604269,3.07063957306619e-05,0.999999959999448
0.000660419396233031,3.02846572330928e-05,0.999969715342767,3.02846572330928e-05,0.999999959999456
0.000669616005485322,2.98687112878504e-05,0.999970131288712,2.98687112878504e-05,0.999999959999463
0.000678940681269611,2.94584783302465e-05,0.99997054152167,2.94584783302465e-05,0.99999995999947
0.00068839520696455,2.90538798883855e-05,0.999970946120112,2.90538798883855e-05,0.999999959999478
0.000697981390783067,2.86548385685093e-05,0.999971345161431,2.86548385685093e-05,0.999999959999485
0.000707701066118189,2.82612780397873e-05,0.99997173872196,2.82612780397873e-05,0.999999959999492
0.000717556091893692,2.78731230203277e-05,0.99997212687698,2.78731230203277e-05,0.999999959999499
0.000727548352919623,2.74902992618564e-05,0.999972509700738,2.74902992618564e-05,0.999999959999506
0.000737679760252773,2.71127335367272e-05,0.999972887266463,2.71127335367272e-05,0.999999959999513
0.000747952251562183,2.67403536226007e-05,0.999973259646377,2.67403536226007e-05,0.999999959999519
0.000758367791499719,2.63730882895663e-05,0.99997362691171,2.63730882895663e-05,0.999999959999526
0.000768928372075831,2.60108672861525e-05,0.999973989132714,2.60108672861525e-05,0.999999959999533
0.000779636013040524,2.5653621326005e-05,0.999974346378674,2.5653621326005e-05,0.999999959999539
0.000790492762269642,2.53012820742304e-05,0.999974698717926,2.53012820742304e-05,0.999999959999545
0.000801500696156541,2.49537821351842e-05,0.999975046217865,2.49537821351842e-05,0.999999959999552
0.000812661920009195,2.46110550383705e-05,0.999975388944962,2.46110550383705e-05,0.999999959999558
0.000823978568452851,2.42730352268961e-05,0.999975726964773,2.42730352268961e-05,0.999999959999564
0.000835452805838287,2.39396580441475e-05,0.999976060341956,2.39396580441475e-05,0.99999995999957
0.00084708682665574,2.3610859721801e-05,0.999976389140278,2.3610859721801e-05,0.999999959999576
0.000858882855954626,2.32865773673874e-05,0.999976713422633,2.32865773673874e-05,0.999999959999582
0.000870843149769072,2.29667489524132e-05,0.999977033251048,2.29667489524132e-05,0.999999959999587
0.000882969995549408,2.26513133005923e-05,0.999977348686699,2.26513133005923e-05,0.999999959999593
0.00089526571259964,2.23402100756331e-05,0.999977659789924,2.23402100756331e-05,0.999999959999599
0.000907732652521022,2.20333797703587e-05,0.99997796662023,2.20333797703587e-05,0.999999959999604
0.000920373199661823,2.17307636949382e-05,0.999978269236305,2.17307636949382e-05,0.99999995999961
0.000933189771573324,2.14323039656739e-05,0.999978567696034,2.14323039656739e-05,0.999999959999615
0.000946184819472199,2.11379434941206e-05,0.999978862056506,2.11379434941206e-05,0.99999995999962
0.000959360828709315,2.08476259757617e-05,0.999979152374024,2.08476259757617e-05,0.999999959999626
0.000972720319245054,2.05612958796841e-05,0.99997943870412,2.05612958796841e-05,0.999999959999631
0.000986265846131283,2.02788984379199e-05,0.999979721101562,2.02788984379199e-05,0.999999959999636
0.001,2.0000379634344e-05,0.999979999620366,2.0000379634344e-05,0.999999959999641
