4.07014245321944e-08,0.665249569803138,0.334750430196862,0.665249569803138,0.9999999819873
4.12682084570295e-08,0.661303430594653,0.338696569405347,0.661303430594653,0.999999981952495
4.18428850790158e-08,0.657363883391453,0.342636116608546,0.657363883391453,0.999999981918548
4.24255643071778e-08,0.653431637694716,0.346568362305284,0.653431637694716,0.999999981885433
4.3016357581068e-08,0.649507369797084,0.350492630202916,0.649507369797084,0.999999981853127
4.36153778920801e-08,0.645591723860335,0.354408276139665,0.645591723860335,0.999999981821604
4.4222739805059e-08,0.641685312993784,0.358314687006216,0.641685312993784,0.999999981790843
4.48385594802119e-08,0.637788720328152,0.362211279671848,0.637788720328152,0.999999981760819
4.5462954695324e-08,0.633902500080313,0.366097499919687,0.633902500080313,0.999999981731513
4.60960448682844e-08,0.630027178605003,0.369972821394997,0.630027178605003,0.999999981702901
4.67379510799246e-08,0.6261632554302,0.3738367445698,0.6261632554302,0.999999981674964
4.73887960971765e-08,0.622311204273372,0.377688795726628,0.622311204273372,0.999999981647682
4.80487043965513e-08,0.618471474036316,0.381528525963684,0.618471474036316,0.999999981621036
4.87178021879463e-08,0.614644489776734,0.385355510223266,0.614644489776734,0.999999981595006
4.93962174387833e-08,0.610830653655039,0.389169346344961,0.610830653655039,0.999999981569575
5.00840798984821e-08,0.607030345855285,0.392969654144715,0.607030345855285,0.999999981544726
5.07815211232767e-08,0.603243925479347,0.396756074520653,0.603243925479347,0.99999998152044
5.1488674501375e-08,0.599471731413791,0.400528268586209,0.599471731413791,0.999999981496703
5.22056752784698e-08,0.595714083169063,0.404285916830937,0.595714083169063,0.999999981473497
5.29326605836057e-08,0.591971281690853,0.408028718309147,0.591971281690853,0.999999981450808
5.36697694554048e-08,0.588243610143627,0.411756389856373,0.588243610143627,0.99999998142862
5.44171428686589e-08,0.584531334666504,0.415468665333496,0.584531334666504,0.99999998140692
5.51749237612913e-08,0.580834705101738,0.419165294898262,0.580834705101738,0.999999981385694
5.59432570616938e-08,0.577153955696207,0.422846044303793,0.577153955696207,0.999999981364927
5.67222897164455e-08,0.573489305776352,0.426510694223648,0.573489305776352,0.999999981344607
5.75121707184161e-08,0.569840960397144,0.430159039602856,0.569840960397144,0.999999981324721
5.83130511352622e-08,0.566209110965628,0.433790889034372,0.566209110965628,0.999999981305258
5.91250841383188e-08,0.562593935839735,0.437406064160265,0.562593935839735,0.999999981286205
5.99484250318941e-08,0.558995600903011,0.441004399096989,0.558995600903011,0.999999981267551
6.07832312829724e-08,0.555414260115963,0.444585739884037,0.555414260115963,0.999999981249285
6.16296625513294e-08,0.551850056044776,0.448149943955224,0.551850056044776,0.999999981231396
6.24878807200689e-08,0.548303120368097,0.451696879631903,0.548303120368097,0.999999981213874
6.33580499265825e-08,0.544773574362649,0.455226425637351,0.544773574362649,0.999999981196709
6.42403365939419e-08,0.541261529368412,0.458738470631588,0.541261529368412,0.999999981179891
6.51349094627281e-08,0.537767087234096,0.462232912765903,0.537767087234096,0.999999981163411
6.60419396233031e-08,0.534290340743653,0.465709659256347,0.534290340743653,0.999999981147261
6.69616005485322e-08,0.530831374024522,0.469168625975478,0.530831374024522,0.99999998113143
6.78940681269611e-08,0.527390262938345,0.472609737061655,0.527390262938345,0.999999981115911
6.8839520696455e-08,0.523967075454818,0.476032924545182,0.523967075454818,0.999999981100695
6.97981390783067e-08,0.520561872009366,0.479438127990634,0.520561872009366,0.999999981085775
7.07701066118189e-08,0.517174705845301,0.482825294154699,0.517174705845301,0.999999981071142
7.17556091893692e-08,0.513805623341089,0.486194376658911,0.513805623341089,0.99999998105679
7.27548352919623e-08,0.510454664323366,0.489545335676634,0.510454664323366,0.999999981042712
7.37679760252773e-08,0.507121862366291,0.492878137633709,0.507121862366291,0.999999981028899
7.47952251562183e-08,0.503807245077808,0.496192754922192,0.503807245077808,0.999999981015346
7.58367791499719e-08,0.500510834373407,0.499489165626593,0.500510834373407,0.999999981002045
7.68928372075831e-08,0.497232646737885,0.502767353262115,0.497232646737885,0.999999980988991
7.79636013040524e-08,0.493972693475658,0.506027306524342,0.493972693475658,0.999999980976178
7.90492762269642e-08,0.490730980950116,0.509269019049884,0.490730980950116,0.999999980963599
8.01500696156541e-08,0.487507510812487,0.512492489187513,0.487507510812487,0.999999980951248
8.12661920009195e-08,0.484302280220693,0.515697719779307,0.484302280220693,0.99999998093912
8.23978568452851e-08,0.481115282048631,0.518884717951369,0.481115282048631,0.99999998092721
8.35452805838287e-08,0.477946505086299,0.522053494913701,0.477946505086299,0.999999980915513
8.4708682665574e-08,0.474795934231185,0.525204065768815,0.474795934231185,0.999999980904022
8.58882855954626e-08,0.471663550671294,0.528336449328706,0.471663550671294,0.999999980892733
8.70843149769072e-08,0.468549332060206,0.531450667939794,0.468549332060206,0.999999980881642
8.82969995549408e-08,0.4654532526845,0.5345467473155,0.4654532526845,0.999999980870744
8.9526571259964e-08,0.462375283623899,0.537624716376101,0.462375283623899,0.999999980860033
9.07732652521022e-08,0.459315392904465,0.540684607095535,0.459315392904465,0.999999980849507
9.20373199661823e-08,0.456273545645132,0.543726454354868,0.456273545645132,0.99999998083916
9.33189771573324e-08,0.453249704197914,0.546750295802086,0.453249704197914,0.999999980828988
9.46184819472199e-08,0.450243828282033,0.549756171717967,0.450243828282033,0.999999980818988
9.59360828709315e-08,0.447255875112261,0.552744124887739,0.447255875112261,0.999999980809155
9.72720319245054e-08,0.444285799521737,0.555714200478263,0.444285799521737,0.999999980799486
9.86265846131283e-08,0.441333554079485,0.558666445920515,0.441333554079485,0.999999980789977
1e-07,0.4383990892029,0.5616009107971,0.4383990892029,0.999999980780624
1.01392540755881e-07,0.435482353265395,0.564517646734605,0.435482353265395,0.999999980771424
1.02804473209331e-07,0.432583292699452,0.567416707300548,0.432583292699452,0.999999980762373
1.0423606739764e-07,0.429701852095267,0.570298147904733,0.429701852095267,0.999999980753469
1.05687597118481e-07,0.426837974295178,0.573162025704822,0.426837974295178,0.999999980744707
1.07159339982267e-07,0.423991600484089,0.576008399515911,0.423991600484089,0.999999980736086
1.08651577465254e-07,0.421162670276036,0.578837329723964,0.421162670276036,0.999999980727601
1.10164594963366e-07,0.418351121797088,0.581648878202912,0.418351121797088,0.99999998071925
1.11698681846782e-07,0.415556891764738,0.584443108235262,0.415556891764738,0.99999998071103
1.13254131515281e-07,0.412779915563926,0.587220084436074,0.412779915563926,0.999999980702939
1.14831241454351e-07,0.410020127319873,0.589979872680127,0.410020127319873,0.999999980694973
1.16430313292088e-07,0.407277459967824,0.592722540032176,0.407277459967824,0.99999998068713
1.18051652856881e-07,0.404551845319872,0.595448154680128,0.404551845319872,0.999999980679407
1.19695570235904e-07,0.401843214128971,0.598156785871029,0.401843214128971,0.999999980671802
1.21362379834424e-07,0.399151496150259,0.600848503849741,0.399151496150259,0.999999980664313
1.23052400435926e-07,0.396476620199824,0.603523379800176,0.396476620199824,0.999999980656937
1.24765955263087e-07,0.393818514210996,0.606181485789004,0.393818514210996,0.999999980649671
1.2650337203959e-07,0.391177105288306,0.608822894711694,0.391177105288306,0.999999980642514
1.28264983052806e-07,0.388552319759185,0.611447680240815,0.388552319759185,0.999999980635463
1.30051125217341e-07,0.385944083223504,0.614055916776496,0.385944083223504,0.999999980628516
1.31862140139475e-07,0.383352320601067,0.616647679398933,0.383352320601067,0.999999980621672
1.33698374182495e-07,0.380776956177116,0.619223043822884,0.380776956177116,0.999999980614927
1.35560178532937e-07,0.378217913645955,0.621782086354045,0.378217913645955,0.99999998060828
1.37447909267754e-07,0.375675116152762,0.624324883847238,0.375675116152762,0.99999998060173
1.39361927422414e-07,0.373148486333664,0.626851513666336,0.373148486333664,0.999999980595274
1.41302599059953e-07,0.370637946354157,0.629362053645843,0.370637946354157,0.99999998058891
1.43270295340983e-07,0.368143417945932,0.631856582054068,0.368143417945932,0.999999980582638
1.45265392594678e-07,0.36566482244218,0.63433517755782,0.36566482244218,0.999999980576454
1.4728827239075e-07,0.363202080811432,0.636797919188568,0.363202080811432,0.999999980570357
1.49339321612425e-07,0.360755113690007,0.639244886309993,0.360755113690007,0.999999980564346
1.51418932530435e-07,0.358323841413109,0.641676158586891,0.358323841413109,0.999999980558419
1.53527502878042e-07,0.355908184044646,0.644091815955354,0.355908184044646,0.999999980552574
1.55665435927106e-07,0.353508061405811,0.646491938594189,0.353508061405811,0.99999998054681
1.57833140565212e-07,0.351123393102486,0.648876606897514,0.351123393102486,0.999999980541125
1.6003103137387e-07,0.348754098551508,0.651245901448492,0.348754098551508,0.999999980535518
1.62259528707809e-07,0.346400097005846,0.653599902994154,0.346400097005846,0.999999980529988
1.64519058775366e-07,0.344061307578741,0.655938692421259,0.344061307578741,0.999999980524533
1.66810053720006e-07,0.34173764926684,0.65826235073316,0.34173764926684,0.999999980519151
1.69132951702965e-07,0.339429040972375,0.660570959027625,0.339429040972375,0.999999980513842
1.71488196987054e-07,0.337135401524412,0.662864598475588,0.337135401524412,0.999999980508604
1.73876240021625e-07,0.334856649699226,0.665143350300774,0.334856649699226,0.999999980503435
1.7629753752872e-07,0.33259270423982,0.66740729576018,0.33259270423982,0.999999980498335
1.78752552590424e-07,0.33034348387463,0.66965651612537,0.33034348387463,0.999999980493303
1.81241754737424e-07,0.328108907335453,0.671891092664547,0.328108907335453,0.999999980488336
1.83765620038817e-07,0.325888893374617,0.674111106625383,0.325888893374617,0.999999980483435
1.86324631193156e-07,0.323683360781434,0.676316639218566,0.323683360781434,0.999999980478597
1.88919277620766e-07,0.321492228397957,0.678507771602043,0.321492228397957,0.999999980473822
1.91550055557353e-07,0.319315415134076,0.680684584865924,0.319315415134076,0.999999980469109
1.94217468148903e-07,0.317152839981971,0.682847160018029,0.317152839981971,0.999999980464457
1.96922025547917e-07,0.315004422029949,0.684995577970051,0.315004422029949,0.999999980459863
1.99664245010979e-07,0.312870080475701,0.687129919524299,0.312870080475701,0.999999980455329
2.0244465099768e-07,0.310749734638975,0.689250265361025,0.310749734638975,0.999999980450852
2.05263775270925e-07,0.308643303973723,0.691356696026277,0.308643303973723,0.999999980446431
2.08122156998634e-07,0.306550708079707,0.693449291920293,0.306550708079707,0.999999980442067
2.1102034285686e-07,0.304471866713615,0.695528133286385,0.304471866713615,0.999999980437756
2.13958887134342e-07,0.302406699799686,0.697593300200314,0.302406699799686,0.9999999804335
2.16938351838518e-07,0.300355127439866,0.699644872560134,0.300355127439866,0.999999980429296
2.19959306803007e-07,0.298317069923528,0.701682930076472,0.298317069923528,0.999999980425145
2.23022329796594e-07,0.29629244773675,0.70370755226325,0.29629244773675,0.999999980421045
2.26128006633728e-07,0.294281181571188,0.705718818428812,0.294281181571188,0.999999980416995
2.29276931286565e-07,0.292283192332541,0.707716807667459,0.292283192332541,0.999999980412994
2.32469705998565e-07,0.290298401148644,0.709701598851356,0.290298401148644,0.999999980409043
2.35706941399673e-07,0.288326729377188,0.711673270622812,0.288326729377188,0.999999980405139
2.38989256623105e-07,0.286368098613081,0.713631901386919,0.286368098613081,0.999999980401283
2.4231727942376e-07,0.284422430695475,0.715577569304525,0.284422430695475,0.999999980397472
2.45691646298279e-07,0.282489647714462,0.717510352285538,0.282489647714462,0.999999980393708
2.49113002606779e-07,0.280569672017456,0.719430327982544,0.280569672017456,0.999999980389989
2.52582002696278e-07,0.278662426215265,0.721337573784735,0.278662426215265,0.999999980386313
2.56099310025846e-07,0.276767833187881,0.723232166812119,0.276767833187881,0.999999980382682
2.59665597293487e-07,0.27488581608998,0.72511418391002,0.27488581608998,0.999999980379093
2.63281546564802e-07,0.273016298356155,0.726983701643845,0.273016298356155,0.999999980375547
2.66947849403432e-07,0.271159203705888,0.728840796294112,0.271159203705888,0.999999980372042
2.70665207003324e-07,0.269314456148266,0.730685543851734,0.269314456148266,0.999999980368578
2.74434330322837e-07,0.267481979986466,0.732518020013534,0.267481979986466,0.999999980365154
2.78255940220713e-07,0.265661699822,0.734338300178,0.265661699822,0.99999998036177
2.82130767593947e-07,0.263853540558734,0.736146459441266,0.263853540558734,0.999999980358425
2.86059553517574e-07,0.262057427406694,0.737942572593306,0.262057427406694,0.999999980355119
2.90043049386399e-07,0.260273285885669,0.739726714114331,0.260273285885669,0.999999980351851
2.94082017058707e-07,0.25850104182861,0.74149895817139,0.25850104182861,0.999999980348619
2.98177229001967e-07,0.256740621384832,0.743259378615168,0.256740621384832,0.999999980345425
3.02329468440578e-07,0.254991951023036,0.745008048976964,0.254991951023036,0.999999980342267
3.06539529505652e-07,0.253254957534156,0.746745042465844,0.253254957534156,0.999999980339145
3.10808217386906e-07,0.251529568034024,0.748470431965976,0.251529568034024,0.999999980336058
3.15136348486648e-07,0.249815709965877,0.750184290034123,0.249815709965877,0.999999980333006
3.19524750575921e-07,0.248113311102702,0.751886688897298,0.248113311102702,0.999999980329988
3.2397426295282e-07,0.246422299549429,0.753577700450571,0.246422299549429,0.999999980327003
3.28485736603004e-07,0.244742603744972,0.755257396255028,0.244742603744972,0.999999980324052
3.33060034362459e-07,0.243074152464133,0.756925847535867,0.243074152464133,0.999999980321133
3.37698031082509e-07,0.241416874819363,0.758583125180637,0.241416874819363,0.999999980318247
3.42400613797143e-07,0.239770700262398,0.760229299737602,0.239770700262398,0.999999980315393
3.47168681892656e-07,0.238135558585759,0.761864441414241,0.238135558585759,0.999999980312569
3.52003147279668e-07,0.236511379924136,0.763488620075864,0.236511379924136,0.999999980309777
3.56904934567523e-07,0.234898094755652,0.765101905244348,0.234898094755652,0.999999980307015
3.61874981241128e-07,0.233295633903013,0.766704366096987,0.233295633903013,0.999999980304284
3.66914237840249e-07,0.231703928534549,0.768296071465451,0.231703928534549,0.999999980301582
3.72023668141307e-07,0.230122910165145,0.769877089834855,0.230122910165145,0.999999980298909
3.77204249341699e-07,0.228552510657082,0.771447489342918,0.228552510657082,0.999999980296264
3.824569722467e-07,0.226992662220766,0.773007337779234,0.226992662220766,0.999999980293649
3.87782841458946e-07,0.225443297415371,0.774556702584629,0.225443297415371,0.999999980291061
3.93182875570577e-07,0.223904349149394,0.776095650850606,0.223904349149394,0.999999980288501
3.98658107358044e-07,0.222375750681112,0.777624249318888,0.222375750681112,0.999999980285968
4.0420958397963e-07,0.220857435618967,0.779142564381033,0.220857435618967,0.999999980283462
4.09838367175726e-07,0.21934933792186,0.78065066207814,0.21934933792186,0.999999980280983
4.15545533471888e-07,0.217851391899376,0.782148608100624,0.217851391899376,0.999999980278529
4.21332174384729e-07,0.216363532211926,0.783636467788074,0.216363532211926,0.999999980276102
4.27199396630678e-07,0.214885693870822,0.785114306129178,0.214885693870822,0.9999999802737
4.33148322337639e-07,0.213417812238281,0.786582187761719,0.213417812238281,0.999999980271323
4.39180089259609e-07,0.211959823027362,0.788040176972638,0.211959823027362,0.999999980268971
4.45295850994266e-07,0.210511662301839,0.789488337698161,0.210511662301839,0.999999980266643
4.5149677720361e-07,0.209073266476012,0.790926733523988,0.209073266476012,0.99999998026434
4.57784053837662e-07,0.207644572314458,0.792355427685542,0.207644572314458,0.99999998026206
4.64158883361277e-07,0.206225516931725,0.793774483068275,0.206225516931725,0.999999980259804
4.70622484984128e-07,0.204816037791972,0.795183962208028,0.204816037791972,0.999999980257571
4.77176094893875e-07,0.203416072708557,0.796583927291443,0.203416072708557,0.999999980255361
4.83820966492596e-07,0.202025559843568,0.797974440156432,0.202025559843568,0.999999980253173
4.90558370636505e-07,0.200644437707314,0.799355562292686,0.200644437707314,0.999999980251008
4.97389595879006e-07,0.199272645157759,0.800727354842241,0.199272645157759,0.999999980248864
5.04315948717136e-07,0.197910121399924,0.802089878600076,0.197910121399924,0.999999980246743
5.11338753841433e-07,0.196556805985231,0.803443194014769,0.196556805985231,0.999999980244643
5.18459354389291e-07,0.195212638810816,0.804787361189184,0.195212638810816,0.999999980242564
5.25679112201842e-07,0.193877560118797,0.806122439881203,0.193877560118797,0.999999980240506
5.32999408084408e-07,0.192551510495504,0.807448489504496,0.192551510495504,0.999999980238469
5.40421642070592e-07,0.191234430870676,0.808765569129324,0.191234430870676,0.999999980236452
5.47947233690029e-07,0.189926262516617,0.810073737483383,0.189926262516617,0.999999980234455
5.55577622239888e-07,0.188626947047321,0.811373052952679,0.188626947047321,0.999999980232479
5.63314267060135e-07,0.187336426417564,0.812663573582436,0.187336426417564,0.999999980230522
5.71158647812642e-07,0.186054642921967,0.813945357078033,0.186054642921967,0.999999980228584
5.79112264764176e-07,0.184781539194025,0.815218460805975,0.184781539194025,0.999999980226665
5.87176639073326e-07,0.183517058205108,0.816482941794892,0.183517058205108,0.999999980224765
5.95353313081437e-07,0.182261143263441,0.817738856736559,0.182261143263441,0.999999980222884
6.03643850607586e-07,0.181013738013049,0.818986261986951,0.181013738013049,0.999999980221022
6.12049837247669e-07,0.179774786432682,0.820225213567318,0.179774786432682,0.999999980219177
6.2057288067765e-07,0.178544232834711,0.821455767165289,0.178544232834711,0.999999980217351
6.29214610961035e-07,0.177322021864013,0.822677978135987,0.177322021864013,0.999999980215542
6.37976680860628e-07,0.176108098496818,0.823891901503182,0.176108098496818,0.999999980213751
6.46860766154632e-07,0.174902408039545,0.825097591960455,0.174902408039545,0.999999980211978
6.55868565957142e-07,0.173704896127619,0.826295103872381,0.173704896127619,0.999999980210221
6.65001803043112e-07,0.172515508724262,0.827484491275738,0.172515508724262,0.999999980208482
6.74262224177835e-07,0.17133419211927,0.82866580788073,0.17133419211927,0.999999980206759
6.83651600451024e-07,0.170160892927776,0.829839107072224,0.170160892927776,0.999999980205053
6.9317172761554e-07,0.168995558088988,0.831004441911012,0.168995558088988,0.999999980203363
7.02824426430834e-07,0.167838134864922,0.832161865135078,0.167838134864922,0.999999980201689
7.12611543011174e-07,0.166688570839106,0.833311429160894,0.166688570839106,0.999999980200032
7.22534949178722e-07,0.165546813915289,0.834453186084711,0.165546813915289,0.99999998019839
7.32596542821523e-07,0.164412812316116,0.835587187683884,0.164412812316116,0.999999980196763
7.42798248256491e-07,0.163286514581806,0.836713485418194,0.163286514581806,0.999999980195152
7.53142016597438e-07,0.16216786956881,0.83783213043119,0.16216786956881,0.999999980193556
7.63629826128224e-07,0.161056826448462,0.838943173551538,0.161056826448462,0.999999980191976
7.74263682681128e-07,0.159953334705614,0.840046665294386,0.159953334705614,0.99999998019041
7.85045620020451e-07,0.158857344137264,0.841142655862736,0.158857344137264,0.999999980188859
7.95977700231498e-07,0.15776880485118,0.84223119514882,0.15776880485118,0.999999980187323
8.07062014114951e-07,0.156687667264503,0.843312332735497,0.156687667264503,0.9999999801858
8.18300681586739e-07,0.155613882102351,0.844386117897649,0.155613882102351,0.999999980184292
8.29695852083491e-07,0.154547400396412,0.845452599603588,0.154547400396412,0.999999980182798
8.41249704973612e-07,0.153488173483532,0.846511826516468,0.153488173483532,0.999999980181318
8.52964449974102e-07,0.15243615300429,0.84756384699571,0.15243615300429,0.999999980179852
8.64842327573173e-07,0.151391290901576,0.848608709098424,0.151391290901576,0.999999980178399
8.76885609458743e-07,0.150353539419153,0.849646460580847,0.150353539419153,0.99999998017696
8.89096598952917e-07,0.149322851100224,0.850677148899776,0.149322851100224,0.999999980175534
9.01477631452492e-07,0.148299178785985,0.851700821214015,0.148299178785985,0.999999980174121
9.14031074875622e-07,0.147282475614176,0.852717524385824,0.147282475614176,0.999999980172721
9.26759330114688e-07,0.146272695017633,0.853727304982367,0.146272695017633,0.999999980171334
9.39664831495469e-07,0.145269790722831,0.854730209277169,0.145269790722831,0.99999998016996
9.5275004724273e-07,0.144273716748423,0.855726283251577,0.144273716748423,0.999999980168598
9.66017479952265e-07,0.14328442740378,0.85671557259622,0.14328442740378,0.999999980167249
9.79469667069539e-07,0.142301877287524,0.857698122712476,0.142301877287524,0.999999980165911
9.9310918137498e-07,0.141326021286065,0.858673978713935,0.141326021286065,0.999999980164586
1.00693863147603e-06,0.140356814572129,0.859643185427871,0.140356814572129,0.999999980163273
1.02096066230605e-06,0.139394212603286,0.860605787396714,0.139394212603286,0.999999980161972
1.03517795563018e-06,0.138438171120483,0.861561828879517,0.138438171120483,0.999999980160683
1.04959323055823e-06,0.137488646146568,0.862511353853432,0.137488646146568,0.999999980159405
1.06420924406472e-06,0.136545593984815,0.863454406015185,0.136545593984815,0.999999980158139
1.07902879151618e-06,0.135608971217453,0.864391028782547,0.135608971217453,0.999999980156884
1.09405470720574e-06,0.134678734704189,0.865321265295811,0.134678734704189,0.99999998015564
1.10928986489522e-06,0.133754841580739,0.866245158419261,0.133754841580739,0.999999980154408
1.12473717836475e-06,0.132837249257346,0.867162750742654,0.132837249257346,0.999999980153186
1.14039960197003e-06,0.131925915417314,0.868074084582686,0.131925915417314,0.999999980151975
1.15628013120738e-06,0.13102079801553,0.86897920198447,0.13102079801553,0.999999980150776
1.1723818032866e-06,0.130121855276999,0.869878144723001,0.130121855276999,0.999999980149586
1.1887076977119e-06,0.129229045695367,0.870770954304633,0.129229045695367,0.999999980148408
1.20526093687084e-06,0.128342328031457,0.871657671968543,0.128342328031457,0.999999980147239
1.22204468663149e-06,0.127461661311801,0.872538338688199,0.127461661311801,0.999999980146081
1.23906215694792e-06,0.126587004827172,0.873412995172828,0.126587004827172,0.999999980144934
1.25631660247412e-06,0.125718318131126,0.874281681868874,0.125718318131126,0.999999980143796
1.27381132318648e-06,0.124855561038536,0.875144438961464,0.124855561038536,0.999999980142669
1.29154966501488e-06,0.123998693624138,0.876001306375862,0.123998693624138,0.999999980141551
1.30953502048267e-06,0.123147676221071,0.876852323778929,0.123147676221071,0.999999980140443
1.32777082935543e-06,0.122302469419429,0.877697530580571,0.122302469419429,0.999999980139345
1.34626057929891e-06,0.121463034064804,0.878536965935196,0.121463034064804,0.999999980138256
1.36500780654601e-06,0.120629331256846,0.879370668743154,0.120629331256846,0.999999980137177
1.38401609657313e-06,0.119801322347814,0.880198677652186,0.119801322347814,0.999999980136107
1.40328908478587e-06,0.118978968941137,0.881021031058863,0.118978968941137,0.999999980135047
1.42283045721435e-06,0.118162232889978,0.881837767110022,0.118162232889978,0.999999980133995
1.44264395121816e-06,0.117351076295799,0.882648923704201,0.117351076295799,0.999999980132953
1.46273335620113e-06,0.11654546150693,0.88345453849307,0.11654546150693,0.99999998013192
1.4831025143361e-06,0.115745351117149,0.884254648882851,0.115745351117149,0.999999980130896
1.50375532129974e-06,0.114950707964251,0.885049292035749,0.114950707964251,0.999999980129881
1.52469572701758e-06,0.114161495128637,0.885838504871363,0.114161495128637,0.999999980128874
1.54592773641948e-06,0.1133776759319,0.8866223240681,0.1133776759319,0.999999980127876
1.5674554102056e-06,0.112599213935411,0.887400786064589,0.112599213935411,0.999999980126887
1.58928286562298e-06,0.111826072938918,0.888173927061082,0.111826072938918,0.999999980125906
1.61141427725302e-06,0.111058216979143,0.888941783020857,0.111058216979143,0.999999980124933
1.63385387780986e-06,0.110295610328389,0.889704389671611,0.110295610328389,0.999999980123969
1.65660595894992e-06,0.109538217493147,0.890461782506853,0.109538217493147,0.999999980123013
1.67967487209265e-06,0.108786003212707,0.891213996787293,0.108786003212707,0.999999980122065
1.70306502925284e-06,0.108038932457781,0.891961067542219,0.108038932457781,0.999999980121125
1.72678090388436e-06,0.107296970429122,0.892703029570878,0.107296970429122,0.999999980120193
1.75082703173573e-06,0.106560082556156,0.893439917443844,0.106560082556156,0.999999980119269
1.77520801171764e-06,0.10582823449561,0.89417176550439,0.10582823449561,0.999999980118353
1.79992850678248e-06,0.105101392130156,0.894898607869844,0.105101392130156,0.999999980117445
1.82499324481615e-06,0.104379521567049,0.895620478432951,0.104379521567049,0.999999980116544
1.8504070195423e-06,0.103662589136781,0.896337410863219,0.103662589136781,0.999999980115651
1.87617469143912e-06,0.10295056139173,0.89704943860827,0.10295056139173,0.999999980114766
1.90230118866895e-06,0.102243405104823,0.897756594895177,0.102243405104823,0.999999980113888
1.92879150802078e-06,0.101541087268198,0.898458912731802,0.101541087268198,0.999999980113017
1.95565071586595e-06,0.100843575091876,0.899156424908124,0.100843575091876,0.999999980112154
1.98288394912707e-06,0.100150836002435,0.899849163997565,0.100150836002435,0.999999980111297
2.0104964162605e-06,0.0994628376416924,0.900537162358308,0.0994628376416924,0.999999980110448
2.03849339825246e-06,0.0987795478653921,0.901220452134608,0.0987795478653921,0.999999980109606
2.06688024962908e-06,0.098100934741895,0.901899065258105,0.098100934741895,0.999999980108772
2.09566239948043e-06,0.097426966550878,0.902573033449122,0.097426966550878,0.999999980107944
2.12484535249888e-06,0.0967576117820379,0.903242388217962,0.0967576117820379,0.999999980107123
2.15443469003189e-06,0.0960928391338007,0.903907160866199,0.0960928391338007,0.999999980106308
2.18443607114943e-06,0.0954326175120365,0.904567382487964,0.0954326175120365,0.999999980105501
2.21485523372636e-06,0.0947769160287802,0.90522308397122,0.0947769160287802,0.9999999801047
2.24569799553977e-06,0.0941257040009591,0.905874295999041,0.0941257040009591,0.999999980103906
2.27697025538168e-06,0.0934789509491244,0.906521049050876,0.0934789509491244,0.999999980103118
2.30867799418717e-06,0.0928366265961906,0.907163373403809,0.0928366265961906,0.999999980102337
2.34082727617829e-06,0.0921987008661798,0.90780129913382,0.0921987008661798,0.999999980101563
2.37342425002387e-06,0.0915651438829708,0.908434856117029,0.0915651438829708,0.999999980100794
2.40647515001542e-06,0.0909359259690566,0.909064074030943,0.0909359259690566,0.999999980100032
2.43998629725955e-06,0.0903110176443058,0.909688982355694,0.0903110176443058,0.999999980099277
2.47396410088682e-06,0.0896903896247311,0.910309610375269,0.0896903896247311,0.999999980098527
2.50841505927754e-06,0.089074012821263,0.910925987178737,0.089074012821263,0.999999980097784
2.54334576130465e-06,0.0884618583385298,0.91153814166147,0.0884618583385298,0.999999980097047
2.5787628875938e-06,0.0878538974736439,0.912146102526356,0.0878538974736439,0.999999980096316
2.61467321180109e-06,0.0872501017149936,0.912749898285006,0.0872501017149936,0.99999998009559
2.65108360190854e-06,0.0866504427410416,0.913349557258958,0.0866504427410416,0.999999980094871
2.68800102153761e-06,0.0860548924191284,0.913945107580872,0.0860548924191284,0.999999980094158
2.72543253128103e-06,0.0854634228042832,0.914536577195717,0.0854634228042832,0.99999998009345
2.76338529005317e-06,0.0848760061380393,0.915123993861961,0.0848760061380393,0.999999980092748
2.8018665564592e-06,0.0842926148472566,0.915707385152743,0.0842926148472566,0.999999980092052
2.84088369018331e-06,0.08371322154295,0.91628677845705,0.08371322154295,0.999999980091361
2.8804441533963e-06,0.083137799019124,0.916862200980876,0.083137799019124,0.999999980090676
2.92055551218274e-06,0.082566320251612,0.917433679748388,0.082566320251612,0.999999980089997
2.96122543798803e-06,0.0819987583969237,0.918001241603076,0.0819987583969237,0.999999980089323
3.00246170908555e-06,0.081435086791097,0.918564913208903,0.081435086791097,0.999999980088655
3.04427221206431e-06,0.0808752789485566,0.919124721051443,0.0808752789485566,0.999999980087992
3.08666494333727e-06,0.0803193085609789,0.919680691439021,0.0803193085609789,0.999999980087334
3.12964801067075e-06,0.079767149496162,0.920232850503838,0.079767149496162,0.999999980086681
3.17322963473497e-06,0.0792187757969026,0.920781224203097,0.0792187757969026,0.999999980086034
3.21741815067637e-06,0.0786741616798785,0.921325838320121,0.0786741616798785,0.999999980085392
3.26222200971167e-06,0.0781332815345375,0.921866718465463,0.0781332815345375,0.999999980084755
3.30764978074424e-06,0.0775961099219922,0.922403890078008,0.0775961099219922,0.999999980084124
3.35371015200293e-06,0.0770626215739199,0.92293737842608,0.0770626215739199,0.999999980083497
3.4004119327037e-06,0.0765327913914701,0.92346720860853,0.0765327913914701,0.999999980082875
3.44776405473446e-06,0.0760065944441769,0.923993405555823,0.0760065944441769,0.999999980082259
3.49577557436328e-06,0.0754840059688778,0.924515994031122,0.0754840059688778,0.999999980081647
3.54445567397044e-06,0.0749650013686382,0.925034998631362,0.0749650013686382,0.99999998008104
3.59381366380463e-06,0.0744495562116817,0.925550443788318,0.0744495562116817,0.999999980080438
3.64385898376354e-06,0.0739376462303274,0.926062353769673,0.0739376462303274,0.999999980079841
3.6946012051993e-06,0.0734292473199318,0.926570752680068,0.0734292473199318,0.999999980079248
3.746050032749e-06,0.0729243355378374,0.927075664462163,0.0729243355378374,0.999999980078661
3.79821530619074e-06,0.072422887102327,0.927577112897673,0.072422887102327,0.999999980078077
3.85110700232557e-06,0.0719248783915841,0.928075121608416,0.0719248783915841,0.999999980077499
3.90473523688556e-06,0.0714302859426589,0.928569714057341,0.0714302859426589,0.999999980076925
3.95911026646846e-06,0.0709390864504398,0.92906091354956,0.0709390864504398,0.999999980076356
4.01424249049933e-06,0.0704512567666323,0.929548743233368,0.0704512567666323,0.999999980075791
4.07014245321944e-06,0.0699667738987418,0.930033226101258,0.0699667738987418,0.99999998007523
4.12682084570295e-06,0.0694856150090636,0.930514384990936,0.0694856150090636,0.999999980074674
4.18428850790158e-06,0.0690077574136775,0.930992242586323,0.0690077574136775,0.999999980074123
4.24255643071778e-06,0.0685331785814499,0.93146682141855,0.0685331785814499,0.999999980073575
4.3016357581068e-06,0.0680618561330399,0.93193814386696,0.0680618561330399,0.999999980073033
4.36153778920801e-06,0.0675937678399124,0.932406232160088,0.0675937678399124,0.999999980072494
4.4222739805059e-06,0.0671288916233561,0.932871108376644,0.0671288916233561,0.999999980071959
4.48385594802118e-06,0.0666672055535077,0.933332794446492,0.0666672055535077,0.999999980071429
4.5462954695324e-06,0.0662086878483817,0.933791312151618,0.0662086878483817,0.999999980070903
4.60960448682844e-06,0.0657533168729061,0.934246683127094,0.0657533168729061,0.999999980070381
4.67379510799246e-06,0.0653010711379631,0.934698928862037,0.0653010711379631,0.999999980069863
4.73887960971765e-06,0.0648519292994363,0.935148070700564,0.0648519292994363,0.999999980069349
4.80487043965512e-06,0.0644058701572623,0.935594129842738,0.0644058701572623,0.99999998006884
4.87178021879463e-06,0.0639628726544897,0.93603712734551,0.0639628726544897,0.999999980068334
4.93962174387833e-06,0.0635229158763422,0.936477084123658,0.0635229158763422,0.999999980067832
5.00840798984821e-06,0.0630859790492877,0.936914020950712,0.0630859790492877,0.999999980067334
5.07815211232767e-06,0.0626520415401126,0.937347958459887,0.0626520415401126,0.99999998006684
5.14886745013749e-06,0.0622210828550031,0.937778917144997,0.0622210828550031,0.999999980066349
5.22056752784698e-06,0.0617930826386294,0.938206917361371,0.0617930826386294,0.999999980065863
5.29326605836057e-06,0.0613680206732381,0.938631979326762,0.0613680206732381,0.99999998006538
5.36697694554048e-06,0.0609458768777483,0.939054123122252,0.0609458768777483,0.999999980064901
5.44171428686589e-06,0.0605266313068535,0.939473368693146,0.0605266313068535,0.999999980064426
5.51749237612912e-06,0.0601102641501295,0.93988973584987,0.0601102641501295,0.999999980063955
5.59432570616938e-06,0.0596967557311466,0.940303244268853,0.0596967557311466,0.999999980063487
5.67222897164455e-06,0.0592860865065884,0.940713913493412,0.0592860865065884,0.999999980063022
5.75121707184161e-06,0.0588782370653753,0.941121762934625,0.0588782370653753,0.999999980062562
5.83130511352622e-06,0.0584731881277928,0.941526811872207,0.0584731881277928,0.999999980062105
5.91250841383187e-06,0.0580709205446261,0.941929079455374,0.0580709205446261,0.999999980061651
5.99484250318941e-06,0.0576714152962999,0.9423285847037,0.0576714152962999,0.999999980061201
6.07832312829724e-06,0.0572746534920222,0.942725346507978,0.0572746534920222,0.999999980060754
6.16296625513294e-06,0.0568806163689352,0.943119383631065,0.0568806163689352,0.999999980060311
6.24878807200689e-06,0.0564892852912691,0.943510714708731,0.0564892852912691,0.999999980059871
6.33580499265824e-06,0.056100641749504,0.943899358250496,0.056100641749504,0.999999980059435
6.42403365939419e-06,0.0557146673595341,0.944285332640466,0.0557146673595341,0.999999980059002
6.51349094627281e-06,0.055331343861839,0.944668656138161,0.055331343861839,0.999999980058572
6.60419396233031e-06,0.0549506531206591,0.945049346879341,0.0549506531206591,0.999999980058146
6.69616005485322e-06,0.0545725771231761,0.945427422876824,0.0545725771231761,0.999999980057723
6.7894068126961e-06,0.0541970979786994,0.945802902021301,0.0541970979786994,0.999999980057303
6.8839520696455e-06,0.053824197917857,0.946175802082143,0.053824197917857,0.999999980056886
6.97981390783067e-06,0.0534538592917906,0.946546140708209,0.0534538592917906,0.999999980056473
7.07701066118189e-06,0.0530860645713574,0.946913935428643,0.0530860645713574,0.999999980056062
7.17556091893692e-06,0.0527207963463356,0.947279203653664,0.0527207963463356,0.999999980055655
7.27548352919622e-06,0.0523580373246348,0.947641962675365,0.0523580373246348,0.999999980055251
7.37679760252773e-06,0.0519977703315125,0.948002229668487,0.0519977703315125,0.99999998005485
7.47952251562183e-06,0.0516399783087939,0.948360021691206,0.0516399783087939,0.999999980054452
7.58367791499719e-06,0.051284644314098,0.948715355685902,0.051284644314098,0.999999980054057
7.68928372075831e-06,0.0509317515200676,0.949068248479932,0.0509317515200676,0.999999980053665
7.79636013040524e-06,0.0505812832136042,0.949418716786396,0.0505812832136042,0.999999980053276
7.90492762269642e-06,0.0502332227951088,0.949766777204891,0.0502332227951088,0.99999998005289
8.01500696156541e-06,0.0498875537777255,0.950112446222275,0.0498875537777255,0.999999980052507
8.12661920009195e-06,0.0495442597865916,0.950455740213408,0.0495442597865916,0.999999980052127
8.23978568452851e-06,0.0492033245580917,0.950796675441908,0.0492033245580917,0.99999998005175
8.35452805838287e-06,0.0488647319391166,0.951135268060883,0.0488647319391166,0.999999980051375
8.4708682665574e-06,0.0485284658863266,0.951471534113673,0.0485284658863266,0.999999980051004
8.58882855954626e-06,0.0481945104654198,0.95180548953458,0.0481945104654198,0.999999980050635
8.70843149769072e-06,0.0478628498504052,0.952137150149595,0.0478628498504052,0.999999980050269
8.82969995549408e-06,0.0475334683228797,0.95246653167712,0.0475334683228797,0.999999980049906
8.9526571259964e-06,0.0472063502713104,0.95279364972869,0.0472063502713104,0.999999980049545
9.07732652521022e-06,0.0468814801903208,0.953118519809679,0.0468814801903208,0.999999980049187
9.20373199661823e-06,0.0465588426799824,0.953441157320018,0.0465588426799824,0.999999980048832
9.33189771573324e-06,0.04623842244511,0.95376157755489,0.04623842244511,0.99999998004848
9.46184819472199e-06,0.0459202042945617,0.954079795705438,0.0459202042945617,0.99999998004813
9.59360828709315e-06,0.0456041731405432,0.954395826859457,0.0456041731405432,0.999999980047783
9.72720319245054e-06,0.0452903139979176,0.954709686002082,0.0452903139979176,0.999999980047439
9.86265846131283e-06,0.0449786119835178,0.955021388016482,0.0449786119835178,0.999999980047097
1e-05,0.0446690523154648,0.955330947684535,0.0446690523154648,0.999999980046758
1.01392540755881e-05,0.0443616203124897,0.95563837968751,0.0443616203124897,0.999999980046421
1.02804473209331e-05,0.0440563013932599,0.95594369860674,0.0440563013932599,0.999999980046087
1.0423606739764e-05,0.0437530810757104,0.95624691892429,0.0437530810757104,0.999999980045755
1.05687597118481e-05,0.0434519449763781,0.956548055023622,0.0434519449763781,0.999999980045426
1.07159339982267e-05,0.0431528788097416,0.956847121190258,0.0431528788097416,0.999999980045099
1.08651577465254e-05,0.0428558683875652,0.957144131612435,0.0428558683875652,0.999999980044775
1.10164594963366e-05,0.0425608996182451,0.957439100381755,0.0425608996182451,0.999999980044453
1.11698681846782e-05,0.0422679585061633,0.957732041493837,0.0422679585061633,0.999999980044133
1.13254131515281e-05,0.0419770311510422,0.958022968848958,0.0419770311510422,0.999999980043816
1.14831241454351e-05,0.0416881037473059,0.958311896252694,0.0416881037473059,0.999999980043502
1.16430313292088e-05,0.0414011625834441,0.958598837416556,0.0414011625834441,0.999999980043189
1.18051652856881e-05,0.0411161940413801,0.95888380595862,0.0411161940413801,0.999999980042879
1.19695570235904e-05,0.0408331845958448,0.959166815404155,0.0408331845958448,0.999999980042572
1.21362379834424e-05,0.040552120813752,0.959447879186248,0.040552120813752,0.999999980042266
1.23052400435926e-05,0.0402729893535797,0.95972701064642,0.0402729893535797,0.999999980041963
1.24765955263087e-05,0.0399957769647543,0.960004223035246,0.0399957769647543,0.999999980041662
1.2650337203959e-05,0.0397204704870399,0.96027952951296,0.0397204704870399,0.999999980041363
1.28264983052806e-05,0.0394470568499302,0.96055294315007,0.0394470568499302,0.999999980041067
1.30051125217341e-05,0.0391755230720459,0.960824476927954,0.0391755230720459,0.999999980040773
1.31862140139475e-05,0.0389058562605342,0.961094143739466,0.0389058562605342,0.999999980040481
1.33698374182495e-05,0.0386380436104737,0.961361956389526,0.0386380436104737,0.999999980040191
1.35560178532937e-05,0.0383720724042828,0.961627927595717,0.0383720724042828,0.999999980039903
1.37447909267754e-05,0.0381079300111311,0.961892069988869,0.0381079300111311,0.999999980039618
1.39361927422414e-05,0.0378456038863562,0.962154396113644,0.0378456038863562,0.999999980039334
1.41302599059953e-05,0.0375850815708823,0.962414918429118,0.0375850815708823,0.999999980039053
1.43270295340983e-05,0.0373263506906447,0.962673649309355,0.0373263506906447,0.999999980038774
1.45265392594678e-05,0.0370693989560166,0.962930601043983,0.0370693989560166,0.999999980038496
1.4728827239075e-05,0.0368142141612399,0.96318578583876,0.0368142141612399,0.999999980038221
1.49339321612425e-05,0.0365607841838601,0.96343921581614,0.0365607841838601,0.999999980037948
1.51418932530435e-05,0.0363090969841648,0.963690903015835,0.0363090969841648,0.999999980037677
1.53527502878042e-05,0.0360591406046255,0.963940859395375,0.0360591406046255,0.999999980037408
1.55665435927106e-05,0.0358109031693432,0.964189096830657,0.0358109031693432,0.999999980037141
1.57833140565212e-05,0.0355643728834982,0.964435627116502,0.0355643728834982,0.999999980036876
1.6003103137387e-05,0.0353195380328025,0.964680461967197,0.0353195380328025,0.999999980036613
1.62259528707809e-05,0.0350763869829566,0.964923613017043,0.0350763869829566,0.999999980036351
1.64519058775366e-05,0.0348349081791094,0.965165091820891,0.0348349081791094,0.999999980036092
1.66810053720006e-05,0.034595090145322,0.965404909854678,0.034595090145322,0.999999980035835
1.69132951702965e-05,0.0343569214840348,0.965643078515965,0.0343569214840348,0.999999980035579
1.71488196987054e-05,0.0341203908755378,0.965879609124462,0.0341203908755378,0.999999980035326
1.73876240021625e-05,0.033885487077445,0.966114512922555,0.033885487077445,0.999999980035074
1.7629753752872e-05,0.0336521989241719,0.966347801075828,0.0336521989241719,0.999999980034824
1.78752552590424e-05,0.0334205153264167,0.966579484673583,0.0334205153264167,0.999999980034576
1.81241754737424e-05,0.033190425270644,0.966809574729356,0.033190425270644,0.99999998003433
1.83765620038817e-05,0.0329619178185735,0.967038082181427,0.0329619178185735,0.999999980034085
1.86324631193156e-05,0.0327349821066705,0.96726501789333,0.0327349821066705,0.999999980033843
1.88919277620767e-05,0.0325096073456407,0.967490392654359,0.0325096073456407,0.999999980033602
1.91550055557353e-05,0.0322857828199279,0.967714217180072,0.0322857828199279,0.999999980033363
1.94217468148902e-05,0.0320634978872153,0.967936502112785,0.0320634978872153,0.999999980033126
1.96922025547917e-05,0.0318427419779299,0.96815725802207,0.0318427419779299,0.99999998003289
1.99664245010979e-05,0.0316235045947502,0.96837649540525,0.0316235045947502,0.999999980032656
2.02444650997681e-05,0.0314057753121171,0.968594224687883,0.0314057753121171,0.999999980032424
2.05263775270925e-05,0.0311895437757482,0.968810456224252,0.0311895437757482,0.999999980032194
2.08122156998634e-05,0.0309747997021552,0.969025200297845,0.0309747997021552,0.999999980031965
2.1102034285686e-05,0.0307615328781644,0.969238467121836,0.0307615328781644,0.999999980031738
2.13958887134342e-05,0.0305497331604404,0.96945026683956,0.0305497331604404,0.999999980031512
2.16938351838519e-05,0.0303393904750134,0.969660609524987,0.0303393904750134,0.999999980031289
2.19959306803007e-05,0.030130494816809,0.969869505183191,0.030130494816809,0.999999980031067
2.23022329796594e-05,0.0299230362491809,0.970076963750819,0.0299230362491809,0.999999980030846
2.26128006633728e-05,0.029717004903448,0.970282995096552,0.029717004903448,0.999999980030627
2.29276931286565e-05,0.0295123909784333,0.970487609021567,0.0295123909784333,0.99999998003041
2.32469705998565e-05,0.029309184740006,0.970690815259994,0.029309184740006,0.999999980030194
2.35706941399673e-05,0.0291073765206276,0.970892623479372,0.0291073765206276,0.99999998002998
2.38989256623105e-05,0.0289069567188996,0.9710930432811,0.0289069567188996,0.999999980029767
2.4231727942376e-05,0.0287079157991156,0.971292084200884,0.0287079157991156,0.999999980029556
2.45691646298279e-05,0.0285102442908148,0.971489755709185,0.0285102442908148,0.999999980029347
2.49113002606779e-05,0.0283139327883407,0.971686067211659,0.0283139327883407,0.999999980029139
2.52582002696278e-05,0.0281189719504001,0.9718810280496,0.0281189719504001,0.999999980028933
2.56099310025846e-05,0.027925352499627,0.972074647500373,0.027925352499627,0.999999980028728
2.59665597293487e-05,0.0277330652221485,0.972266934777852,0.0277330652221485,0.999999980028524
2.63281546564802e-05,0.0275421009671541,0.972457899032846,0.0275421009671541,0.999999980028322
2.66947849403432e-05,0.0273524506464674,0.972647549353533,0.0273524506464674,0.999999980028122
2.70665207003324e-05,0.0271641052341206,0.972835894765879,0.0271641052341206,0.999999980027923
2.74434330322836e-05,0.0269770557659326,0.973022944234067,0.0269770557659326,0.999999980027725
2.78255940220713e-05,0.0267912933390888,0.973208706660911,0.0267912933390888,0.999999980027529
2.82130767593947e-05,0.0266068091117249,0.973393190888275,0.0266068091117249,0.999999980027334
2.86059553517574e-05,0.0264235943025121,0.973576405697488,0.0264235943025121,0.999999980027141
2.90043049386399e-05,0.0262416401902467,0.973758359809753,0.0262416401902467,0.999999980026949
2.94082017058706e-05,0.0260609381134407,0.973939061886559,0.0260609381134407,0.999999980026758
2.98177229001967e-05,0.0258814794699166,0.974118520530083,0.0258814794699166,0.999999980026569
3.02329468440578e-05,0.0257032557164041,0.974296744283596,0.0257032557164041,0.999999980026381
3.06539529505653e-05,0.0255262583681394,0.974473741631861,0.0255262583681394,0.999999980026195
3.10808217386906e-05,0.025350478998468,0.974649521001532,0.025350478998468,0.99999998002601
3.15136348486648e-05,0.0251759092384493,0.974824090761551,0.0251759092384493,0.999999980025826
3.19524750575921e-05,0.025002540776464,0.974997459223536,0.025002540776464,0.999999980025644
3.2397426295282e-05,0.0248303653578248,0.975169634642175,0.0248303653578248,0.999999980025463
3.28485736603005e-05,0.0246593747843885,0.975340625215611,0.0246593747843885,0.999999980025283
3.33060034362459e-05,0.024489560914172,0.975510439085828,0.024489560914172,0.999999980025104
3.37698031082509e-05,0.0243209156609697,0.97567908433903,0.0243209156609697,0.999999980024927
3.42400613797143e-05,0.0241534309939747,0.975846569006025,0.0241534309939747,0.999999980024751
3.47168681892656e-05,0.0239870989374011,0.976012901062599,0.0239870989374011,0.999999980024577
3.52003147279668e-05,0.02382191157011,0.97617808842989,0.02382191157011,0.999999980024403
3.56904934567523e-05,0.0236578610252376,0.976342138974762,0.0236578610252376,0.999999980024231
3.61874981241128e-05,0.0234949394898255,0.976505060510174,0.0234949394898255,0.99999998002406
3.66914237840249e-05,0.0233331392044538,0.976666860795546,0.0233331392044538,0.999999980023891
3.72023668141307e-05,0.0231724524628771,0.976827547537123,0.0231724524628771,0.999999980023722
3.772042493417e-05,0.0230128716116617,0.976987128388338,0.0230128716116617,0.999999980023555
3.824569722467e-05,0.0228543890498263,0.977145610950174,0.0228543890498263,0.999999980023389
3.87782841458945e-05,0.0226969972284852,0.977303002771515,0.0226969972284852,0.999999980023224
3.93182875570577e-05,0.0225406886504926,0.977459311349507,0.0225406886504926,0.99999998002306
3.98658107358044e-05,0.0223854558700912,0.977614544129909,0.0223854558700912,0.999999980022898
4.04209583979631e-05,0.0222312914925612,0.977768708507439,0.0222312914925612,0.999999980022737
4.09838367175726e-05,0.0220781881738731,0.977921811826127,0.0220781881738731,0.999999980022577
4.15545533471887e-05,0.0219261386203423,0.978073861379658,0.0219261386203423,0.999999980022418
4.21332174384729e-05,0.0217751355882858,0.978224864411714,0.0217751355882858,0.99999998002226
4.27199396630678e-05,0.0216251718836817,0.978374828116318,0.0216251718836817,0.999999980022103
4.3314832233764e-05,0.0214762403618307,0.978523759638169,0.0214762403618307,0.999999980021948
4.39180089259609e-05,0.0213283339270197,0.97867166607298,0.0213283339270197,0.999999980021793
4.45295850994265e-05,0.021181445532188,0.978818554467812,0.021181445532188,0.99999998002164
4.5149677720361e-05,0.0210355681785958,0.978964431821404,0.0210355681785958,0.999999980021488
4.57784053837662e-05,0.0208906949154943,0.979109305084506,0.0208906949154943,0.999999980021336
4.64158883361278e-05,0.0207468188397992,0.979253181160201,0.0207468188397992,0.999999980021186
4.70622484984128e-05,0.0206039330957648,0.979396066904235,0.0206039330957648,0.999999980021037
4.77176094893874e-05,0.0204620308746616,0.979537969125338,0.0204620308746616,0.99999998002089
4.83820966492596e-05,0.0203211054144559,0.979678894585544,0.0203211054144559,0.999999980020743
4.90558370636505e-05,0.0201811499994907,0.979818850000509,0.0201811499994907,0.999999980020597
4.97389595879007e-05,0.0200421579601697,0.97995784203983,0.0200421579601697,0.999999980020452
5.04315948717136e-05,0.0199041226726432,0.980095877327357,0.0199041226726432,0.999999980020308
5.11338753841432e-05,0.0197670375584954,0.980232962441505,0.0197670375584954,0.999999980020166
5.18459354389291e-05,0.019630896084435,0.980369103915565,0.019630896084435,0.999999980020024
5.25679112201842e-05,0.0194956917619872,0.980504308238013,0.0194956917619872,0.999999980019883
5.32999408084409e-05,0.0193614181471873,0.980638581852813,0.0193614181471873,0.999999980019744
5.40421642070591e-05,0.0192280688402776,0.980771931159722,0.0192280688402776,0.999999980019605
5.47947233690028e-05,0.0190956374854054,0.980904362514595,0.0190956374854054,0.999999980019467
5.55577622239888e-05,0.0189641177703233,0.981035882229677,0.0189641177703233,0.999999980019331
5.63314267060135e-05,0.0188335034260911,0.981166496573909,0.0188335034260911,0.999999980019195
5.71158647812644e-05,0.0187037882267812,0.981296211773219,0.0187037882267812,0.99999998001906
5.79112264764176e-05,0.0185749659891837,0.981425034010816,0.0185749659891837,0.999999980018927
5.87176639073326e-05,0.0184470305725157,0.981552969427484,0.0184470305725157,0.999999980018794
5.95353313081437e-05,0.0183199758781309,0.981680024121869,0.0183199758781309,0.999999980018662
6.03643850607586e-05,0.0181937958492323,0.981806204150768,0.0181937958492323,0.999999980018531
6.1204983724767e-05,0.0180684844705862,0.981931515529414,0.0180684844705862,0.999999980018401
6.2057288067765e-05,0.0179440357682379,0.982055964231762,0.0179440357682379,0.999999980018272
6.29214610961035e-05,0.0178204438092309,0.982179556190769,0.0178204438092309,0.999999980018144
6.37976680860628e-05,0.0176977027013252,0.982302297298675,0.0176977027013252,0.999999980018016
6.46860766154632e-05,0.0175758065927208,0.982424193407279,0.0175758065927208,0.99999998001789
6.55868565957144e-05,0.0174547496717803,0.98254525032822,0.0174547496717803,0.999999980017765
6.65001803043112e-05,0.0173345261667547,0.982665473833245,0.0173345261667547,0.99999998001764
6.74262224177835e-05,0.017215130345511,0.982784869654489,0.017215130345511,0.999999980017517
6.83651600451024e-05,0.0170965565152617,0.982903443484738,0.0170965565152617,0.999999980017394
6.9317172761554e-05,0.016978799022295,0.983021200977705,0.016978799022295,0.999999980017272
7.02824426430835e-05,0.0168618522517093,0.983138147748291,0.0168618522517093,0.999999980017151
7.12611543011175e-05,0.0167457106271465,0.983254289372854,0.0167457106271465,0.999999980017031
7.22534949178722e-05,0.0166303686105287,0.983369631389471,0.0166303686105287,0.999999980016912
7.32596542821523e-05,0.0165158207017975,0.983484179298203,0.0165158207017975,0.999999980016793
7.42798248256491e-05,0.0164020614386532,0.983597938561347,0.0164020614386532,0.999999980016676
7.53142016597438e-05,0.016289085396297,0.983710914603703,0.016289085396297,0.999999980016559
7.63629826128224e-05,0.0161768871871744,0.983823112812826,0.0161768871871744,0.999999980016443
7.74263682681128e-05,0.0160654614607206,0.983934538539279,0.0160654614607206,0.999999980016328
7.85045620020451e-05,0.015954802903108,0.984045197096892,0.015954802903108,0.999999980016213
7.95977700231498e-05,0.0158449062369942,0.984155093763006,0.0158449062369942,0.9999999800161
8.07062014114951e-05,0.0157357662212729,0.984264233778727,0.0157357662212729,0.999999980015987
8.18300681586739e-05,0.0156273776508263,0.984372622349174,0.0156273776508263,0.999999980015876
8.29695852083492e-05,0.0155197353562785,0.984480264643722,0.0155197353562785,0.999999980015764
8.41249704973612e-05,0.0154128342037513,0.984587165796249,0.0154128342037513,0.999999980015654
8.52964449974102e-05,0.0153066690946211,0.984693330905379,0.0153066690946211,0.999999980015545
8.64842327573173e-05,0.0152012349652783,0.984798765034722,0.0152012349652783,0.999999980015436
8.76885609458743e-05,0.0150965267868871,0.984903473213113,0.0150965267868871,0.999999980015328
8.89096598952917e-05,0.0149925395651479,0.985007460434852,0.0149925395651479,0.999999980015221
9.01477631452492e-05,0.014889268340061,0.985110731659939,0.014889268340061,0.999999980015114
9.14031074875622e-05,0.0147867081856918,0.985213291814308,0.0147867081856918,0.999999980015009
9.26759330114688e-05,0.014684854209938,0.985315145790062,0.014684854209938,0.999999980014904
9.39664831495469e-05,0.0145837015542977,0.985416298445702,0.0145837015542977,0.9999999800148
9.5275004724273e-05,0.0144832453936393,0.985516754606361,0.0144832453936393,0.999999980014696
9.66017479952265e-05,0.014383480935974,0.985616519064026,0.014383480935974,0.999999980014593
9.79469667069539e-05,0.0142844034222277,0.985715596577772,0.0142844034222277,0.999999980014491
9.9310918137498e-05,0.014186008126017,0.985813991873983,0.014186008126017,0.99999998001439
0.000100693863147603,0.0140882903534244,0.985911709646576,0.0140882903534244,0.99999998001429
0.000102096066230605,0.0139912454427766,0.986008754557223,0.0139912454427766,0.99999998001419
0.000103517795563018,0.0138948687644236,0.986105131235576,0.0138948687644236,0.999999980014091
0.000104959323055823,0.0137991557205195,0.986200844279481,0.0137991557205195,0.999999980013992
0.000106420924406472,0.0137041017448046,0.986295898255195,0.0137041017448046,0.999999980013895
0.000107902879151618,0.0136097023023896,0.98639029769761,0.0136097023023896,0.999999980013798
0.000109405470720574,0.0135159528895399,0.98648404711046,0.0135159528895399,0.999999980013701
0.000110928986489522,0.0134228490334634,0.986577150966537,0.0134228490334634,0.999999980013605
0.000112473717836475,0.0133303862920977,0.986669613707902,0.0133303862920977,0.999999980013511
0.000114039960197003,0.0132385602539002,0.9867614397461,0.0132385602539002,0.999999980013416
0.000115628013120738,0.0131473665376387,0.986852633462361,0.0131473665376387,0.999999980013322
0.00011723818032866,0.0130568007921841,0.986943199207816,0.0130568007921841,0.99999998001323
0.00011887076977119,0.012966858696304,0.987033141303696,0.012966858696304,0.999999980013137
0.000120526093687084,0.0128775359584581,0.987122464041542,0.0128775359584581,0.999999980013045
0.000122204468663149,0.0127888283165948,0.987211171683405,0.0127888283165948,0.999999980012955
0.000123906215694792,0.0127007315379488,0.987299268462051,0.0127007315379488,0.999999980012864
0.000125631660247412,0.0126132414188412,0.987386758581159,0.0126132414188412,0.999999980012774
0.000127381132318648,0.0125263537844797,0.98747364621552,0.0125263537844797,0.999999980012685
0.000129154966501488,0.0124400644887609,0.987559935511239,0.0124400644887609,0.999999980012597
0.000130953502048267,0.0123543694140732,0.987645630585927,0.0123543694140732,0.999999980012509
0.000132777082935543,0.0122692644711028,0.987730735528897,0.0122692644711028,0.999999980012422
0.000134626057929891,0.0121847455986384,0.987815254401362,0.0121847455986384,0.999999980012335
0.000136500780654601,0.0121008087633796,0.98789919123662,0.0121008087633796,0.999999980012249
0.000138401609657313,0.0120174499597453,0.987982550040255,0.0120174499597453,0.999999980012164
0.000140328908478587,0.0119346652096837,0.988065334790316,0.0119346652096837,0.999999980012079
0.000142283045721435,0.0118524505624837,0.988147549437516,0.0118524505624837,0.999999980011995
0.000144264395121816,0.0117708020945876,0.988229197905412,0.0117708020945876,0.999999980011911
0.000146273335620113,0.0116897159094046,0.988310284090595,0.0116897159094046,0.999999980011828
0.00014831025143361,0.0116091881371266,0.988390811862873,0.0116091881371266,0.999999980011746
0.000150375532129974,0.0115292149345443,0.988470785065456,0.0115292149345443,0.999999980011664
0.000152469572701757,0.0114497924848646,0.988550207515135,0.0114497924848646,0.999999980011582
0.000154592773641948,0.0113709169975298,0.98862908300247,0.0113709169975298,0.999999980011502
0.00015674554102056,0.0112925847080381,0.988707415291962,0.0112925847080381,0.999999980011422
0.000158928286562298,0.0112147918777641,0.988785208122236,0.0112147918777641,0.999999980011342
0.000161141427725302,0.0111375347937824,0.988862465206218,0.0111375347937824,0.999999980011263
0.000163385387780986,0.0110608097686905,0.988939190231309,0.0110608097686905,0.999999980011185
0.000165660595894992,0.0109846131404343,0.989015386859566,0.0109846131404343,0.999999980011107
0.000167967487209265,0.0109089412721345,0.989091058727866,0.0109089412721345,0.999999980011029
0.000170306502925284,0.0108337905519131,0.989166209448087,0.0108337905519131,0.999999980010952
0.000172678090388436,0.0107591573927232,0.989240842607277,0.0107591573927232,0.999999980010876
0.000175082703173572,0.0106850382321776,0.989314961767822,0.0106850382321776,0.9999999800108
0.000177520801171764,0.0106114295323803,0.98938857046762,0.0106114295323803,0.999999980010725
0.000179992850678248,0.0105383277797584,0.989461672220242,0.0105383277797584,0.99999998001065
0.000182499324481615,0.0104657294848953,0.989534270515105,0.0104657294848953,0.999999980010576
0.00018504070195423,0.0103936311823652,0.989606368817635,0.0103936311823652,0.999999980010503
0.000187617469143912,0.010322029430568,0.989677970569432,0.010322029430568,0.99999998001043
0.000190230118866895,0.0102509208115666,0.989749079188433,0.0102509208115666,0.999999980010357
0.000192879150802078,0.010180301930924,0.989819698069076,0.010180301930924,0.999999980010285
0.000195565071586595,0.0101101694175425,0.989889830582457,0.0101101694175425,0.999999980010213
0.000198288394912707,0.0100405199235034,0.989959480076497,0.0100405199235034,0.999999980010142
0.00020104964162605,0.00997135012390815,0.990028649876092,0.00997135012390815,0.999999980010072
0.000203849339825246,0.00990265671672008,0.99009734328328,0.00990265671672008,0.999999980010002
0.000206688024962908,0.00983443642260817,0.990165563577392,0.00983443642260817,0.999999980009932
0.000209566239948044,0.00976668598479058,0.990233314015209,0.00976668598479058,0.999999980009863
0.000212484535249888,0.00969940216888043,0.99030059783112,0.00969940216888043,0.999999980009794
0.000215443469003188,0.00963258176273207,0.990367418237268,0.00963258176273207,0.999999980009726
0.000218443607114943,0.00956622157628828,0.990433778423712,0.00956622157628828,0.999999980009659
0.000221485523372636,0.00950031844142896,0.990499681558571,0.00950031844142896,0.999999980009591
0.000224569799553978,0.00943486921182035,0.99056513078818,0.00943486921182035,0.999999980009525
0.000227697025538168,0.00936987076276574,0.990630129237234,0.00936987076276574,0.999999980009458
0.000230867799418717,0.00930531999105688,0.990694680008943,0.00930531999105688,0.999999980009393
0.000234082727617829,0.00924121381482679,0.990758786185173,0.00924121381482679,0.999999980009327
0.000237342425002387,0.00917754917340263,0.990822450826597,0.00917754917340263,0.999999980009262
0.000240647515001543,0.00911432302716109,0.990885676972839,0.00911432302716109,0.999999980009198
0.000243998629725955,0.00905153235738332,0.990948467642617,0.00905153235738332,0.999999980009134
0.000247396410088681,0.00898917416611178,0.991010825833888,0.00898917416611178,0.999999980009071
0.000250841505927754,0.00892724547600765,0.991072754523992,0.00892724547600765,0.999999980009008
0.000254334576130465,0.00886574333020906,0.991134256669791,0.00886574333020906,0.999999980008945
0.00025787628875938,0.00880466479219122,0.991195335207809,0.00880466479219122,0.999999980008883
0.000261467321180109,0.00874400694562605,0.991255993054374,0.00874400694562605,0.999999980008821
0.000265108360190854,0.00868376689424388,0.991316233105756,0.00868376689424388,0.99999998000876
0.000268800102153761,0.0086239417616959,0.991376058238304,0.0086239417616959,0.999999980008699
0.000272543253128103,0.00856452869141722,0.991435471308583,0.00856452869141722,0.999999980008639
0.000276338529005317,0.00850552484649114,0.991494475153509,0.00850552484649114,0.999999980008578
0.00028018665564592,0.00844692740951425,0.991553072590486,0.00844692740951425,0.999999980008519
0.00028408836901833,0.00838873358246228,0.991611266417538,0.00838873358246228,0.99999998000846
0.00028804441533963,0.00833094058655737,0.991669059413443,0.00833094058655737,0.999999980008401
0.000292055551218275,0.00827354566213589,0.991726454337864,0.00827354566213589,0.999999980008343
0.000296122543798804,0.00821654606851696,0.991783453931483,0.00821654606851696,0.999999980008285
0.000300246170908555,0.00815993908387225,0.991840060916128,0.00815993908387225,0.999999980008227
0.00030442722120643,0.00810372200509657,0.991896277994903,0.00810372200509657,0.99999998000817
0.000308666494333727,0.00804789214767943,0.991952107852321,0.00804789214767943,0.999999980008113
0.000312964801067075,0.00799244684557698,0.992007553154423,0.00799244684557698,0.999999980008057
0.000317322963473498,0.00793738345108563,0.992062616548914,0.00793738345108563,0.999999980008001
0.000321741815067637,0.00788269933471586,0.992117300665284,0.00788269933471586,0.999999980007945
0.000326222200971167,0.00782839188506712,0.992171608114933,0.00782839188506712,0.99999998000789
0.000330764978074424,0.00777445850870373,0.992225541491296,0.00777445850870373,0.999999980007835
0.000335371015200293,0.00772089663003173,0.992279103369968,0.00772089663003173,0.999999980007781
0.000340041193270371,0.00766770369117575,0.992332296308824,0.00766770369117575,0.999999980007727
0.000344776405473446,0.00761487715185771,0.992385122848142,0.00761487715185771,0.999999980007673
0.000349577557436327,0.00756241448927619,0.992437585510724,0.00756241448927619,0.99999998000762
0.000354445567397044,0.00751031319798579,0.992489686802014,0.00751031319798579,0.999999980007567
0.000359381366380463,0.00745857078977852,0.992541429210221,0.00745857078977852,0.999999980007515
0.000364385898376355,0.00740718479356495,0.992592815206435,0.00740718479356495,0.999999980007462
0.00036946012051993,0.00735615275525692,0.992643847244743,0.00735615275525692,0.999999980007411
0.000374605003274899,0.00730547223765077,0.992694527762349,0.00730547223765077,0.999999980007359
0.000379821530619074,0.0072551408203112,0.992744859179689,0.0072551408203112,0.999999980007308
0.000385110700232557,0.00720515609945593,0.992794843900544,0.00720515609945593,0.999999980007257
0.000390473523688556,0.00715551568784178,0.992844484312158,0.00715551568784178,0.999999980007207
0.000395911026646846,0.00710621721465088,0.992893782785349,0.00710621721465088,0.999999980007157
0.000401424249049932,0.0070572583253774,0.992942741674623,0.0070572583253774,0.999999980007107
0.000407014245321944,0.00700863668171614,0.992991363318284,0.00700863668171614,0.999999980007058
0.000412682084570295,0.0069603499614509,0.993039650038549,0.0069603499614509,0.999999980007009
0.000418428850790158,0.00691239585834391,0.993087604141656,0.00691239585834391,0.99999998000696
0.000424255643071778,0.00686477208202607,0.993135227917974,0.00686477208202607,0.999999980006912
0.000430163575810679,0.00681747635788832,0.993182523642112,0.00681747635788832,0.999999980006864
0.000436153778920801,0.00677050642697263,0.993229493573027,0.00677050642697263,0.999999980006817
0.00044222739805059,0.006723860045865,0.993276139954135,0.006723860045865,0.999999980006769
0.000448385594802119,0.00667753498658874,0.993322465013411,0.00667753498658874,0.999999980006722
0.00045462954695324,0.006631529036498,0.993368470963502,0.006631529036498,0.999999980006676
0.000460960448682843,0.00658583999817253,0.993414160001827,0.00658583999817253,0.999999980006629
0.000467379510799246,0.00654046568931332,0.993459534310687,0.00654046568931332,0.999999980006584
0.000473887960971765,0.00649540394263848,0.993504596057362,0.00649540394263848,0.999999980006538
0.000480487043965513,0.00645065260578015,0.99354934739422,0.00645065260578015,0.999999980006492
0.000487178021879463,0.00640620954118187,0.993593790458818,0.00640620954118187,0.999999980006448
0.000493962174387832,0.00636207262599697,0.993637927374003,0.00636207262599697,0.999999980006403
0.000500840798984821,0.00631823975198731,0.993681760248013,0.00631823975198731,0.999999980006358
0.000507815211232767,0.00627470882542303,0.993725291174577,0.00627470882542303,0.999999980006314
0.00051488674501375,0.00623147776698296,0.993768522233017,0.00623147776698296,0.99999998000627
0.000522056752784698,0.00618854451165529,0.993811455488345,0.00618854451165529,0.999999980006227
0.000529326605836056,0.00614590700863926,0.993854092991361,0.00614590700863926,0.999999980006184
0.000536697694554048,0.00610356322124794,0.993896436778752,0.00610356322124794,0.999999980006141
0.000544171428686589,0.00606151112681064,0.993938488873189,0.00606151112681064,0.999999980006098
0.000551749237612913,0.00601974871657684,0.993980251283423,0.00601974871657684,0.999999980006056
0.000559432570616938,0.00597827399562068,0.994021726004379,0.00597827399562068,0.999999980006014
0.000567222897164455,0.00593708498274581,0.994062915017254,0.00593708498274581,0.999999980005973
0.000575121707184161,0.00589617971039069,0.994103820289609,0.00589617971039069,0.999999980005931
0.000583130511352622,0.00585555622453549,0.994144443775465,0.00585555622453549,0.99999998000589
0.000591250841383188,0.00581521258460849,0.994184787415392,0.00581521258460849,0.999999980005849
0.000599484250318941,0.00577514686339409,0.994224853136606,0.00577514686339409,0.999999980005809
0.000607832312829724,0.0057353571469404,0.99426464285306,0.0057353571469404,0.999999980005768
0.000616296625513294,0.00569584153446878,0.994304158465531,0.00569584153446878,0.999999980005729
0.000624878807200689,0.00565659813828268,0.994343401861717,0.00565659813828268,0.999999980005689
0.000633580499265825,0.00561762508367813,0.994382374916322,0.00561762508367813,0.999999980005649
0.000642403365939419,0.00557892050885422,0.994421079491146,0.00557892050885422,0.99999998000561
0.000651349094627281,0.00554048256482442,0.994459517435176,0.00554048256482442,0.999999980005571
0.000660419396233031,0.00550230941532837,0.994497690584672,0.00550230941532837,0.999999980005533
0.000669616005485322,0.0054643992367448,0.994535600763255,0.0054643992367448,0.999999980005494
0.000678940681269611,0.00542675021800432,0.994573249781996,0.00542675021800432,0.999999980005456
0.00068839520696455,0.00538936056050288,0.994610639439497,0.00538936056050288,0.999999980005419
0.000697981390783067,0.00535222847801664,0.994647771521983,0.00535222847801664,0.999999980005381
0.000707701066118189,0.00531535219661672,0.994684647803383,0.00531535219661672,0.999999980005344
0.000717556091893692,0.005278729954584,0.994721270045416,0.005278729954584,0.999999980005307
0.000727548352919623,0.00524236000232636,0.994757639997674,0.00524236000232636,0.99999998000527
0.000737679760252773,0.00520624060229413,0.994793759397706,0.00520624060229413,0.999999980005233
0.000747952251562183,0.00517037002889797,0.994829629971102,0.00517037002889797,0.999999980005197
0.000758367791499719,0.00513474656842672,0.994865253431573,0.00513474656842672,0.999999980005161
0.000768928372075831,0.00509936851896509,0.994900631481035,0.00509936851896509,0.999999980005125
0.000779636013040524,0.0050642341903131,0.994935765809687,0.0050642341903131,0.99999998000509
0.000790492762269642,0.00502934190390558,0.994970658096094,0.00502934190390558,0.999999980005055
0.000801500696156541,0.00499468999273156,0.995005310007268,0.00499468999273156,0.99999998000502
0.000812661920009195,0.00496027680125566,0.995039723198744,0.00496027680125566,0.999999980004985
0.000823978568452851,0.00492610068533827,0.995073899314662,0.00492610068533827,0.99999998000495
0.000835452805838287,0.00489216001215798,0.995107839987842,0.00489216001215798,0.999999980004916
0.00084708682665574,0.00485845316013345,0.995141546839867,0.00485845316013345,0.999999980004882
0.000858882855954626,0.00482497851884589,0.995175021481154,0.00482497851884589,0.999999980004848
0.000870843149769072,0.00479173448896264,0.995208265511037,0.00479173448896264,0.999999980004815
0.000882969995549408,0.00475871948216067,0.995241280517839,0.00475871948216067,0.999999980004781
0.00089526571259964,0.0047259319210512,0.995274068078949,0.0047259319210512,0.999999980004748
0.000907732652521022,0.0046933702391041,0.995306629760896,0.0046933702391041,0.999999980004716
0.000920373199661823,0.0046610328805734,0.995338967119427,0.0046610328805734,0.999999980004683
0.000933189771573324,0.00462891830042333,0.995371081699577,0.00462891830042333,0.99999998000465
0.000946184819472199,0.0045970249642544,0.995402975035746,0.0045970249642544,0.999999980004618
0.000959360828709315,0.00456535134823011,0.99543464865177,0.00456535134823011,0.999999980004586
0.000972720319245054,0.00453389593900477,0.995466104060995,0.00453389593900477,0.999999980004554
0.000986265846131283,0.00450265723365106,0.995497342766349,0.00450265723365106,0.999999980004523
0.001,0.00447163373958814,0.995528366260412,0.00447163373958814,0.999999980004492
